frame_id,video,bbox,subset,method,cluster_label,is_noise,is_core_sample,distance_to_cluster_mean
1320,LGH020002,"[0.398438, 0.069444, 0.059375, 0.094444]",train,dbscam_euclidean,0,False,True,0.532232403755188
1320,LGH020002,"[0.442708, 0.381481, 0.038542, 0.044444]",train,dbscam_euclidean,0,False,True,0.2921236753463745
1320,LGH020002,"[0.533594, 0.141204, 0.042188, 0.039815]",train,dbscam_euclidean,0,False,True,0.23977136611938477
1320,LGH020002,"[0.31849, 0.375926, 0.035937, 0.031481]",train,dbscam_euclidean,0,False,True,0.2498660832643509
1320,LGH020002,"[0.961719, 0.762037, 0.072396, 0.040741]",train,dbscam_euclidean,0,False,True,0.3406890630722046
1320,LGH020002,"[0.927344, 0.169444, 0.078646, 0.051852]",train,dbscam_euclidean,0,False,True,0.39326170086860657
1320,LGH020002,"[0.41901, 0.5375, 0.030729, 0.017593]",train,dbscam_euclidean,0,False,True,0.324947327375412
1320,LGH020002,"[0.596875, 0.538889, 0.058333, 0.037037]",train,dbscam_euclidean,0,False,True,0.2744707763195038
1320,LGH020002,"[0.507031, 0.506944, 0.031771, 0.047222]",train,dbscam_euclidean,0,False,True,0.3348708152770996
1320,LGH020002,"[0.46875, 0.97963, 0.025, 0.038889]",train,dbscam_euclidean,0,False,True,0.2523256838321686
1320,LGH020002,"[0.79401, 0.337963, 0.050521, 0.033333]",train,dbscam_euclidean,0,False,True,0.2312520146369934
1320,LGH020002,"[0.64974, 0.664815, 0.022396, 0.031481]",train,dbscam_euclidean,0,False,True,0.20172151923179626
1320,LGH020002,"[0.453646, 0.477778, 0.032292, 0.012963]",train,dbscam_euclidean,0,False,True,0.3630047142505646
1320,LGH020002,"[0.604948, 0.222222, 0.050521, 0.025926]",train,dbscam_euclidean,0,False,True,0.32937371730804443
1320,LGH020002,"[0.370833, 0.890741, 0.025, 0.05]",train,dbscam_euclidean,0,False,True,0.22635753452777863
1320,LGH020002,"[0.53099, 0.77037, 0.027604, 0.035185]",train,dbscam_euclidean,0,False,True,0.23262940347194672
1320,LGH020002,"[0.349479, 0.645833, 0.044792, 0.065741]",train,dbscam_euclidean,0,False,True,0.422702431678772
1320,LGH020002,"[0.515625, 0.254167, 0.042708, 0.017593]",train,dbscam_euclidean,0,False,True,0.3388158679008484
1320,LGH020002,"[0.436458, 0.668981, 0.028125, 0.049074]",train,dbscam_euclidean,0,False,True,0.2790420353412628
1320,LGH020002,"[0.323437, 0.397222, 0.025, 0.014815]",train,dbscam_euclidean,0,False,True,0.34291303157806396
1320,LGH020002,"[0.957552, 0.989815, 0.042188, 0.018519]",train,dbscam_euclidean,0,False,True,0.283579558134079
1320,LGH020002,"[0.796875, 0.248611, 0.034375, 0.034259]",train,dbscam_euclidean,0,False,True,0.22924119234085083
1320,LGH020002,"[0.500521, 0.3125, 0.026042, 0.012037]",train,dbscam_euclidean,0,False,True,0.36945441365242004
1320,LGH020002,"[0.403646, 0.486574, 0.030208, 0.026852]",train,dbscam_euclidean,0,False,True,0.25367486476898193
1320,LGH020002,"[0.175, 0.774074, 0.059375, 0.033333]",train,dbscam_euclidean,0,False,True,0.2709757685661316
1320,LGH020002,"[0.488802, 0.971296, 0.013021, 0.033333]",train,dbscam_euclidean,0,False,True,0.40526819229125977
1320,LGH020002,"[0.551562, 0.891204, 0.0125, 0.015741]",train,dbscam_euclidean,0,False,True,0.4161017835140228
1320,LGH020002,"[0.62474, 0.699074, 0.010937, 0.02963]",train,dbscam_euclidean,0,False,True,0.3794301748275757
1320,LGH020002,"[0.679427, 0.637963, 0.052604, 0.033333]",train,dbscam_euclidean,0,False,True,0.2932048738002777
1320,LGH020002,"[0.532292, 0.281481, 0.015625, 0.02037]",train,dbscam_euclidean,0,False,True,0.33336320519447327
1320,LGH020002,"[0.710938, 0.493519, 0.0375, 0.046296]",train,dbscam_euclidean,0,False,True,0.2420552670955658
1320,LGH020002,"[0.633333, 0.933796, 0.038542, 0.032407]",train,dbscam_euclidean,0,False,True,0.2515113055706024
1320,LGH020002,"[0.89401, 0.759722, 0.059896, 0.047222]",train,dbscam_euclidean,0,False,True,0.2979593276977539
1320,LGH020002,"[0.551823, 0.721759, 0.048438, 0.032407]",train,dbscam_euclidean,0,False,True,0.24071760475635529
1320,LGH020002,"[0.723437, 0.442593, 0.025, 0.037037]",train,dbscam_euclidean,0,False,True,0.2144528329372406
1320,LGH020002,"[0.808073, 0.761111, 0.051562, 0.038889]",train,dbscam_euclidean,0,False,True,0.29504314064979553
1320,LGH020002,"[0.359896, 0.7375, 0.030208, 0.037963]",train,dbscam_euclidean,0,False,True,0.2059752196073532
1320,LGH020002,"[0.240625, 0.364815, 0.0375, 0.016667]",train,dbscam_euclidean,0,False,True,0.31509172916412354
1320,LGH020002,"[0.552865, 0.691667, 0.025521, 0.02037]",train,dbscam_euclidean,0,False,True,0.3452623784542084
1320,LGH020002,"[0.630729, 0.363426, 0.033333, 0.023148]",train,dbscam_euclidean,0,False,True,0.226336270570755
1320,LGH020002,"[0.75651, 0.828704, 0.063021, 0.046296]",train,dbscam_euclidean,0,False,True,0.33216866850852966
1320,LGH020002,"[0.964063, 0.340741, 0.009375, 0.014815]",train,dbscam_euclidean,0,False,True,0.4094057083129883
1320,LGH020002,"[0.774479, 0.288426, 0.034375, 0.067593]",train,dbscam_euclidean,0,False,True,0.3871693015098572
1320,LGH020002,"[0.632031, 0.608796, 0.039062, 0.023148]",train,dbscam_euclidean,0,False,True,0.2940627932548523
1320,LGH020002,"[0.236719, 0.450926, 0.038021, 0.02037]",train,dbscam_euclidean,0,False,True,0.30396777391433716
1320,LGH020002,"[0.671875, 0.766204, 0.038542, 0.043519]",train,dbscam_euclidean,0,False,True,0.28872111439704895
1320,LGH020002,"[0.59974, 0.900926, 0.027604, 0.042593]",train,dbscam_euclidean,0,False,True,0.26303237676620483
1320,LGH020002,"[0.383854, 0.805093, 0.027083, 0.060185]",train,dbscam_euclidean,0,False,True,0.3201915919780731
1320,LGH020002,"[0.611198, 0.625, 0.017188, 0.016667]",train,dbscam_euclidean,0,False,True,0.32595255970954895
1320,LGH020002,"[0.535677, 0.563889, 0.061979, 0.048148]",train,dbscam_euclidean,0,False,True,0.3663989007472992
1320,LGH020002,"[0.505469, 0.695833, 0.026562, 0.025]",train,dbscam_euclidean,0,False,True,0.2663455009460449
1320,LGH020002,"[0.61849, 0.344907, 0.023438, 0.021296]",train,dbscam_euclidean,0,False,True,0.23286807537078857
1320,LGH020002,"[0.594531, 0.685648, 0.045312, 0.030556]",train,dbscam_euclidean,0,False,True,0.24801820516586304
1320,LGH020002,"[0.578385, 0.725926, 0.028646, 0.007407]",train,dbscam_euclidean,0,False,True,0.482263445854187
1320,LGH020002,"[0.969531, 0.860185, 0.009896, 0.012963]",train,dbscam_euclidean,0,False,True,0.38251993060112
1320,LGH020002,"[0.607552, 0.837037, 0.033854, 0.088889]",train,dbscam_euclidean,0,False,True,0.4109944701194763
1320,LGH020002,"[0.642969, 0.857407, 0.031771, 0.022222]",train,dbscam_euclidean,0,False,True,0.2374894618988037
1320,LGH020002,"[0.43151, 0.709259, 0.027604, 0.027778]",train,dbscam_euclidean,0,False,True,0.22102369368076324
1320,LGH020002,"[0.382031, 0.950463, 0.043229, 0.071296]",train,dbscam_euclidean,0,False,True,0.37813177704811096
1320,LGH020002,"[0.455729, 0.754167, 0.027083, 0.065741]",train,dbscam_euclidean,0,False,True,0.3610193431377411
1320,LGH020002,"[0.673438, 0.961574, 0.036458, 0.019444]",train,dbscam_euclidean,0,False,True,0.2695847451686859
1320,LGH020002,"[0.936979, 0.889352, 0.091667, 0.043519]",train,dbscam_euclidean,0,False,True,0.4343976676464081
1320,LGH020002,"[0.576823, 0.353704, 0.015104, 0.024074]",train,dbscam_euclidean,0,False,True,0.3191640377044678
1320,LGH020002,"[0.729948, 0.758333, 0.039062, 0.072222]",train,dbscam_euclidean,0,False,True,0.4125317335128784
1320,LGH020002,"[0.56849, 0.906481, 0.007812, 0.022222]",train,dbscam_euclidean,0,False,True,0.45814216136932373
1320,LGH020002,"[0.583594, 0.982407, 0.020313, 0.033333]",train,dbscam_euclidean,0,False,True,0.22338521480560303
1320,LGH020002,"[0.454167, 0.608333, 0.026042, 0.033333]",train,dbscam_euclidean,0,False,True,0.24297165870666504
1320,LGH020002,"[0.91224, 0.858796, 0.040104, 0.030556]",train,dbscam_euclidean,0,False,True,0.2255954146385193
1320,LGH020002,"[0.451823, 0.918981, 0.021354, 0.05463]",train,dbscam_euclidean,0,False,True,0.25343725085258484
1320,LGH020002,"[0.394531, 0.612037, 0.040104, 0.031481]",train,dbscam_euclidean,0,False,True,0.2150641828775406
1320,LGH020002,"[0.400521, 0.671296, 0.0375, 0.022222]",train,dbscam_euclidean,0,False,True,0.29917842149734497
1320,LGH020002,"[0.627865, 0.747685, 0.039062, 0.032407]",train,dbscam_euclidean,0,False,True,0.23972617089748383
1320,LGH020002,"[0.678646, 0.696759, 0.017708, 0.039815]",train,dbscam_euclidean,0,False,True,0.23981210589408875
1320,LGH020002,"[0.58776, 0.8, 0.035937, 0.074074]",train,dbscam_euclidean,0,False,True,0.39081457257270813
1320,LGH020002,"[0.480208, 0.885185, 0.016667, 0.033333]",train,dbscam_euclidean,0,False,True,0.40062642097473145
1320,LGH020002,"[0.597656, 0.38287, 0.038021, 0.041667]",train,dbscam_euclidean,0,False,True,0.27854815125465393
1320,LGH020002,"[0.517708, 0.268519, 0.046875, 0.046296]",train,dbscam_euclidean,0,False,True,0.2971412241458893
1320,LGH020002,"[0.45625, 0.5125, 0.0125, 0.013889]",train,dbscam_euclidean,0,False,True,0.44237348437309265
1320,LGH020002,"[0.469531, 0.518056, 0.039062, 0.026852]",train,dbscam_euclidean,0,False,True,0.33500903844833374
1320,LGH020002,"[0.559553, 0.602702, 0.044665, 0.054039]",train,dbscam_euclidean,0,False,True,0.30064186453819275
1320,LGH020002,"[0.400124, 0.307692, 0.021092, 0.070582]",train,dbscam_euclidean,0,False,True,0.3536672592163086
1320,LGH020002,"[0.970533, 0.453819, 0.057692, 0.067273]",train,dbscam_euclidean,0,False,True,0.4051763713359833
660,LGH020002,"[0.152083, 0.641204, 0.157292, 0.102778]",train,dbscam_euclidean,0,False,False,0.5526511669158936
660,LGH020002,"[0.247135, 0.65, 0.060937, 0.05]",train,dbscam_euclidean,0,False,True,0.28924769163131714
660,LGH020002,"[0.476562, 0.446759, 0.019792, 0.049074]",train,dbscam_euclidean,0,False,True,0.24234548211097717
660,LGH020002,"[0.454167, 0.775926, 0.066667, 0.046296]",train,dbscam_euclidean,0,False,True,0.30058521032333374
660,LGH020002,"[0.35026, 0.655093, 0.028646, 0.043519]",train,dbscam_euclidean,0,False,True,0.27182140946388245
660,LGH020002,"[0.420052, 0.165741, 0.046354, 0.211111]",train,dbscam_euclidean,-1,True,False,
660,LGH020002,"[0.363802, 0.731944, 0.078646, 0.076852]",train,dbscam_euclidean,0,False,True,0.44622883200645447
660,LGH020002,"[0.234635, 0.451852, 0.081771, 0.103704]",train,dbscam_euclidean,0,False,True,0.5603475570678711
660,LGH020002,"[0.647135, 0.488426, 0.039062, 0.037963]",train,dbscam_euclidean,0,False,True,0.2546030580997467
660,LGH020002,"[0.439323, 0.570833, 0.070312, 0.09537]",train,dbscam_euclidean,0,False,True,0.5005767941474915
660,LGH020002,"[0.447135, 0.518981, 0.063021, 0.037963]",train,dbscam_euclidean,0,False,True,0.29287806153297424
660,LGH020002,"[0.946354, 0.818981, 0.10625, 0.052778]",train,dbscam_euclidean,0,False,True,0.47678515315055847
660,LGH020002,"[0.834896, 0.355093, 0.072917, 0.075]",train,dbscam_euclidean,0,False,True,0.4668530821800232
660,LGH020002,"[0.227083, 0.126852, 0.028125, 0.025926]",train,dbscam_euclidean,0,False,True,0.26120516657829285
660,LGH020002,"[0.541406, 0.409722, 0.065104, 0.069444]",train,dbscam_euclidean,0,False,True,0.39022427797317505
660,LGH020002,"[0.713802, 0.641204, 0.043229, 0.060185]",train,dbscam_euclidean,0,False,True,0.3067691922187805
660,LGH020002,"[0.620573, 0.551852, 0.035937, 0.051852]",train,dbscam_euclidean,0,False,True,0.2498282492160797
660,LGH020002,"[0.622656, 0.43287, 0.036979, 0.021296]",train,dbscam_euclidean,0,False,True,0.3265761435031891
660,LGH020002,"[0.759635, 0.118981, 0.034896, 0.060185]",train,dbscam_euclidean,0,False,True,0.3255932033061981
660,LGH020002,"[0.698177, 0.516204, 0.043229, 0.076852]",train,dbscam_euclidean,0,False,True,0.3392532467842102
660,LGH020002,"[0.708333, 0.963426, 0.030208, 0.028704]",train,dbscam_euclidean,0,False,True,0.2919473350048065
660,LGH020002,"[0.013542, 0.679167, 0.027083, 0.028704]",train,dbscam_euclidean,0,False,True,0.3009190559387207
660,LGH020002,"[0.590365, 0.633796, 0.025521, 0.062037]",train,dbscam_euclidean,0,False,True,0.3052009046077728
660,LGH020002,"[0.626823, 0.715741, 0.056771, 0.038889]",train,dbscam_euclidean,0,False,True,0.25308912992477417
660,LGH020002,"[0.564583, 0.823611, 0.0625, 0.028704]",train,dbscam_euclidean,0,False,True,0.2873398959636688
660,LGH020002,"[0.304167, 0.34213, 0.039583, 0.028704]",train,dbscam_euclidean,0,False,True,0.2953844964504242
660,LGH020002,"[0.573698, 0.752778, 0.008854, 0.018519]",train,dbscam_euclidean,0,False,True,0.4633677005767822
660,LGH020002,"[0.614323, 0.532407, 0.032813, 0.02037]",train,dbscam_euclidean,0,False,True,0.3921148180961609
660,LGH020002,"[0.957812, 0.393519, 0.026042, 0.02963]",train,dbscam_euclidean,0,False,True,0.3008861243724823
660,LGH020002,"[0.627083, 0.614815, 0.039583, 0.048148]",train,dbscam_euclidean,0,False,True,0.23229652643203735
660,LGH020002,"[0.925521, 0.691667, 0.070833, 0.064815]",train,dbscam_euclidean,0,False,True,0.3937024176120758
660,LGH020002,"[0.526042, 0.597222, 0.016667, 0.018519]",train,dbscam_euclidean,0,False,True,0.4427613914012909
660,LGH020002,"[0.491927, 0.72037, 0.060937, 0.125926]",train,dbscam_euclidean,0,False,True,0.48869019746780396
660,LGH020002,"[0.420312, 0.485648, 0.022917, 0.032407]",train,dbscam_euclidean,0,False,True,0.30563095211982727
660,LGH020002,"[0.382552, 0.986574, 0.018229, 0.025]",train,dbscam_euclidean,0,False,True,0.4013172388076782
660,LGH020002,"[0.614323, 0.025, 0.026562, 0.05]",train,dbscam_euclidean,0,False,True,0.3152901530265808
660,LGH020002,"[0.673177, 0.922685, 0.033854, 0.043519]",train,dbscam_euclidean,0,False,True,0.23920664191246033
660,LGH020002,"[0.699219, 0.581481, 0.016146, 0.042593]",train,dbscam_euclidean,0,False,True,0.36204439401626587
660,LGH020002,"[0.767969, 0.875, 0.068229, 0.075926]",train,dbscam_euclidean,0,False,True,0.40441182255744934
660,LGH020002,"[0.460677, 0.543056, 0.029687, 0.030556]",train,dbscam_euclidean,0,False,True,0.27040329575538635
660,LGH020002,"[0.50651, 0.64537, 0.024479, 0.037037]",train,dbscam_euclidean,0,False,True,0.3324705958366394
660,LGH020002,"[0.722396, 0.988889, 0.01875, 0.02037]",train,dbscam_euclidean,0,False,True,0.391659140586853
660,LGH020002,"[0.66224, 0.435185, 0.016146, 0.012963]",train,dbscam_euclidean,0,False,True,0.44415897130966187
660,LGH020002,"[0.408854, 0.256944, 0.026042, 0.037963]",train,dbscam_euclidean,0,False,True,0.35132673382759094
660,LGH020002,"[0.250521, 0.886111, 0.063542, 0.061111]",train,dbscam_euclidean,0,False,True,0.3484916090965271
660,LGH020002,"[0.736458, 0.785185, 0.026042, 0.044444]",train,dbscam_euclidean,0,False,True,0.2551123797893524
660,LGH020002,"[0.554688, 0.467593, 0.019792, 0.022222]",train,dbscam_euclidean,0,False,True,0.4167463481426239
660,LGH020002,"[0.525781, 0.67037, 0.014063, 0.046296]",train,dbscam_euclidean,0,False,True,0.35947567224502563
660,LGH020002,"[0.45, 0.606481, 0.007292, 0.038889]",train,dbscam_euclidean,0,False,True,0.4635140001773834
660,LGH020002,"[0.486719, 0.689815, 0.048438, 0.061111]",train,dbscam_euclidean,0,False,True,0.29479944705963135
660,LGH020002,"[0.783189, 0.475875, 0.113524, 0.051833]",train,dbscam_euclidean,0,False,False,0.5496951341629028
660,LGH020002,"[0.473945, 0.872898, 0.063275, 0.115798]",train,dbscam_euclidean,0,False,True,0.527488112449646
660,LGH020002,"[0.55304, 0.204025, 0.030397, 0.06617]",train,dbscam_euclidean,0,False,True,0.2820880711078644
60,LGH020002,"[0.285938, 0.009722, 0.030208, 0.019444]",train,dbscam_euclidean,0,False,True,0.2941930294036865
60,LGH020002,"[0.436198, 0.228241, 0.111979, 0.084259]",train,dbscam_euclidean,-1,True,False,
60,LGH020002,"[0.504948, 0.225463, 0.028646, 0.030556]",train,dbscam_euclidean,0,False,True,0.22477635741233826
60,LGH020002,"[0.97474, 0.181944, 0.049479, 0.041667]",train,dbscam_euclidean,0,False,True,0.30569255352020264
60,LGH020002,"[0.708073, 0.936111, 0.035937, 0.022222]",train,dbscam_euclidean,0,False,True,0.2856137156486511
60,LGH020002,"[0.377344, 0.367593, 0.055729, 0.02963]",train,dbscam_euclidean,0,False,True,0.2645301818847656
60,LGH020002,"[0.652344, 0.372222, 0.053646, 0.037037]",train,dbscam_euclidean,0,False,True,0.2849125266075134
60,LGH020002,"[0.098437, 0.513426, 0.138542, 0.080556]",train,dbscam_euclidean,-1,True,False,
60,LGH020002,"[0.479427, 0.092593, 0.067187, 0.125926]",train,dbscam_euclidean,-1,True,False,
60,LGH020002,"[0.28125, 0.262963, 0.061458, 0.048148]",train,dbscam_euclidean,0,False,True,0.34336429834365845
60,LGH020002,"[0.679688, 0.310648, 0.045833, 0.082407]",train,dbscam_euclidean,0,False,True,0.4650033414363861
60,LGH020002,"[0.622656, 0.884722, 0.009896, 0.017593]",train,dbscam_euclidean,0,False,True,0.3788749575614929
60,LGH020002,"[0.782813, 0.315278, 0.071875, 0.037963]",train,dbscam_euclidean,0,False,True,0.3238542973995209
60,LGH020002,"[0.727865, 0.202315, 0.055729, 0.026852]",train,dbscam_euclidean,0,False,True,0.3477349579334259
60,LGH020002,"[0.075781, 0.022222, 0.015104, 0.025926]",train,dbscam_euclidean,0,False,True,0.3102746307849884
60,LGH020002,"[0.497917, 0.474074, 0.055208, 0.051852]",train,dbscam_euclidean,0,False,True,0.39263609051704407
60,LGH020002,"[0.546354, 0.969907, 0.009375, 0.017593]",train,dbscam_euclidean,0,False,True,0.38541728258132935
60,LGH020002,"[0.910677, 0.405093, 0.040104, 0.021296]",train,dbscam_euclidean,0,False,True,0.281583696603775
60,LGH020002,"[0.966927, 0.225463, 0.033854, 0.023148]",train,dbscam_euclidean,0,False,True,0.2307661473751068
60,LGH020002,"[0.540885, 0.396296, 0.021354, 0.02037]",train,dbscam_euclidean,0,False,True,0.3576899766921997
60,LGH020002,"[0.710417, 0.774537, 0.051042, 0.091667]",train,dbscam_euclidean,0,False,True,0.504330039024353
60,LGH020002,"[0.375521, 0.625926, 0.027083, 0.048148]",train,dbscam_euclidean,0,False,True,0.2826671004295349
60,LGH020002,"[0.588802, 0.349074, 0.023438, 0.040741]",train,dbscam_euclidean,0,False,True,0.2417415827512741
60,LGH020002,"[0.351042, 0.073611, 0.071875, 0.14537]",train,dbscam_euclidean,-1,True,False,
60,LGH020002,"[0.704688, 0.310648, 0.013542, 0.039815]",train,dbscam_euclidean,0,False,True,0.2677213251590729
60,LGH020002,"[0.945312, 0.279167, 0.054167, 0.023148]",train,dbscam_euclidean,0,False,True,0.3425368368625641
60,LGH020002,"[0.503646, 0.653704, 0.041667, 0.068519]",train,dbscam_euclidean,0,False,True,0.38479000329971313
60,LGH020002,"[0.624479, 0.168056, 0.020833, 0.015741]",train,dbscam_euclidean,0,False,True,0.3638702929019928
60,LGH020002,"[0.70625, 0.59537, 0.021875, 0.031481]",train,dbscam_euclidean,0,False,True,0.1955486238002777
60,LGH020002,"[0.8875, 0.327778, 0.039583, 0.112963]",train,dbscam_euclidean,0,False,True,0.48082435131073
60,LGH020002,"[0.463021, 0.391204, 0.019792, 0.036111]",train,dbscam_euclidean,0,False,True,0.22805297374725342
60,LGH020002,"[0.21901, 0.801389, 0.078646, 0.058333]",train,dbscam_euclidean,0,False,True,0.4597449004650116
60,LGH020002,"[0.771875, 0.171296, 0.0375, 0.057407]",train,dbscam_euclidean,0,False,True,0.344267874956131
60,LGH020002,"[0.585417, 0.440278, 0.026042, 0.036111]",train,dbscam_euclidean,0,False,True,0.21713601052761078
60,LGH020002,"[0.098698, 0.863889, 0.116146, 0.085185]",train,dbscam_euclidean,-1,True,False,
60,LGH020002,"[0.714323, 0.516204, 0.041146, 0.028704]",train,dbscam_euclidean,0,False,True,0.24443940818309784
60,LGH020002,"[0.672917, 0.429167, 0.065625, 0.062037]",train,dbscam_euclidean,0,False,True,0.42396166920661926
60,LGH020002,"[0.667708, 0.586111, 0.054167, 0.037037]",train,dbscam_euclidean,0,False,True,0.289234459400177
60,LGH020002,"[0.641406, 0.540278, 0.046354, 0.05463]",train,dbscam_euclidean,0,False,True,0.3740028142929077
60,LGH020002,"[0.227344, 0.472222, 0.103646, 0.12963]",train,dbscam_euclidean,-1,True,False,
60,LGH020002,"[0.30599, 0.427778, 0.036979, 0.025926]",train,dbscam_euclidean,0,False,True,0.27372363209724426
60,LGH020002,"[0.04349, 0.338426, 0.022396, 0.049074]",train,dbscam_euclidean,0,False,True,0.2909984588623047
60,LGH020002,"[0.493229, 0.043519, 0.00625, 0.02963]",train,dbscam_euclidean,0,False,True,0.46049222350120544
60,LGH020002,"[0.386979, 0.439815, 0.029167, 0.024074]",train,dbscam_euclidean,0,False,True,0.2791801393032074
60,LGH020002,"[0.377083, 0.432407, 0.033333, 0.037037]",train,dbscam_euclidean,0,False,True,0.22434957325458527
60,LGH020002,"[0.664062, 0.65787, 0.0375, 0.034259]",train,dbscam_euclidean,0,False,True,0.25216391682624817
60,LGH020002,"[0.698698, 0.475463, 0.038021, 0.017593]",train,dbscam_euclidean,0,False,True,0.3904646337032318
60,LGH020002,"[0.7375, 0.367593, 0.020833, 0.012963]",train,dbscam_euclidean,0,False,True,0.36341848969459534
60,LGH020002,"[0.44974, 0.678704, 0.027604, 0.051852]",train,dbscam_euclidean,0,False,True,0.3107694089412689
60,LGH020002,"[0.242448, 0.398148, 0.025521, 0.02963]",train,dbscam_euclidean,0,False,True,0.20375017821788788
60,LGH020002,"[0.191667, 0.683333, 0.05, 0.037037]",train,dbscam_euclidean,0,False,True,0.2663100063800812
60,LGH020002,"[0.426823, 0.811574, 0.033854, 0.063889]",train,dbscam_euclidean,0,False,True,0.35202863812446594
60,LGH020002,"[0.578906, 0.515741, 0.016146, 0.048148]",train,dbscam_euclidean,0,False,True,0.2406587302684784
60,LGH020002,"[0.532552, 0.464352, 0.006771, 0.025]",train,dbscam_euclidean,0,False,True,0.3874558210372925
60,LGH020002,"[0.84375, 0.036574, 0.014583, 0.017593]",train,dbscam_euclidean,0,False,True,0.35217341780662537
60,LGH020002,"[0.029427, 0.781019, 0.013021, 0.015741]",train,dbscam_euclidean,0,False,True,0.37854695320129395
60,LGH020002,"[0.191406, 0.425463, 0.020313, 0.036111]",train,dbscam_euclidean,0,False,True,0.21544010937213898
60,LGH020002,"[0.578125, 0.32963, 0.038542, 0.025926]",train,dbscam_euclidean,0,False,True,0.30675840377807617
60,LGH020002,"[0.531771, 0.524537, 0.005208, 0.026852]",train,dbscam_euclidean,0,False,True,0.439386248588562
60,LGH020002,"[0.538281, 0.356481, 0.027604, 0.025926]",train,dbscam_euclidean,0,False,True,0.22317737340927124
60,LGH020002,"[0.542188, 0.574537, 0.063542, 0.043519]",train,dbscam_euclidean,0,False,True,0.3416535258293152
60,LGH020002,"[0.89974, 0.360185, 0.017188, 0.011111]",train,dbscam_euclidean,0,False,True,0.42323726415634155
60,LGH020002,"[0.544531, 0.980093, 0.031771, 0.037963]",train,dbscam_euclidean,0,False,True,0.30314287543296814
60,LGH020002,"[0.836979, 0.17963, 0.034375, 0.05]",train,dbscam_euclidean,0,False,True,0.31220394372940063
60,LGH020002,"[0.150521, 0.643056, 0.195833, 0.086111]",train,dbscam_euclidean,-1,True,False,
60,LGH020002,"[0.753125, 0.306944, 0.013542, 0.021296]",train,dbscam_euclidean,0,False,True,0.3596186339855194
60,LGH020002,"[0.786458, 0.843981, 0.010417, 0.013889]",train,dbscam_euclidean,0,False,True,0.34847933053970337
60,LGH020002,"[0.486198, 0.113889, 0.040104, 0.083333]",train,dbscam_euclidean,0,False,True,0.5123791098594666
60,LGH020002,"[0.491146, 0.833796, 0.032292, 0.043519]",train,dbscam_euclidean,0,False,True,0.264167457818985
60,LGH020002,"[0.68776, 0.498611, 0.011979, 0.032407]",train,dbscam_euclidean,0,False,True,0.3672677278518677
60,LGH020002,"[0.478646, 0.407407, 0.014583, 0.025926]",train,dbscam_euclidean,0,False,True,0.32007068395614624
60,LGH020002,"[0.564323, 0.40787, 0.018229, 0.026852]",train,dbscam_euclidean,0,False,True,0.29644161462783813
60,LGH020002,"[0.82134, 0.430659, 0.083127, 0.060656]",train,dbscam_euclidean,0,False,True,0.43710431456565857
60,LGH020002,"[0.968362, 0.505101, 0.062035, 0.061759]",train,dbscam_euclidean,0,False,True,0.38954612612724304
60,LGH020002,"[0.371278, 0.767025, 0.05273, 0.065068]",train,dbscam_euclidean,0,False,True,0.42699795961380005
60,LGH020002,"[0.258685, 0.336366, 0.040943, 0.026468]",train,dbscam_euclidean,0,False,True,0.24606165289878845
60,LGH020002,"[0.584057, 0.142818, 0.022953, 0.040805]",train,dbscam_euclidean,0,False,True,0.24196653068065643
180,LGH020002,"[0.10026, 0.237037, 0.085938, 0.12037]",train,dbscam_euclidean,0,False,True,0.5131838321685791
180,LGH020002,"[0.603385, 0.480093, 0.070312, 0.080556]",train,dbscam_euclidean,0,False,True,0.4598720669746399
180,LGH020002,"[0.169271, 0.656019, 0.088542, 0.082407]",train,dbscam_euclidean,0,False,True,0.45834487676620483
180,LGH020002,"[0.63099, 0.573148, 0.041146, 0.062963]",train,dbscam_euclidean,0,False,True,0.3013378977775574
180,LGH020002,"[0.233073, 0.734722, 0.081771, 0.047222]",train,dbscam_euclidean,0,False,True,0.34087225794792175
180,LGH020002,"[0.490365, 0.707407, 0.039062, 0.05]",train,dbscam_euclidean,0,False,True,0.2625705897808075
180,LGH020002,"[0.288542, 0.058796, 0.020833, 0.034259]",train,dbscam_euclidean,0,False,True,0.3109743297100067
180,LGH020002,"[0.16224, 0.367593, 0.083854, 0.133333]",train,dbscam_euclidean,0,False,True,0.5772718787193298
180,LGH020002,"[0.086979, 0.488889, 0.070833, 0.038889]",train,dbscam_euclidean,0,False,True,0.29554519057273865
180,LGH020002,"[0.627604, 0.115278, 0.028125, 0.063889]",train,dbscam_euclidean,0,False,True,0.3658214509487152
180,LGH020002,"[0.845052, 0.070833, 0.040104, 0.025]",train,dbscam_euclidean,0,False,True,0.333000123500824
180,LGH020002,"[0.474219, 0.171296, 0.008854, 0.018519]",train,dbscam_euclidean,0,False,True,0.46715086698532104
180,LGH020002,"[0.285417, 0.609259, 0.053125, 0.077778]",train,dbscam_euclidean,0,False,True,0.3619673252105713
180,LGH020002,"[0.445312, 0.295833, 0.03125, 0.052778]",train,dbscam_euclidean,0,False,True,0.30433106422424316
180,LGH020002,"[0.707031, 0.621296, 0.041146, 0.051852]",train,dbscam_euclidean,0,False,True,0.24655425548553467
180,LGH020002,"[0.935417, 0.693056, 0.073958, 0.093519]",train,dbscam_euclidean,0,False,True,0.5017833113670349
180,LGH020002,"[0.081771, 0.785185, 0.122917, 0.061111]",train,dbscam_euclidean,0,False,False,0.5476014614105225
180,LGH020002,"[0.334115, 0.646759, 0.030729, 0.021296]",train,dbscam_euclidean,0,False,True,0.33123883605003357
180,LGH020002,"[0.602083, 0.655093, 0.08125, 0.113889]",train,dbscam_euclidean,0,False,False,0.6062210202217102
180,LGH020002,"[0.652865, 0.733796, 0.042188, 0.102778]",train,dbscam_euclidean,0,False,True,0.37348198890686035
180,LGH020002,"[0.588021, 0.549537, 0.038542, 0.039815]",train,dbscam_euclidean,0,False,True,0.28523439168930054
180,LGH020002,"[0.546875, 0.774074, 0.04375, 0.02037]",train,dbscam_euclidean,0,False,True,0.36387377977371216
180,LGH020002,"[0.527344, 0.466667, 0.032813, 0.02037]",train,dbscam_euclidean,0,False,True,0.3743566572666168
180,LGH020002,"[0.305208, 0.119444, 0.01875, 0.040741]",train,dbscam_euclidean,0,False,True,0.3208518922328949
180,LGH020002,"[0.595573, 0.881944, 0.029687, 0.078704]",train,dbscam_euclidean,0,False,True,0.30561575293540955
180,LGH020002,"[0.838802, 0.881019, 0.054688, 0.025]",train,dbscam_euclidean,0,False,True,0.37691035866737366
180,LGH020002,"[0.608854, 0.80787, 0.025, 0.037963]",train,dbscam_euclidean,0,False,True,0.27941781282424927
180,LGH020002,"[0.556771, 0.552315, 0.038542, 0.037963]",train,dbscam_euclidean,0,False,True,0.2749592661857605
180,LGH020002,"[0.4875, 0.496759, 0.016667, 0.032407]",train,dbscam_euclidean,0,False,True,0.3945842683315277
180,LGH020002,"[0.722135, 0.399074, 0.027604, 0.038889]",train,dbscam_euclidean,0,False,True,0.29332950711250305
180,LGH020002,"[0.593229, 0.952315, 0.053125, 0.069444]",train,dbscam_euclidean,0,False,True,0.3222225606441498
180,LGH020002,"[0.860156, 0.15463, 0.039062, 0.018519]",train,dbscam_euclidean,0,False,True,0.3784449100494385
180,LGH020002,"[0.325, 0.686574, 0.01875, 0.028704]",train,dbscam_euclidean,0,False,True,0.37810659408569336
180,LGH020002,"[0.198698, 0.911111, 0.091146, 0.175926]",train,dbscam_euclidean,0,False,False,0.6333198547363281
180,LGH020002,"[0.333333, 0.741667, 0.019792, 0.075926]",train,dbscam_euclidean,0,False,True,0.2899952232837677
180,LGH020002,"[0.757292, 0.799074, 0.020833, 0.035185]",train,dbscam_euclidean,0,False,True,0.38785845041275024
180,LGH020002,"[0.698698, 0.792593, 0.084896, 0.057407]",train,dbscam_euclidean,0,False,True,0.3586690425872803
180,LGH020002,"[0.590625, 0.861574, 0.028125, 0.052778]",train,dbscam_euclidean,0,False,True,0.2762506604194641
180,LGH020002,"[0.701562, 0.714352, 0.057292, 0.04537]",train,dbscam_euclidean,0,False,True,0.2646624743938446
180,LGH020002,"[0.535417, 0.55463, 0.029167, 0.05]",train,dbscam_euclidean,0,False,True,0.27563586831092834
180,LGH020002,"[0.894792, 0.853241, 0.05, 0.09537]",train,dbscam_euclidean,0,False,True,0.41169917583465576
180,LGH020002,"[0.663021, 0.878704, 0.013542, 0.059259]",train,dbscam_euclidean,0,False,True,0.3800976872444153
180,LGH020002,"[0.93125, 0.201389, 0.0125, 0.017593]",train,dbscam_euclidean,0,False,True,0.4469010531902313
180,LGH020002,"[0.685156, 0.477778, 0.024479, 0.02037]",train,dbscam_euclidean,0,False,True,0.4095386564731598
180,LGH020002,"[0.757292, 0.065278, 0.026042, 0.026852]",train,dbscam_euclidean,0,False,True,0.31311821937561035
180,LGH020002,"[0.39401, 0.937963, 0.065104, 0.033333]",train,dbscam_euclidean,0,False,True,0.3159056007862091
180,LGH020002,"[0.352604, 0.300463, 0.009375, 0.017593]",train,dbscam_euclidean,0,False,True,0.46168583631515503
180,LGH020002,"[0.75599, 0.722685, 0.026562, 0.037963]",train,dbscam_euclidean,0,False,True,0.2860335409641266
180,LGH020002,"[0.977865, 0.942593, 0.043229, 0.057407]",train,dbscam_euclidean,0,False,True,0.3077485263347626
180,LGH020002,"[0.858594, 0.743519, 0.032813, 0.037037]",train,dbscam_euclidean,0,False,True,0.2598324418067932
180,LGH020002,"[0.569531, 0.971759, 0.005729, 0.032407]",train,dbscam_euclidean,0,False,True,0.5230692625045776
180,LGH020002,"[0.993229, 0.899537, 0.0125, 0.05463]",train,dbscam_euclidean,0,False,True,0.3926694691181183
180,LGH020002,"[0.735417, 0.101389, 0.069792, 0.097222]",train,dbscam_euclidean,0,False,True,0.44119706749916077
180,LGH020002,"[0.330729, 0.747222, 0.010417, 0.02037]",train,dbscam_euclidean,0,False,True,0.42728057503700256
180,LGH020002,"[0.722396, 0.109259, 0.038542, 0.068519]",train,dbscam_euclidean,0,False,True,0.3750142455101013
180,LGH020002,"[0.407552, 0.423148, 0.009896, 0.035185]",train,dbscam_euclidean,0,False,True,0.4942920506000519
180,LGH020002,"[0.48776, 0.70787, 0.028646, 0.028704]",train,dbscam_euclidean,0,False,True,0.2821981608867645
180,LGH020002,"[0.151562, 0.34537, 0.059375, 0.083333]",train,dbscam_euclidean,0,False,True,0.3497450649738312
180,LGH020002,"[0.907568, 0.674387, 0.079404, 0.093741]",train,dbscam_euclidean,0,False,True,0.5095994472503662
180,LGH020002,"[0.902605, 0.419631, 0.085608, 0.095947]",train,dbscam_euclidean,0,False,True,0.5913974046707153
180,LGH020002,"[0.918734, 0.531569, 0.085608, 0.061759]",train,dbscam_euclidean,0,False,True,0.3710283637046814
180,LGH020002,"[0.956266, 0.594431, 0.086228, 0.041908]",train,dbscam_euclidean,0,False,True,0.43560248613357544
180,LGH020002,"[0.451303, 0.855804, 0.046526, 0.070582]",train,dbscam_euclidean,0,False,True,0.3360535502433777
360,LGH020002,"[0.31276, 0.354167, 0.067187, 0.041667]",train,dbscam_euclidean,0,False,True,0.3093622326850891
360,LGH020002,"[0.167708, 0.248148, 0.108333, 0.048148]",train,dbscam_euclidean,0,False,True,0.46396973729133606
360,LGH020002,"[0.189062, 0.791667, 0.117708, 0.090741]",train,dbscam_euclidean,0,False,False,0.5978577136993408
360,LGH020002,"[0.407813, 0.07963, 0.033333, 0.090741]",train,dbscam_euclidean,0,False,True,0.35082191228866577
360,LGH020002,"[0.052344, 0.318519, 0.104688, 0.07037]",train,dbscam_euclidean,0,False,True,0.4421093165874481
360,LGH020002,"[0.328125, 0.043519, 0.05, 0.087037]",train,dbscam_euclidean,0,False,True,0.3372493386268616
360,LGH020002,"[0.442448, 0.051389, 0.022396, 0.075]",train,dbscam_euclidean,0,False,True,0.3377097249031067
360,LGH020002,"[0.788021, 0.325463, 0.091667, 0.082407]",train,dbscam_euclidean,0,False,False,0.5284032225608826
360,LGH020002,"[0.350781, 0.285648, 0.080729, 0.136111]",train,dbscam_euclidean,-1,True,False,
360,LGH020002,"[0.203906, 0.158796, 0.052604, 0.078704]",train,dbscam_euclidean,0,False,True,0.311223566532135
360,LGH020002,"[0.364323, 0.498148, 0.066146, 0.061111]",train,dbscam_euclidean,0,False,True,0.3181178569793701
360,LGH020002,"[0.721094, 0.073611, 0.021354, 0.04537]",train,dbscam_euclidean,0,False,True,0.2939676344394684
360,LGH020002,"[0.225781, 0.464815, 0.058854, 0.077778]",train,dbscam_euclidean,0,False,True,0.39419442415237427
360,LGH020002,"[0.301302, 0.247222, 0.041146, 0.064815]",train,dbscam_euclidean,0,False,True,0.3794945180416107
360,LGH020002,"[0.726302, 0.244444, 0.073438, 0.083333]",train,dbscam_euclidean,0,False,True,0.5236669182777405
360,LGH020002,"[0.157292, 0.097222, 0.046875, 0.087037]",train,dbscam_euclidean,0,False,True,0.3843475878238678
360,LGH020002,"[0.291146, 0.156019, 0.061458, 0.069444]",train,dbscam_euclidean,0,False,True,0.3751506209373474
360,LGH020002,"[0.296094, 0.29537, 0.035937, 0.040741]",train,dbscam_euclidean,0,False,True,0.2615153193473816
360,LGH020002,"[0.20026, 0.279167, 0.029687, 0.028704]",train,dbscam_euclidean,0,False,True,0.31020861864089966
360,LGH020002,"[0.530729, 0.70787, 0.054167, 0.04537]",train,dbscam_euclidean,0,False,True,0.27657994627952576
360,LGH020002,"[0.13724, 0.923148, 0.082812, 0.105556]",train,dbscam_euclidean,0,False,True,0.5216578245162964
360,LGH020002,"[0.528385, 0.181019, 0.033854, 0.058333]",train,dbscam_euclidean,0,False,True,0.280526727437973
360,LGH020002,"[0.29401, 0.510185, 0.046354, 0.062963]",train,dbscam_euclidean,0,False,True,0.22988122701644897
360,LGH020002,"[0.985677, 0.993056, 0.027604, 0.012037]",train,dbscam_euclidean,0,False,True,0.4386824667453766
360,LGH020002,"[0.451823, 0.52963, 0.014063, 0.042593]",train,dbscam_euclidean,0,False,True,0.49090173840522766
360,LGH020002,"[0.580729, 0.625926, 0.046875, 0.022222]",train,dbscam_euclidean,0,False,True,0.44804129004478455
360,LGH020002,"[0.595573, 0.510648, 0.019271, 0.013889]",train,dbscam_euclidean,0,False,True,0.45653101801872253
360,LGH020002,"[0.502083, 0.4875, 0.028125, 0.012037]",train,dbscam_euclidean,0,False,True,0.426557332277298
360,LGH020002,"[0.516146, 0.899074, 0.01875, 0.025926]",train,dbscam_euclidean,0,False,True,0.4630225598812103
360,LGH020002,"[0.316146, 0.127778, 0.034375, 0.096296]",train,dbscam_euclidean,0,False,True,0.3456973433494568
360,LGH020002,"[0.427604, 0.497685, 0.027083, 0.017593]",train,dbscam_euclidean,0,False,True,0.44647806882858276
360,LGH020002,"[0.534375, 0.018519, 0.015625, 0.037037]",train,dbscam_euclidean,0,False,True,0.334238201379776
360,LGH020002,"[0.672396, 0.072685, 0.008333, 0.04537]",train,dbscam_euclidean,0,False,True,0.459481805562973
360,LGH020002,"[0.326302, 0.434722, 0.052604, 0.067593]",train,dbscam_euclidean,0,False,True,0.2931444048881531
360,LGH020002,"[0.253906, 0.925926, 0.063021, 0.146296]",train,dbscam_euclidean,0,False,True,0.4958127737045288
360,LGH020002,"[0.351042, 0.940741, 0.044792, 0.116667]",train,dbscam_euclidean,0,False,True,0.3876070976257324
360,LGH020002,"[0.548698, 0.568519, 0.057813, 0.037037]",train,dbscam_euclidean,0,False,True,0.3232160210609436
360,LGH020002,"[0.660156, 0.597685, 0.056771, 0.075]",train,dbscam_euclidean,0,False,True,0.3455767333507538
360,LGH020002,"[0.332292, 0.852315, 0.0375, 0.076852]",train,dbscam_euclidean,0,False,True,0.33592525124549866
360,LGH020002,"[0.86849, 0.17037, 0.014063, 0.02963]",train,dbscam_euclidean,0,False,True,0.4015606939792633
360,LGH020002,"[0.284635, 0.012037, 0.026562, 0.024074]",train,dbscam_euclidean,0,False,True,0.3503771722316742
360,LGH020002,"[0.171875, 0.30463, 0.040625, 0.05]",train,dbscam_euclidean,0,False,True,0.2923111915588379
360,LGH020002,"[0.618229, 0.384722, 0.038542, 0.041667]",train,dbscam_euclidean,0,False,True,0.30250802636146545
360,LGH020002,"[0.199219, 0.328241, 0.095312, 0.09537]",train,dbscam_euclidean,0,False,True,0.5108022093772888
360,LGH020002,"[0.514583, 0.656944, 0.0375, 0.032407]",train,dbscam_euclidean,0,False,True,0.3171282708644867
360,LGH020002,"[0.9875, 0.066667, 0.023958, 0.062963]",train,dbscam_euclidean,0,False,True,0.2586161494255066
360,LGH020002,"[0.382292, 0.335648, 0.019792, 0.037963]",train,dbscam_euclidean,0,False,True,0.4554234743118286
360,LGH020002,"[0.623958, 0.497685, 0.01875, 0.025]",train,dbscam_euclidean,0,False,True,0.4222363531589508
360,LGH020002,"[0.207813, 0.333333, 0.066667, 0.05]",train,dbscam_euclidean,0,False,True,0.3203584849834442
360,LGH020002,"[0.270833, 0.033796, 0.027083, 0.067593]",train,dbscam_euclidean,0,False,True,0.321016788482666
450,LGH020002,"[0.948438, 0.405556, 0.06875, 0.057407]",train,dbscam_euclidean,0,False,True,0.35723209381103516
450,LGH020002,"[0.239323, 0.180093, 0.024479, 0.030556]",train,dbscam_euclidean,0,False,True,0.25114724040031433
450,LGH020002,"[0.682031, 0.143519, 0.083854, 0.137037]",train,dbscam_euclidean,-1,True,False,
450,LGH020002,"[0.538281, 0.358796, 0.048438, 0.041667]",train,dbscam_euclidean,0,False,True,0.23144347965717316
450,LGH020002,"[0.572656, 0.310648, 0.057813, 0.039815]",train,dbscam_euclidean,0,False,True,0.3559991121292114
450,LGH020002,"[0.448958, 0.465278, 0.038542, 0.021296]",train,dbscam_euclidean,0,False,True,0.34741076827049255
450,LGH020002,"[0.442188, 0.359259, 0.027083, 0.022222]",train,dbscam_euclidean,0,False,True,0.30867400765419006
450,LGH020002,"[0.821354, 0.264815, 0.042708, 0.051852]",train,dbscam_euclidean,0,False,True,0.321419358253479
450,LGH020002,"[0.68776, 0.278241, 0.040104, 0.05463]",train,dbscam_euclidean,0,False,True,0.2913699746131897
450,LGH020002,"[0.653385, 0.469444, 0.044271, 0.064815]",train,dbscam_euclidean,0,False,True,0.3346061706542969
450,LGH020002,"[0.594792, 0.545833, 0.04375, 0.026852]",train,dbscam_euclidean,0,False,True,0.34050774574279785
450,LGH020002,"[0.697917, 0.953241, 0.025, 0.091667]",train,dbscam_euclidean,0,False,True,0.3637101948261261
450,LGH020002,"[0.490625, 0.48287, 0.020833, 0.063889]",train,dbscam_euclidean,0,False,True,0.2779110074043274
450,LGH020002,"[0.953646, 0.244444, 0.069792, 0.024074]",train,dbscam_euclidean,0,False,True,0.3155630826950073
450,LGH020002,"[0.651563, 0.536111, 0.066667, 0.061111]",train,dbscam_euclidean,0,False,True,0.395568311214447
450,LGH020002,"[0.770573, 0.332407, 0.074479, 0.046296]",train,dbscam_euclidean,0,False,True,0.3351857662200928
450,LGH020002,"[0.30651, 0.324074, 0.044271, 0.033333]",train,dbscam_euclidean,0,False,True,0.2310459464788437
450,LGH020002,"[0.969531, 0.762963, 0.059896, 0.085185]",train,dbscam_euclidean,0,False,True,0.45989757776260376
450,LGH020002,"[0.554948, 0.428704, 0.029687, 0.033333]",train,dbscam_euclidean,0,False,True,0.2501465678215027
450,LGH020002,"[0.5875, 0.443519, 0.04375, 0.022222]",train,dbscam_euclidean,0,False,True,0.42354947328567505
450,LGH020002,"[0.864323, 0.053704, 0.016146, 0.048148]",train,dbscam_euclidean,0,False,True,0.2521423101425171
450,LGH020002,"[0.536979, 0.596296, 0.028125, 0.027778]",train,dbscam_euclidean,0,False,True,0.22677521407604218
450,LGH020002,"[0.620313, 0.484259, 0.021875, 0.035185]",train,dbscam_euclidean,0,False,True,0.3020450174808502
450,LGH020002,"[0.880469, 0.07037, 0.031771, 0.046296]",train,dbscam_euclidean,0,False,True,0.27146071195602417
450,LGH020002,"[0.84974, 0.696759, 0.038021, 0.065741]",train,dbscam_euclidean,0,False,True,0.30030232667922974
450,LGH020002,"[0.554167, 0.701852, 0.028125, 0.031481]",train,dbscam_euclidean,0,False,True,0.2489229142665863
450,LGH020002,"[0.302604, 0.276389, 0.039583, 0.032407]",train,dbscam_euclidean,0,False,True,0.21113713085651398
450,LGH020002,"[0.790104, 0.895833, 0.066667, 0.063889]",train,dbscam_euclidean,0,False,True,0.466600626707077
450,LGH020002,"[0.741667, 0.320833, 0.016667, 0.023148]",train,dbscam_euclidean,0,False,True,0.3612472712993622
450,LGH020002,"[0.626042, 0.992593, 0.017708, 0.012963]",train,dbscam_euclidean,0,False,True,0.4002756178379059
450,LGH020002,"[0.58125, 0.896296, 0.016667, 0.064815]",train,dbscam_euclidean,0,False,True,0.2819738984107971
450,LGH020002,"[0.428906, 0.308796, 0.007812, 0.037963]",train,dbscam_euclidean,0,False,True,0.47519099712371826
450,LGH020002,"[0.646354, 0.612963, 0.025, 0.027778]",train,dbscam_euclidean,0,False,True,0.27378517389297485
450,LGH020002,"[0.529427, 0.630093, 0.039062, 0.034259]",train,dbscam_euclidean,0,False,True,0.23914362490177155
450,LGH020002,"[0.285417, 0.022222, 0.017708, 0.025926]",train,dbscam_euclidean,0,False,True,0.3377962112426758
450,LGH020002,"[0.661198, 0.596759, 0.018229, 0.062037]",train,dbscam_euclidean,0,False,True,0.36201414465904236
450,LGH020002,"[0.71224, 0.097222, 0.023438, 0.044444]",train,dbscam_euclidean,0,False,True,0.2912239134311676
1710,LGH020002,"[0.363281, 0.157407, 0.060937, 0.111111]",train,dbscam_euclidean,0,False,True,0.5428532361984253
1710,LGH020002,"[0.119792, 0.337963, 0.09375, 0.051852]",train,dbscam_euclidean,0,False,True,0.47202998399734497
1710,LGH020002,"[0.249479, 0.506019, 0.09375, 0.047222]",train,dbscam_euclidean,0,False,True,0.40121883153915405
1710,LGH020002,"[0.340365, 0.541204, 0.093229, 0.082407]",train,dbscam_euclidean,0,False,True,0.5178945064544678
1710,LGH020002,"[0.589844, 0.141204, 0.029687, 0.036111]",train,dbscam_euclidean,0,False,True,0.24944013357162476
1710,LGH020002,"[0.388542, 0.10463, 0.014583, 0.02963]",train,dbscam_euclidean,0,False,True,0.3276207447052002
1710,LGH020002,"[0.320312, 0.793056, 0.070833, 0.10463]",train,dbscam_euclidean,0,False,True,0.4861745536327362
1710,LGH020002,"[0.661979, 0.159722, 0.014583, 0.019444]",train,dbscam_euclidean,0,False,True,0.3534584045410156
1710,LGH020002,"[0.41276, 0.106481, 0.011979, 0.02037]",train,dbscam_euclidean,0,False,True,0.4126049280166626
1710,LGH020002,"[0.293229, 0.454167, 0.040625, 0.028704]",train,dbscam_euclidean,0,False,True,0.26579833030700684
1710,LGH020002,"[0.140885, 0.408333, 0.093229, 0.066667]",train,dbscam_euclidean,0,False,True,0.47554805874824524
1710,LGH020002,"[0.426823, 0.434722, 0.045312, 0.049074]",train,dbscam_euclidean,0,False,True,0.2899083197116852
1710,LGH020002,"[0.400781, 0.699074, 0.020313, 0.044444]",train,dbscam_euclidean,0,False,True,0.265911728143692
1710,LGH020002,"[0.507292, 0.65, 0.028125, 0.027778]",train,dbscam_euclidean,0,False,True,0.28479573130607605
1710,LGH020002,"[0.029687, 0.2375, 0.059375, 0.078704]",train,dbscam_euclidean,0,False,True,0.4462074041366577
1710,LGH020002,"[0.377865, 0.906944, 0.050521, 0.091667]",train,dbscam_euclidean,0,False,True,0.4086122512817383
1710,LGH020002,"[0.204687, 0.416204, 0.075, 0.05463]",train,dbscam_euclidean,0,False,True,0.3481559455394745
1710,LGH020002,"[0.490625, 0.508333, 0.033333, 0.042593]",train,dbscam_euclidean,0,False,True,0.354131817817688
1710,LGH020002,"[0.727344, 0.688889, 0.038021, 0.027778]",train,dbscam_euclidean,0,False,True,0.3314928412437439
1710,LGH020002,"[0.451823, 0.198611, 0.011979, 0.039815]",train,dbscam_euclidean,0,False,True,0.35599833726882935
1710,LGH020002,"[0.551042, 0.031019, 0.019792, 0.015741]",train,dbscam_euclidean,0,False,True,0.3611040413379669
1710,LGH020002,"[0.114062, 0.505556, 0.146875, 0.12963]",train,dbscam_euclidean,-1,True,False,
1710,LGH020002,"[0.408333, 0.140278, 0.029167, 0.023148]",train,dbscam_euclidean,0,False,True,0.29237937927246094
1710,LGH020002,"[0.66901, 0.306944, 0.016146, 0.041667]",train,dbscam_euclidean,0,False,True,0.2544957399368286
1710,LGH020002,"[0.421875, 0.733796, 0.03125, 0.030556]",train,dbscam_euclidean,0,False,True,0.3091773986816406
1710,LGH020002,"[0.26875, 0.690278, 0.075, 0.084259]",train,dbscam_euclidean,0,False,True,0.48864591121673584
1710,LGH020002,"[0.729948, 0.727315, 0.019271, 0.023148]",train,dbscam_euclidean,0,False,True,0.36141425371170044
1710,LGH020002,"[0.504427, 0.479167, 0.036979, 0.019444]",train,dbscam_euclidean,0,False,True,0.3798362612724304
1710,LGH020002,"[0.58776, 0.689815, 0.030729, 0.074074]",train,dbscam_euclidean,0,False,True,0.32811829447746277
1710,LGH020002,"[0.393229, 0.246759, 0.045833, 0.078704]",train,dbscam_euclidean,0,False,True,0.454020231962204
1710,LGH020002,"[0.426042, 0.799537, 0.017708, 0.021296]",train,dbscam_euclidean,0,False,True,0.3952634334564209
1710,LGH020002,"[0.385417, 0.824074, 0.030208, 0.075926]",train,dbscam_euclidean,0,False,True,0.33126920461654663
1710,LGH020002,"[0.440104, 0.775463, 0.045833, 0.069444]",train,dbscam_euclidean,0,False,True,0.3487356901168823
1710,LGH020002,"[0.054167, 0.6, 0.079167, 0.068519]",train,dbscam_euclidean,0,False,True,0.4431783854961395
1710,LGH020002,"[0.175781, 0.518519, 0.024479, 0.046296]",train,dbscam_euclidean,0,False,True,0.2516240179538727
1710,LGH020002,"[0.48776, 0.689815, 0.038021, 0.02037]",train,dbscam_euclidean,0,False,True,0.4290256202220917
1710,LGH020002,"[0.167708, 0.008333, 0.007292, 0.016667]",train,dbscam_euclidean,0,False,True,0.40007510781288147
1710,LGH020002,"[0.38724, 0.137963, 0.008854, 0.025926]",train,dbscam_euclidean,0,False,True,0.43180346488952637
1710,LGH020002,"[0.65651, 0.641204, 0.017188, 0.034259]",train,dbscam_euclidean,0,False,True,0.26200729608535767
1710,LGH020002,"[0.31276, 0.68287, 0.005729, 0.021296]",train,dbscam_euclidean,0,False,True,0.4528908431529999
1710,LGH020002,"[0.952604, 0.006019, 0.013542, 0.012037]",train,dbscam_euclidean,0,False,True,0.3836442232131958
1710,LGH020002,"[0.402083, 0.636111, 0.03125, 0.018519]",train,dbscam_euclidean,0,False,True,0.3514336049556732
1710,LGH020002,"[0.513281, 0.774537, 0.040104, 0.082407]",train,dbscam_euclidean,0,False,True,0.3522917926311493
1710,LGH020002,"[0.477604, 0.741667, 0.027083, 0.031481]",train,dbscam_euclidean,0,False,True,0.25910577178001404
1710,LGH020002,"[0.295312, 0.025, 0.0375, 0.05]",train,dbscam_euclidean,0,False,True,0.312563419342041
1710,LGH020002,"[0.467187, 0.528241, 0.048958, 0.032407]",train,dbscam_euclidean,0,False,True,0.4375942051410675
1710,LGH020002,"[0.617188, 0.025463, 0.008333, 0.049074]",train,dbscam_euclidean,0,False,True,0.4311926066875458
1710,LGH020002,"[0.552604, 0.198611, 0.005208, 0.028704]",train,dbscam_euclidean,0,False,True,0.43125155568122864
1710,LGH020002,"[0.653125, 0.634259, 0.039583, 0.066667]",train,dbscam_euclidean,0,False,True,0.36740806698799133
1710,LGH020002,"[0.35625, 0.841667, 0.011458, 0.014815]",train,dbscam_euclidean,0,False,True,0.36736994981765747
1710,LGH020002,"[0.289323, 0.504167, 0.014063, 0.043519]",train,dbscam_euclidean,0,False,True,0.27472665905952454
1710,LGH020002,"[0.263802, 0.782407, 0.021354, 0.061111]",train,dbscam_euclidean,0,False,True,0.26039478182792664
1710,LGH020002,"[0.019271, 0.222685, 0.038542, 0.04537]",train,dbscam_euclidean,0,False,True,0.2692152261734009
1710,LGH020002,"[0.431771, 0.372685, 0.035417, 0.025]",train,dbscam_euclidean,0,False,True,0.2900179326534271
1710,LGH020002,"[0.66224, 0.763889, 0.044271, 0.037037]",train,dbscam_euclidean,0,False,True,0.313190758228302
1710,LGH020002,"[0.727357, 0.428453, 0.031638, 0.07389]",train,dbscam_euclidean,0,False,True,0.3216443359851837
1710,LGH020002,"[0.950372, 0.669424, 0.098015, 0.090433]",train,dbscam_euclidean,0,False,True,0.5521969795227051
1710,LGH020002,"[0.499069, 0.281776, 0.047767, 0.067273]",train,dbscam_euclidean,0,False,True,0.3672526776790619
1350,LGH020002,"[0.965365, 0.213426, 0.068229, 0.093519]",train,dbscam_euclidean,0,False,True,0.5874725580215454
1350,LGH020002,"[0.45599, 0.090278, 0.019271, 0.091667]",train,dbscam_euclidean,0,False,True,0.33365148305892944
1350,LGH020002,"[0.978385, 0.381944, 0.042188, 0.043519]",train,dbscam_euclidean,0,False,True,0.2601941227912903
1350,LGH020002,"[0.356771, 0.338426, 0.041667, 0.097222]",train,dbscam_euclidean,0,False,True,0.4489990770816803
1350,LGH020002,"[0.502083, 0.082407, 0.020833, 0.022222]",train,dbscam_euclidean,0,False,True,0.26304081082344055
1350,LGH020002,"[0.23099, 0.431481, 0.053646, 0.037037]",train,dbscam_euclidean,0,False,True,0.2729012072086334
1350,LGH020002,"[0.645312, 0.601852, 0.029167, 0.035185]",train,dbscam_euclidean,0,False,True,0.2558456063270569
1350,LGH020002,"[0.386458, 0.256481, 0.041667, 0.061111]",train,dbscam_euclidean,0,False,True,0.36054176092147827
1350,LGH020002,"[0.964583, 0.796296, 0.069792, 0.059259]",train,dbscam_euclidean,0,False,True,0.4566029906272888
1350,LGH020002,"[0.336198, 0.786574, 0.043229, 0.039815]",train,dbscam_euclidean,0,False,True,0.2864225208759308
1350,LGH020002,"[0.285938, 0.193056, 0.040625, 0.100926]",train,dbscam_euclidean,0,False,True,0.42772892117500305
1350,LGH020002,"[0.027865, 0.390278, 0.055729, 0.049074]",train,dbscam_euclidean,0,False,True,0.3182716369628906
1350,LGH020002,"[0.65651, 0.385648, 0.033854, 0.015741]",train,dbscam_euclidean,0,False,True,0.3166820704936981
1350,LGH020002,"[0.18776, 0.447685, 0.035937, 0.017593]",train,dbscam_euclidean,0,False,True,0.3089563548564911
1350,LGH020002,"[0.390104, 0.115278, 0.026042, 0.067593]",train,dbscam_euclidean,0,False,True,0.3381187319755554
1350,LGH020002,"[0.792969, 0.943981, 0.060937, 0.110185]",train,dbscam_euclidean,0,False,True,0.5740504264831543
1350,LGH020002,"[0.463281, 0.710648, 0.029687, 0.019444]",train,dbscam_euclidean,0,False,True,0.33188116550445557
1350,LGH020002,"[0.279687, 0.859259, 0.054167, 0.118519]",train,dbscam_euclidean,0,False,True,0.5352447032928467
1350,LGH020002,"[0.696875, 0.498148, 0.017708, 0.068519]",train,dbscam_euclidean,0,False,True,0.2639034688472748
1350,LGH020002,"[0.078385, 0.447222, 0.052604, 0.02037]",train,dbscam_euclidean,0,False,True,0.41624483466148376
1350,LGH020002,"[0.670312, 0.555093, 0.010417, 0.060185]",train,dbscam_euclidean,0,False,True,0.42945098876953125
1350,LGH020002,"[0.442969, 0.697222, 0.034896, 0.07037]",train,dbscam_euclidean,0,False,True,0.3617416024208069
1350,LGH020002,"[0.672656, 0.319444, 0.010937, 0.014815]",train,dbscam_euclidean,0,False,True,0.3659263551235199
1350,LGH020002,"[0.475, 0.390741, 0.0125, 0.014815]",train,dbscam_euclidean,0,False,True,0.37636619806289673
1350,LGH020002,"[0.284896, 0.400463, 0.021875, 0.037963]",train,dbscam_euclidean,0,False,True,0.2596479654312134
1350,LGH020002,"[0.342708, 0.1625, 0.027083, 0.076852]",train,dbscam_euclidean,0,False,True,0.388462096452713
1350,LGH020002,"[0.46849, 0.788889, 0.014063, 0.031481]",train,dbscam_euclidean,0,False,True,0.325745552778244
1350,LGH020002,"[0.207292, 0.625926, 0.025, 0.024074]",train,dbscam_euclidean,0,False,True,0.2687605023384094
1350,LGH020002,"[0.848698, 0.885185, 0.081771, 0.046296]",train,dbscam_euclidean,0,False,True,0.4273698031902313
1350,LGH020002,"[0.532292, 0.60787, 0.019792, 0.019444]",train,dbscam_euclidean,0,False,True,0.289713054895401
1350,LGH020002,"[0.426823, 0.987963, 0.010937, 0.012963]",train,dbscam_euclidean,0,False,True,0.36649635434150696
1350,LGH020002,"[0.300781, 0.649074, 0.030729, 0.02963]",train,dbscam_euclidean,0,False,True,0.23022030293941498
1350,LGH020002,"[0.515365, 0.818519, 0.029687, 0.037037]",train,dbscam_euclidean,0,False,True,0.2152765840291977
1350,LGH020002,"[0.584115, 0.785648, 0.042188, 0.036111]",train,dbscam_euclidean,0,False,True,0.2677309215068817
1350,LGH020002,"[0.391667, 0.518981, 0.014583, 0.032407]",train,dbscam_euclidean,0,False,True,0.2897220849990845
1350,LGH020002,"[0.393229, 0.627778, 0.0125, 0.024074]",train,dbscam_euclidean,0,False,True,0.382627934217453
1350,LGH020002,"[0.678385, 0.664352, 0.028646, 0.019444]",train,dbscam_euclidean,0,False,True,0.2830463945865631
1350,LGH020002,"[0.251302, 0.686574, 0.029687, 0.034259]",train,dbscam_euclidean,0,False,True,0.22585465013980865
1350,LGH020002,"[0.472135, 0.84213, 0.010937, 0.030556]",train,dbscam_euclidean,0,False,True,0.39055049419403076
1350,LGH020002,"[0.11849, 0.750463, 0.008854, 0.017593]",train,dbscam_euclidean,0,False,True,0.38171330094337463
1350,LGH020002,"[0.648698, 0.823611, 0.046354, 0.021296]",train,dbscam_euclidean,0,False,True,0.30485740303993225
1350,LGH020002,"[0.890625, 0.231944, 0.022917, 0.041667]",train,dbscam_euclidean,0,False,True,0.3240569233894348
1350,LGH020002,"[0.679948, 0.988426, 0.029687, 0.021296]",train,dbscam_euclidean,0,False,True,0.27345743775367737
1350,LGH020002,"[0.988281, 0.776389, 0.007812, 0.015741]",train,dbscam_euclidean,0,False,True,0.39545726776123047
1350,LGH020002,"[0.526823, 0.848611, 0.021354, 0.037963]",train,dbscam_euclidean,0,False,True,0.2300303429365158
1350,LGH020002,"[0.509115, 0.62037, 0.030729, 0.046296]",train,dbscam_euclidean,0,False,True,0.26441490650177
1350,LGH020002,"[0.524479, 0.885648, 0.046875, 0.04537]",train,dbscam_euclidean,0,False,True,0.2980199456214905
1350,LGH020002,"[0.591146, 0.980093, 0.015625, 0.037963]",train,dbscam_euclidean,0,False,True,0.263358473777771
1350,LGH020002,"[0.504167, 0.628704, 0.020833, 0.02963]",train,dbscam_euclidean,0,False,True,0.3854919672012329
1350,LGH020002,"[0.172656, 0.782407, 0.008854, 0.027778]",train,dbscam_euclidean,0,False,True,0.3712393045425415
1350,LGH020002,"[0.973437, 0.968981, 0.052083, 0.060185]",train,dbscam_euclidean,0,False,True,0.39065471291542053
1350,LGH020002,"[0.504032, 0.221119, 0.019231, 0.100358]",train,dbscam_euclidean,0,False,True,0.3695477545261383
1350,LGH020002,"[0.540633, 0.469258, 0.039082, 0.056245]",train,dbscam_euclidean,0,False,True,0.26280081272125244
1350,LGH020002,"[0.596464, 0.534326, 0.042804, 0.051833]",train,dbscam_euclidean,0,False,True,0.26044297218322754
1350,LGH020002,"[0.942618, 0.501792, 0.078784, 0.06617]",train,dbscam_euclidean,0,False,True,0.48655691742897034
1350,LGH020002,"[0.378102, 0.849738, 0.03536, 0.054039]",train,dbscam_euclidean,0,False,True,0.25133562088012695
1350,LGH020002,"[0.422767, 0.787428, 0.041563, 0.033085]",train,dbscam_euclidean,0,False,True,0.28281718492507935
1350,LGH020002,"[0.408189, 0.931348, 0.028536, 0.047422]",train,dbscam_euclidean,0,False,True,0.22350850701332092
1350,LGH020002,"[0.455645, 0.876758, 0.01799, 0.050731]",train,dbscam_euclidean,0,False,True,0.3123071491718292
270,LGH020002,"[0.759375, 0.413426, 0.066667, 0.069444]",train,dbscam_euclidean,0,False,True,0.38631129264831543
270,LGH020002,"[0.36224, 0.588426, 0.040104, 0.076852]",train,dbscam_euclidean,0,False,True,0.32609254121780396
270,LGH020002,"[0.35625, 0.381019, 0.057292, 0.073148]",train,dbscam_euclidean,0,False,True,0.40237995982170105
270,LGH020002,"[0.557031, 0.028704, 0.026562, 0.057407]",train,dbscam_euclidean,0,False,True,0.25650569796562195
270,LGH020002,"[0.561198, 0.247222, 0.067187, 0.035185]",train,dbscam_euclidean,0,False,True,0.3174593448638916
270,LGH020002,"[0.521615, 0.126852, 0.055729, 0.05]",train,dbscam_euclidean,0,False,True,0.3192007839679718
270,LGH020002,"[0.227083, 0.127778, 0.083333, 0.094444]",train,dbscam_euclidean,0,False,False,0.57032710313797
270,LGH020002,"[0.347656, 0.06713, 0.068229, 0.134259]",train,dbscam_euclidean,-1,True,False,
270,LGH020002,"[0.353906, 0.526852, 0.046354, 0.053704]",train,dbscam_euclidean,0,False,True,0.2411869764328003
270,LGH020002,"[0.63776, 0.676852, 0.053646, 0.05]",train,dbscam_euclidean,0,False,True,0.28521105647087097
270,LGH020002,"[0.932031, 0.318519, 0.106771, 0.114815]",train,dbscam_euclidean,-1,True,False,
270,LGH020002,"[0.628906, 0.302315, 0.041146, 0.071296]",train,dbscam_euclidean,0,False,True,0.45960065722465515
270,LGH020002,"[0.136719, 0.575926, 0.075521, 0.042593]",train,dbscam_euclidean,0,False,True,0.32242318987846375
270,LGH020002,"[0.074219, 0.268519, 0.079687, 0.087037]",train,dbscam_euclidean,0,False,True,0.4797934293746948
270,LGH020002,"[0.872656, 0.196759, 0.049479, 0.073148]",train,dbscam_euclidean,0,False,True,0.36574587225914
270,LGH020002,"[0.307031, 0.287037, 0.015104, 0.033333]",train,dbscam_euclidean,0,False,True,0.3240402638912201
270,LGH020002,"[0.517188, 0.298611, 0.028125, 0.028704]",train,dbscam_euclidean,0,False,True,0.2432936429977417
270,LGH020002,"[0.567969, 0.412963, 0.040104, 0.022222]",train,dbscam_euclidean,0,False,True,0.3773452341556549
270,LGH020002,"[0.646875, 0.275, 0.036458, 0.066667]",train,dbscam_euclidean,0,False,True,0.35752835869789124
270,LGH020002,"[0.677083, 0.047685, 0.015625, 0.087963]",train,dbscam_euclidean,0,False,True,0.3685327470302582
270,LGH020002,"[0.542448, 0.080556, 0.021354, 0.101852]",train,dbscam_euclidean,0,False,True,0.3944477438926697
270,LGH020002,"[0.772917, 0.205093, 0.036458, 0.036111]",train,dbscam_euclidean,0,False,True,0.2589268386363983
270,LGH020002,"[0.188542, 0.439815, 0.08125, 0.037037]",train,dbscam_euclidean,0,False,True,0.3540875315666199
270,LGH020002,"[0.661979, 0.318981, 0.033333, 0.056481]",train,dbscam_euclidean,0,False,True,0.31673604249954224
270,LGH020002,"[0.740365, 0.466204, 0.078646, 0.039815]",train,dbscam_euclidean,0,False,True,0.3366374969482422
270,LGH020002,"[0.25026, 0.596759, 0.067187, 0.047222]",train,dbscam_euclidean,0,False,True,0.31072553992271423
270,LGH020002,"[0.96849, 0.30787, 0.061979, 0.067593]",train,dbscam_euclidean,0,False,True,0.43151846528053284
270,LGH020002,"[0.722656, 0.305556, 0.035937, 0.088889]",train,dbscam_euclidean,0,False,True,0.3753544092178345
270,LGH020002,"[0.422135, 0.589815, 0.038021, 0.048148]",train,dbscam_euclidean,0,False,True,0.2488345205783844
270,LGH020002,"[0.560156, 0.127778, 0.009896, 0.090741]",train,dbscam_euclidean,0,False,True,0.43898871541023254
270,LGH020002,"[0.976302, 0.144907, 0.046354, 0.086111]",train,dbscam_euclidean,0,False,True,0.3821638524532318
270,LGH020002,"[0.433854, 0.178704, 0.016667, 0.048148]",train,dbscam_euclidean,0,False,True,0.2690894901752472
270,LGH020002,"[0.340885, 0.251852, 0.064062, 0.042593]",train,dbscam_euclidean,0,False,True,0.3094545304775238
270,LGH020002,"[0.509896, 0.241204, 0.047917, 0.071296]",train,dbscam_euclidean,0,False,True,0.34735992550849915
270,LGH020002,"[0.540885, 0.441667, 0.032813, 0.038889]",train,dbscam_euclidean,0,False,True,0.24514904618263245
270,LGH020002,"[0.716667, 0.231944, 0.039583, 0.037963]",train,dbscam_euclidean,0,False,True,0.27378690242767334
270,LGH020002,"[0.433073, 0.141667, 0.039062, 0.072222]",train,dbscam_euclidean,0,False,True,0.3632766008377075
270,LGH020002,"[0.858333, 0.310648, 0.055208, 0.05463]",train,dbscam_euclidean,0,False,True,0.28137123584747314
270,LGH020002,"[0.254167, 0.013426, 0.019792, 0.015741]",train,dbscam_euclidean,0,False,True,0.42653995752334595
270,LGH020002,"[0.57474, 0.608796, 0.048438, 0.017593]",train,dbscam_euclidean,0,False,True,0.4362371563911438
270,LGH020002,"[0.773177, 0.151389, 0.027604, 0.04537]",train,dbscam_euclidean,0,False,True,0.2985227704048157
270,LGH020002,"[0.622396, 0.414815, 0.034375, 0.05]",train,dbscam_euclidean,0,False,True,0.2580040395259857
270,LGH020002,"[0.582031, 0.523611, 0.036979, 0.041667]",train,dbscam_euclidean,0,False,True,0.25751054286956787
270,LGH020002,"[0.408594, 0.419444, 0.016146, 0.025926]",train,dbscam_euclidean,0,False,True,0.4416826665401459
270,LGH020002,"[0.684115, 0.546759, 0.056771, 0.032407]",train,dbscam_euclidean,0,False,True,0.2847698926925659
270,LGH020002,"[0.310417, 0.469907, 0.010417, 0.021296]",train,dbscam_euclidean,0,False,True,0.4917525053024292
270,LGH020002,"[0.146094, 0.483796, 0.040104, 0.043519]",train,dbscam_euclidean,0,False,True,0.2575225234031677
270,LGH020002,"[0.801042, 0.043519, 0.021875, 0.033333]",train,dbscam_euclidean,0,False,True,0.2981973886489868
270,LGH020002,"[0.741667, 0.899074, 0.033333, 0.07037]",train,dbscam_euclidean,0,False,True,0.3937753438949585
270,LGH020002,"[0.439063, 0.561111, 0.036458, 0.027778]",train,dbscam_euclidean,0,False,True,0.3083336055278778
270,LGH020002,"[0.396875, 0.320833, 0.029167, 0.060185]",train,dbscam_euclidean,0,False,True,0.2664760947227478
270,LGH020002,"[0.313281, 0.693519, 0.042188, 0.018519]",train,dbscam_euclidean,0,False,True,0.39465224742889404
270,LGH020002,"[0.434635, 0.390741, 0.011979, 0.025926]",train,dbscam_euclidean,0,False,True,0.4655255079269409
270,LGH020002,"[0.540885, 0.559259, 0.031771, 0.027778]",train,dbscam_euclidean,0,False,True,0.27240556478500366
270,LGH020002,"[0.621615, 0.380556, 0.043229, 0.02963]",train,dbscam_euclidean,0,False,True,0.2787178158760071
270,LGH020002,"[0.646094, 0.488426, 0.048438, 0.080556]",train,dbscam_euclidean,0,False,True,0.3843601942062378
270,LGH020002,"[0.53125, 0.373611, 0.014583, 0.023148]",train,dbscam_euclidean,0,False,True,0.4215015172958374
270,LGH020002,"[0.608333, 0.450926, 0.033333, 0.024074]",train,dbscam_euclidean,0,False,True,0.2907172739505768
270,LGH020002,"[0.698177, 0.42037, 0.061979, 0.042593]",train,dbscam_euclidean,0,False,True,0.31308120489120483
270,LGH020002,"[0.38776, 0.430093, 0.013021, 0.036111]",train,dbscam_euclidean,0,False,True,0.4706193804740906
270,LGH020002,"[0.580208, 0.472685, 0.026042, 0.039815]",train,dbscam_euclidean,0,False,True,0.27342459559440613
270,LGH020002,"[0.403385, 0.238426, 0.038021, 0.028704]",train,dbscam_euclidean,0,False,True,0.273029088973999
270,LGH020002,"[0.638281, 0.348611, 0.015104, 0.036111]",train,dbscam_euclidean,0,False,True,0.43120428919792175
270,LGH020002,"[0.432812, 0.890741, 0.008333, 0.016667]",train,dbscam_euclidean,0,False,True,0.4781661033630371
270,LGH020002,"[0.683594, 0.27963, 0.027604, 0.024074]",train,dbscam_euclidean,0,False,True,0.2637439966201782
270,LGH020002,"[0.311979, 0.381481, 0.021875, 0.038889]",train,dbscam_euclidean,0,False,True,0.24847781658172607
270,LGH020002,"[0.536458, 0.530093, 0.014583, 0.025]",train,dbscam_euclidean,0,False,True,0.4333125352859497
270,LGH020002,"[0.357292, 0.444907, 0.05, 0.034259]",train,dbscam_euclidean,0,False,True,0.287126749753952
270,LGH020002,"[0.419271, 0.90787, 0.035417, 0.050926]",train,dbscam_euclidean,0,False,True,0.2752612233161926
270,LGH020002,"[0.763542, 0.305556, 0.033333, 0.07037]",train,dbscam_euclidean,0,False,True,0.3014681041240692
270,LGH020002,"[0.33099, 0.376389, 0.024479, 0.021296]",train,dbscam_euclidean,0,False,True,0.32279402017593384
270,LGH020002,"[0.530469, 0.931481, 0.047396, 0.057407]",train,dbscam_euclidean,0,False,True,0.25408926606178284
270,LGH020002,"[0.3875, 0.327315, 0.026042, 0.062037]",train,dbscam_euclidean,0,False,True,0.29426974058151245
270,LGH020002,"[0.482552, 0.575, 0.027604, 0.027778]",train,dbscam_euclidean,0,False,True,0.32717451453208923
270,LGH020002,"[0.608594, 0.218519, 0.018229, 0.040741]",train,dbscam_euclidean,0,False,True,0.2516951262950897
270,LGH020002,"[0.78724, 0.016667, 0.030729, 0.033333]",train,dbscam_euclidean,0,False,True,0.2749543786048889
270,LGH020002,"[0.868229, 0.023611, 0.025, 0.037963]",train,dbscam_euclidean,0,False,True,0.3062289357185364
270,LGH020002,"[0.523438, 0.090741, 0.058333, 0.12037]",train,dbscam_euclidean,0,False,True,0.5363764762878418
270,LGH020002,"[0.034375, 0.837037, 0.017708, 0.031481]",train,dbscam_euclidean,0,False,True,0.33718088269233704
270,LGH020002,"[0.610732, 0.884478, 0.066377, 0.068376]",train,dbscam_euclidean,0,False,True,0.3914271295070648
540,LGH020002,"[0.397135, 0.092593, 0.055729, 0.111111]",train,dbscam_euclidean,0,False,False,0.6355596780776978
540,LGH020002,"[0.341146, 0.825463, 0.042708, 0.069444]",train,dbscam_euclidean,0,False,True,0.33531653881073
540,LGH020002,"[0.249479, 0.385185, 0.045833, 0.048148]",train,dbscam_euclidean,0,False,True,0.2928329408168793
540,LGH020002,"[0.930729, 0.136574, 0.098958, 0.073148]",train,dbscam_euclidean,0,False,True,0.5054972171783447
540,LGH020002,"[0.78724, 0.866667, 0.056771, 0.122222]",train,dbscam_euclidean,0,False,True,0.5156265497207642
540,LGH020002,"[0.60651, 0.732407, 0.099479, 0.168519]",train,dbscam_euclidean,-1,True,False,
540,LGH020002,"[0.394271, 0.391204, 0.042708, 0.071296]",train,dbscam_euclidean,0,False,True,0.34480440616607666
540,LGH020002,"[0.491406, 0.410185, 0.017188, 0.031481]",train,dbscam_euclidean,0,False,True,0.2826143205165863
540,LGH020002,"[0.021354, 0.560648, 0.042708, 0.028704]",train,dbscam_euclidean,0,False,True,0.3559208810329437
540,LGH020002,"[0.673698, 0.457407, 0.042188, 0.033333]",train,dbscam_euclidean,0,False,True,0.32945218682289124
540,LGH020002,"[0.626042, 0.623148, 0.041667, 0.022222]",train,dbscam_euclidean,0,False,True,0.3878423869609833
540,LGH020002,"[0.646094, 0.531019, 0.048438, 0.084259]",train,dbscam_euclidean,0,False,True,0.39383912086486816
540,LGH020002,"[0.469531, 0.241667, 0.039062, 0.040741]",train,dbscam_euclidean,0,False,True,0.2583538293838501
540,LGH020002,"[0.664323, 0.256019, 0.027604, 0.034259]",train,dbscam_euclidean,0,False,True,0.25596797466278076
540,LGH020002,"[0.546354, 0.264352, 0.033333, 0.019444]",train,dbscam_euclidean,0,False,True,0.3517763316631317
540,LGH020002,"[0.338281, 0.338426, 0.026562, 0.039815]",train,dbscam_euclidean,0,False,True,0.244383305311203
540,LGH020002,"[0.289583, 0.05463, 0.05, 0.062963]",train,dbscam_euclidean,0,False,True,0.3653833568096161
540,LGH020002,"[0.702865, 0.559259, 0.023438, 0.031481]",train,dbscam_euclidean,0,False,True,0.3049166798591614
540,LGH020002,"[0.577604, 0.577778, 0.033333, 0.031481]",train,dbscam_euclidean,0,False,True,0.32837796211242676
540,LGH020002,"[0.601823, 0.466204, 0.054688, 0.052778]",train,dbscam_euclidean,0,False,True,0.3248527944087982
540,LGH020002,"[0.45, 0.488889, 0.035417, 0.027778]",train,dbscam_euclidean,0,False,True,0.3194795846939087
540,LGH020002,"[0.370573, 0.471759, 0.030729, 0.058333]",train,dbscam_euclidean,0,False,True,0.265392005443573
540,LGH020002,"[0.808333, 0.80463, 0.010417, 0.025926]",train,dbscam_euclidean,0,False,True,0.4367649555206299
540,LGH020002,"[0.560156, 0.193981, 0.011979, 0.065741]",train,dbscam_euclidean,0,False,True,0.3282189667224884
540,LGH020002,"[0.48099, 0.768056, 0.021354, 0.063889]",train,dbscam_euclidean,0,False,True,0.27323365211486816
540,LGH020002,"[0.563281, 0.781481, 0.015104, 0.074074]",train,dbscam_euclidean,0,False,True,0.33087924122810364
540,LGH020002,"[0.357552, 0.985185, 0.019271, 0.025926]",train,dbscam_euclidean,0,False,True,0.3652590215206146
540,LGH020002,"[0.675, 0.668981, 0.040625, 0.047222]",train,dbscam_euclidean,0,False,True,0.3331143260002136
540,LGH020002,"[0.266667, 0.131944, 0.040625, 0.065741]",train,dbscam_euclidean,0,False,True,0.37703651189804077
540,LGH020002,"[0.285156, 0.961111, 0.055729, 0.075926]",train,dbscam_euclidean,0,False,True,0.40632307529449463
540,LGH020002,"[0.528906, 0.858796, 0.008854, 0.013889]",train,dbscam_euclidean,0,False,True,0.418709397315979
540,LGH020002,"[0.265885, 0.92037, 0.007812, 0.025926]",train,dbscam_euclidean,0,False,True,0.4376629889011383
540,LGH020002,"[0.584115, 0.533796, 0.040104, 0.039815]",train,dbscam_euclidean,0,False,True,0.2433292120695114
540,LGH020002,"[0.915104, 0.835185, 0.072917, 0.066667]",train,dbscam_euclidean,0,False,True,0.45155563950538635
540,LGH020002,"[0.485417, 0.069444, 0.022917, 0.024074]",train,dbscam_euclidean,0,False,True,0.28452733159065247
540,LGH020002,"[0.591406, 0.660185, 0.007812, 0.024074]",train,dbscam_euclidean,0,False,True,0.4590648412704468
540,LGH020002,"[0.890365, 0.00787, 0.018229, 0.012037]",train,dbscam_euclidean,0,False,True,0.40425610542297363
540,LGH020002,"[0.597917, 0.714815, 0.060417, 0.122222]",train,dbscam_euclidean,0,False,True,0.4697313606739044
540,LGH020002,"[0.475781, 0.248148, 0.026562, 0.025926]",train,dbscam_euclidean,0,False,True,0.29295703768730164
540,LGH020002,"[0.837779, 0.515026, 0.116005, 0.090433]",train,dbscam_euclidean,-1,True,False,
540,LGH020002,"[0.862903, 0.657293, 0.104218, 0.077199]",train,dbscam_euclidean,0,False,True,0.4983769357204437
1920,LGH020002,"[0.260156, 0.317593, 0.099479, 0.055556]",train,dbscam_euclidean,0,False,True,0.4642557203769684
1920,LGH020002,"[0.364844, 0.252315, 0.061979, 0.087963]",train,dbscam_euclidean,0,False,True,0.45754554867744446
1920,LGH020002,"[0.535156, 0.109722, 0.023438, 0.097222]",train,dbscam_euclidean,0,False,True,0.3211999237537384
1920,LGH020002,"[0.700781, 0.24537, 0.038021, 0.055556]",train,dbscam_euclidean,0,False,True,0.22036466002464294
1920,LGH020002,"[0.042969, 0.263889, 0.078646, 0.048148]",train,dbscam_euclidean,0,False,True,0.32576608657836914
1920,LGH020002,"[0.714063, 0.437037, 0.055208, 0.042593]",train,dbscam_euclidean,0,False,True,0.33853378891944885
1920,LGH020002,"[0.047396, 0.759259, 0.094792, 0.114815]",train,dbscam_euclidean,0,False,True,0.6034387350082397
1920,LGH020002,"[0.134375, 0.771296, 0.125, 0.142593]",train,dbscam_euclidean,-1,True,False,
1920,LGH020002,"[0.507031, 0.057407, 0.019271, 0.114815]",train,dbscam_euclidean,0,False,True,0.3849739730358124
1920,LGH020002,"[0.607031, 0.22963, 0.025521, 0.072222]",train,dbscam_euclidean,0,False,True,0.26875871419906616
1920,LGH020002,"[0.317708, 0.389815, 0.046875, 0.02963]",train,dbscam_euclidean,0,False,True,0.3050917387008667
1920,LGH020002,"[0.435417, 0.144444, 0.038542, 0.105556]",train,dbscam_euclidean,0,False,True,0.39840003848075867
1920,LGH020002,"[0.523177, 0.834259, 0.039062, 0.057407]",train,dbscam_euclidean,0,False,True,0.2799099385738373
1920,LGH020002,"[0.777865, 0.252315, 0.059896, 0.063889]",train,dbscam_euclidean,0,False,True,0.31779804825782776
1920,LGH020002,"[0.229167, 0.591667, 0.05, 0.087037]",train,dbscam_euclidean,0,False,True,0.4419342279434204
1920,LGH020002,"[0.477344, 0.153704, 0.039062, 0.1]",train,dbscam_euclidean,0,False,True,0.41333913803100586
1920,LGH020002,"[0.442969, 0.237963, 0.028646, 0.061111]",train,dbscam_euclidean,0,False,True,0.28205955028533936
1920,LGH020002,"[0.613281, 0.402315, 0.027604, 0.067593]",train,dbscam_euclidean,0,False,True,0.2875426709651947
1920,LGH020002,"[0.924479, 0.230556, 0.063542, 0.07037]",train,dbscam_euclidean,0,False,True,0.3862951397895813
1920,LGH020002,"[0.811979, 0.412037, 0.057292, 0.046296]",train,dbscam_euclidean,0,False,True,0.29606547951698303
1920,LGH020002,"[0.417448, 0.448148, 0.035937, 0.037037]",train,dbscam_euclidean,0,False,True,0.24359376728534698
1920,LGH020002,"[0.510156, 0.165278, 0.021354, 0.075]",train,dbscam_euclidean,0,False,True,0.2693440318107605
1920,LGH020002,"[0.035677, 0.328241, 0.035937, 0.023148]",train,dbscam_euclidean,0,False,True,0.3055504560470581
1920,LGH020002,"[0.459375, 0.555556, 0.0375, 0.035185]",train,dbscam_euclidean,0,False,True,0.2704921066761017
1920,LGH020002,"[0.563021, 0.390278, 0.027083, 0.069444]",train,dbscam_euclidean,0,False,True,0.35460808873176575
1920,LGH020002,"[0.291406, 0.495833, 0.044271, 0.065741]",train,dbscam_euclidean,0,False,True,0.32320988178253174
1920,LGH020002,"[0.861458, 0.425926, 0.054167, 0.077778]",train,dbscam_euclidean,0,False,True,0.3860618770122528
1920,LGH020002,"[0.467969, 0.800926, 0.021354, 0.1]",train,dbscam_euclidean,0,False,True,0.3054615557193756
1920,LGH020002,"[0.919271, 0.735185, 0.058333, 0.042593]",train,dbscam_euclidean,0,False,True,0.2742139995098114
1920,LGH020002,"[0.322917, 0.211574, 0.039583, 0.099074]",train,dbscam_euclidean,0,False,True,0.3838174045085907
1920,LGH020002,"[0.6375, 0.116667, 0.023958, 0.112963]",train,dbscam_euclidean,0,False,True,0.3937561511993408
1920,LGH020002,"[0.804948, 0.288889, 0.071354, 0.062963]",train,dbscam_euclidean,0,False,True,0.40036702156066895
1920,LGH020002,"[0.93151, 0.858796, 0.026562, 0.087963]",train,dbscam_euclidean,0,False,True,0.316008985042572
1920,LGH020002,"[0.651563, 0.477778, 0.06875, 0.035185]",train,dbscam_euclidean,0,False,True,0.3662143349647522
1920,LGH020002,"[0.578906, 0.277778, 0.026562, 0.016667]",train,dbscam_euclidean,0,False,True,0.3694363236427307
1920,LGH020002,"[0.914323, 0.194907, 0.064062, 0.069444]",train,dbscam_euclidean,0,False,True,0.42505529522895813
1920,LGH020002,"[0.569271, 0.206019, 0.0125, 0.078704]",train,dbscam_euclidean,0,False,True,0.4606201946735382
1920,LGH020002,"[0.647396, 0.783333, 0.048958, 0.027778]",train,dbscam_euclidean,0,False,True,0.332888662815094
1920,LGH020002,"[0.326042, 0.527778, 0.054167, 0.103704]",train,dbscam_euclidean,0,False,True,0.49369120597839355
1920,LGH020002,"[0.818229, 0.346759, 0.045833, 0.041667]",train,dbscam_euclidean,0,False,True,0.20725850760936737
1920,LGH020002,"[0.201563, 0.447222, 0.078125, 0.085185]",train,dbscam_euclidean,0,False,True,0.516246497631073
1920,LGH020002,"[0.551823, 0.1875, 0.010937, 0.082407]",train,dbscam_euclidean,0,False,True,0.4390407204627991
1920,LGH020002,"[0.371615, 0.539352, 0.063021, 0.076852]",train,dbscam_euclidean,0,False,True,0.41226786375045776
1920,LGH020002,"[0.130469, 0.464815, 0.047396, 0.033333]",train,dbscam_euclidean,0,False,True,0.30724036693573
1920,LGH020002,"[0.484635, 0.038889, 0.017188, 0.077778]",train,dbscam_euclidean,0,False,True,0.33462709188461304
1920,LGH020002,"[0.497135, 0.794444, 0.015104, 0.072222]",train,dbscam_euclidean,0,False,True,0.2685583531856537
1920,LGH020002,"[0.516927, 0.255093, 0.020313, 0.049074]",train,dbscam_euclidean,0,False,True,0.2499794363975525
1920,LGH020002,"[0.636979, 0.398148, 0.023958, 0.066667]",train,dbscam_euclidean,0,False,True,0.2862597107887268
1920,LGH020002,"[0.364583, 0.775926, 0.051042, 0.055556]",train,dbscam_euclidean,0,False,True,0.284442275762558
1920,LGH020002,"[0.323177, 0.790278, 0.027604, 0.069444]",train,dbscam_euclidean,0,False,True,0.31625863909721375
1920,LGH020002,"[0.557813, 0.264815, 0.035417, 0.094444]",train,dbscam_euclidean,0,False,True,0.4067206382751465
1920,LGH020002,"[0.729948, 0.484259, 0.038021, 0.02037]",train,dbscam_euclidean,0,False,True,0.4020785987377167
1920,LGH020002,"[0.773698, 0.910648, 0.063021, 0.069444]",train,dbscam_euclidean,0,False,True,0.39415299892425537
1920,LGH020002,"[0.62474, 0.65463, 0.023438, 0.014815]",train,dbscam_euclidean,0,False,True,0.4230971038341522
1920,LGH020002,"[0.582812, 0.744907, 0.040625, 0.025]",train,dbscam_euclidean,0,False,True,0.3110421895980835
1920,LGH020002,"[0.524219, 0.710185, 0.017188, 0.022222]",train,dbscam_euclidean,0,False,True,0.4360412359237671
1920,LGH020002,"[0.491406, 0.626389, 0.034896, 0.025]",train,dbscam_euclidean,0,False,True,0.30613958835601807
1920,LGH020002,"[0.414844, 0.519444, 0.055729, 0.061111]",train,dbscam_euclidean,0,False,True,0.3361656069755554
1920,LGH020002,"[0.602083, 0.428704, 0.046875, 0.068519]",train,dbscam_euclidean,0,False,True,0.3766672611236572
1920,LGH020002,"[0.483854, 0.4625, 0.034375, 0.036111]",train,dbscam_euclidean,0,False,True,0.28195562958717346
1920,LGH020002,"[0.591146, 0.2375, 0.011458, 0.039815]",train,dbscam_euclidean,0,False,True,0.4127938747406006
1920,LGH020002,"[0.51849, 0.92963, 0.023438, 0.07963]",train,dbscam_euclidean,0,False,True,0.2871723175048828
1920,LGH020002,"[0.590625, 0.564352, 0.04375, 0.056481]",train,dbscam_euclidean,0,False,True,0.23935507237911224
1920,LGH020002,"[0.628385, 0.73287, 0.029687, 0.036111]",train,dbscam_euclidean,0,False,True,0.2491520345211029
1920,LGH020002,"[0.563542, 0.461111, 0.025, 0.062963]",train,dbscam_euclidean,0,False,True,0.3288768231868744
1920,LGH020002,"[0.88125, 0.214352, 0.029167, 0.037963]",train,dbscam_euclidean,0,False,True,0.28986236453056335
1920,LGH020002,"[0.173437, 0.98287, 0.023958, 0.032407]",train,dbscam_euclidean,0,False,True,0.2976735234260559
1920,LGH020002,"[0.786719, 0.746759, 0.024479, 0.023148]",train,dbscam_euclidean,0,False,True,0.3718629777431488
1920,LGH020002,"[0.830729, 0.890741, 0.066667, 0.081481]",train,dbscam_euclidean,0,False,True,0.47842246294021606
1920,LGH020002,"[0.604427, 0.053241, 0.048438, 0.052778]",train,dbscam_euclidean,0,False,True,0.3349737823009491
1920,LGH020002,"[0.552083, 0.877778, 0.014583, 0.101852]",train,dbscam_euclidean,0,False,True,0.3779589831829071
1920,LGH020002,"[0.350781, 0.674074, 0.043229, 0.038889]",train,dbscam_euclidean,0,False,True,0.22772535681724548
1920,LGH020002,"[0.089583, 0.056019, 0.010417, 0.013889]",train,dbscam_euclidean,0,False,True,0.45260685682296753
1920,LGH020002,"[0.733333, 0.272685, 0.041667, 0.067593]",train,dbscam_euclidean,0,False,True,0.30965402722358704
1920,LGH020002,"[0.242188, 0.060185, 0.01875, 0.12037]",train,dbscam_euclidean,0,False,True,0.3975364863872528
1920,LGH020002,"[0.574479, 0.507407, 0.023958, 0.033333]",train,dbscam_euclidean,0,False,True,0.2701135575771332
1920,LGH020002,"[0.429948, 0.278704, 0.048438, 0.062963]",train,dbscam_euclidean,0,False,True,0.3380693793296814
1920,LGH020002,"[0.527604, 0.651389, 0.014583, 0.021296]",train,dbscam_euclidean,0,False,True,0.44241687655448914
1920,LGH020002,"[0.398438, 0.352778, 0.04375, 0.057407]",train,dbscam_euclidean,0,False,True,0.30044472217559814
1920,LGH020002,"[0.922396, 0.375463, 0.065625, 0.039815]",train,dbscam_euclidean,0,False,True,0.27981841564178467
1920,LGH020002,"[0.514062, 0.343981, 0.021875, 0.034259]",train,dbscam_euclidean,0,False,True,0.2645493149757385
1920,LGH020002,"[0.333073, 0.119907, 0.046354, 0.037963]",train,dbscam_euclidean,0,False,True,0.239708811044693
1920,LGH020002,"[0.490625, 0.575926, 0.01875, 0.037037]",train,dbscam_euclidean,0,False,True,0.43596023321151733
1920,LGH020002,"[0.299479, 0.218519, 0.016667, 0.061111]",train,dbscam_euclidean,0,False,True,0.35626569390296936
1920,LGH020002,"[0.652083, 0.434259, 0.042708, 0.02963]",train,dbscam_euclidean,0,False,True,0.2926733195781708
1920,LGH020002,"[0.3625, 0.365741, 0.033333, 0.040741]",train,dbscam_euclidean,0,False,True,0.27107542753219604
1920,LGH020002,"[0.210938, 0.652778, 0.0125, 0.016667]",train,dbscam_euclidean,0,False,True,0.4630582928657532
1920,LGH020002,"[0.261198, 0.580556, 0.015104, 0.025926]",train,dbscam_euclidean,0,False,True,0.4959433674812317
1920,LGH020002,"[0.92474, 0.050926, 0.075521, 0.101852]",train,dbscam_euclidean,0,False,True,0.4973148703575134
1920,LGH020002,"[0.571615, 0.249537, 0.027604, 0.030556]",train,dbscam_euclidean,0,False,True,0.3068554699420929
1920,LGH020002,"[0.367448, 0.630093, 0.069271, 0.056481]",train,dbscam_euclidean,0,False,True,0.3367869257926941
1920,LGH020002,"[0.417448, 0.701852, 0.028646, 0.064815]",train,dbscam_euclidean,0,False,True,0.23139159381389618
1920,LGH020002,"[0.472656, 0.360648, 0.041146, 0.058333]",train,dbscam_euclidean,0,False,True,0.3117484748363495
1920,LGH020002,"[0.694531, 0.363889, 0.036979, 0.018519]",train,dbscam_euclidean,0,False,True,0.40150344371795654
1920,LGH020002,"[0.591146, 0.606481, 0.014583, 0.024074]",train,dbscam_euclidean,0,False,True,0.44379258155822754
1920,LGH020002,"[0.671615, 0.108333, 0.011979, 0.027778]",train,dbscam_euclidean,0,False,True,0.3913315236568451
1920,LGH020002,"[0.608854, 0.281944, 0.033333, 0.04537]",train,dbscam_euclidean,0,False,True,0.26851147413253784
1920,LGH020002,"[0.445573, 0.466204, 0.058854, 0.041667]",train,dbscam_euclidean,0,False,True,0.26360756158828735
1920,LGH020002,"[0.538542, 0.743519, 0.046875, 0.02963]",train,dbscam_euclidean,0,False,True,0.2987053692340851
1920,LGH020002,"[0.63724, 0.525463, 0.046354, 0.034259]",train,dbscam_euclidean,0,False,True,0.31202054023742676
1920,LGH020002,"[0.151302, 0.42963, 0.057813, 0.042593]",train,dbscam_euclidean,0,False,True,0.24706299602985382
1920,LGH020002,"[0.891146, 0.779167, 0.115625, 0.043519]",train,dbscam_euclidean,0,False,True,0.4864698052406311
1920,LGH020002,"[0.047396, 0.060185, 0.009375, 0.012963]",train,dbscam_euclidean,0,False,True,0.44643256068229675
1920,LGH020002,"[0.514062, 0.441204, 0.036458, 0.04537]",train,dbscam_euclidean,0,False,True,0.3407597541809082
1920,LGH020002,"[0.440365, 0.589815, 0.042188, 0.048148]",train,dbscam_euclidean,0,False,True,0.3164050281047821
1920,LGH020002,"[0.553906, 0.660648, 0.039062, 0.05463]",train,dbscam_euclidean,0,False,True,0.25185906887054443
1920,LGH020002,"[0.571875, 0.370833, 0.026042, 0.050926]",train,dbscam_euclidean,0,False,True,0.27333053946495056
1920,LGH020002,"[0.513281, 0.466204, 0.034896, 0.043519]",train,dbscam_euclidean,0,False,True,0.28629767894744873
1920,LGH020002,"[0.407292, 0.38287, 0.035417, 0.034259]",train,dbscam_euclidean,0,False,True,0.22437703609466553
1920,LGH020002,"[0.948438, 0.415741, 0.05, 0.037037]",train,dbscam_euclidean,0,False,True,0.2892586588859558
1920,LGH020002,"[0.93125, 0.424537, 0.041667, 0.071296]",train,dbscam_euclidean,0,False,True,0.40275657176971436
1920,LGH020002,"[0.517969, 0.426389, 0.028646, 0.028704]",train,dbscam_euclidean,0,False,True,0.3141842186450958
1920,LGH020002,"[0.092188, 0.168056, 0.033333, 0.039815]",train,dbscam_euclidean,0,False,True,0.32908910512924194
1920,LGH020002,"[0.502083, 0.356481, 0.0375, 0.061111]",train,dbscam_euclidean,0,False,True,0.34166061878204346
1920,LGH020002,"[0.540104, 0.960648, 0.020833, 0.076852]",train,dbscam_euclidean,0,False,True,0.31461966037750244
1920,LGH020002,"[0.297396, 0.592593, 0.029167, 0.025926]",train,dbscam_euclidean,0,False,True,0.31393352150917053
1920,LGH020002,"[0.5125, 0.804167, 0.01875, 0.075]",train,dbscam_euclidean,0,False,True,0.26132601499557495
1920,LGH020002,"[0.427604, 0.629167, 0.028125, 0.032407]",train,dbscam_euclidean,0,False,True,0.3301098048686981
1920,LGH020002,"[0.604688, 0.693056, 0.027083, 0.030556]",train,dbscam_euclidean,0,False,True,0.2924840450286865
1920,LGH020002,"[0.983333, 0.324537, 0.032292, 0.025]",train,dbscam_euclidean,0,False,True,0.31470030546188354
1920,LGH020002,"[0.805729, 0.730093, 0.0125, 0.010185]",train,dbscam_euclidean,0,False,True,0.5024774074554443
1920,LGH020002,"[0.648958, 0.639352, 0.022917, 0.021296]",train,dbscam_euclidean,0,False,True,0.38011908531188965
1920,LGH020002,"[0.447396, 0.756481, 0.060417, 0.085185]",train,dbscam_euclidean,0,False,True,0.4332297444343567
1920,LGH020002,"[0.678906, 0.663426, 0.041146, 0.017593]",train,dbscam_euclidean,0,False,True,0.41074469685554504
1920,LGH020002,"[0.944531, 0.3625, 0.020313, 0.013889]",train,dbscam_euclidean,0,False,True,0.4472784101963043
1920,LGH020002,"[0.416927, 0.502778, 0.022396, 0.025926]",train,dbscam_euclidean,0,False,True,0.464607834815979
1920,LGH020002,"[0.605208, 0.619444, 0.034375, 0.064815]",train,dbscam_euclidean,0,False,True,0.31044071912765503
1920,LGH020002,"[0.654948, 0.259259, 0.026562, 0.081481]",train,dbscam_euclidean,0,False,True,0.30715569853782654
1920,LGH020002,"[0.670833, 0.13287, 0.042708, 0.089815]",train,dbscam_euclidean,0,False,True,0.4773065745830536
1920,LGH020002,"[0.740885, 0.742593, 0.040104, 0.025926]",train,dbscam_euclidean,0,False,True,0.2821502089500427
1920,LGH020002,"[0.721875, 0.666667, 0.045833, 0.044444]",train,dbscam_euclidean,0,False,True,0.2425192892551422
1920,LGH020002,"[0.57526, 0.620833, 0.017188, 0.025]",train,dbscam_euclidean,0,False,True,0.3615626394748688
1920,LGH020002,"[0.313281, 0.744907, 0.029687, 0.052778]",train,dbscam_euclidean,0,False,True,0.2769151031970978
1920,LGH020002,"[0.078385, 0.822685, 0.015104, 0.047222]",train,dbscam_euclidean,0,False,True,0.2895335257053375
1920,LGH020002,"[0.459115, 0.759259, 0.035937, 0.037037]",train,dbscam_euclidean,0,False,True,0.2911173105239868
1920,LGH020002,"[0.530729, 0.4, 0.020833, 0.025926]",train,dbscam_euclidean,0,False,True,0.3287825584411621
1920,LGH020002,"[0.299219, 0.794444, 0.017188, 0.111111]",train,dbscam_euclidean,0,False,True,0.4217137396335602
1920,LGH020002,"[0.936719, 0.028241, 0.051562, 0.056481]",train,dbscam_euclidean,0,False,True,0.3068042993545532
1920,LGH020002,"[0.89375, 0.37037, 0.058333, 0.02963]",train,dbscam_euclidean,0,False,True,0.31738802790641785
1920,LGH020002,"[0.45599, 0.660185, 0.010937, 0.024074]",train,dbscam_euclidean,0,False,True,0.4737570881843567
1920,LGH020002,"[0.865695, 0.471464, 0.062655, 0.047422]",train,dbscam_euclidean,0,False,True,0.34917107224464417
1920,LGH020002,"[0.925868, 0.500138, 0.084988, 0.071685]",train,dbscam_euclidean,0,False,True,0.45476582646369934
1920,LGH020002,"[0.852978, 0.663358, 0.057072, 0.031982]",train,dbscam_euclidean,0,False,True,0.3144397437572479
1920,LGH020002,"[0.91129, 0.684864, 0.099256, 0.035291]",train,dbscam_euclidean,0,False,True,0.3969184160232544
1920,LGH020002,"[0.253412, 0.1748, 0.020471, 0.049628]",train,dbscam_euclidean,0,False,True,0.34165725111961365
30,LGH020002,"[0.58724, 0.0625, 0.061979, 0.036111]",train,dbscam_euclidean,0,False,True,0.29486510157585144
30,LGH020002,"[0.110677, 0.187037, 0.122396, 0.116667]",train,dbscam_euclidean,-1,True,False,
30,LGH020002,"[0.298958, 0.098148, 0.061458, 0.092593]",train,dbscam_euclidean,0,False,True,0.5351089835166931
30,LGH020002,"[0.490885, 0.524074, 0.078646, 0.12963]",train,dbscam_euclidean,0,False,False,0.711907684803009
30,LGH020002,"[0.822917, 0.166667, 0.028125, 0.018519]",train,dbscam_euclidean,0,False,True,0.29119372367858887
30,LGH020002,"[0.310677, 0.176389, 0.118229, 0.063889]",train,dbscam_euclidean,0,False,True,0.5560221076011658
30,LGH020002,"[0.329427, 0.300463, 0.050521, 0.047222]",train,dbscam_euclidean,0,False,True,0.28678184747695923
30,LGH020002,"[0.605208, 0.010185, 0.015625, 0.02037]",train,dbscam_euclidean,0,False,True,0.37225475907325745
30,LGH020002,"[0.910156, 0.066204, 0.093229, 0.132407]",train,dbscam_euclidean,-1,True,False,
30,LGH020002,"[0.860156, 0.953704, 0.036979, 0.02963]",train,dbscam_euclidean,0,False,True,0.25996482372283936
30,LGH020002,"[0.625521, 0.283333, 0.0625, 0.087037]",train,dbscam_euclidean,0,False,True,0.4707145094871521
30,LGH020002,"[0.381771, 0.054167, 0.045833, 0.108333]",train,dbscam_euclidean,0,False,True,0.49160706996917725
30,LGH020002,"[0.646615, 0.036574, 0.030729, 0.026852]",train,dbscam_euclidean,0,False,True,0.23116806149482727
30,LGH020002,"[0.329948, 0.212963, 0.067187, 0.033333]",train,dbscam_euclidean,0,False,True,0.34560930728912354
30,LGH020002,"[0.41276, 0.29537, 0.031771, 0.105556]",train,dbscam_euclidean,0,False,True,0.42445409297943115
30,LGH020002,"[0.826042, 0.072685, 0.084375, 0.063889]",train,dbscam_euclidean,0,False,True,0.4921386241912842
30,LGH020002,"[0.711198, 0.151852, 0.015104, 0.051852]",train,dbscam_euclidean,0,False,True,0.29569143056869507
30,LGH020002,"[0.436979, 0.248611, 0.036458, 0.037963]",train,dbscam_euclidean,0,False,True,0.28951704502105713
30,LGH020002,"[0.116406, 0.49213, 0.075521, 0.043519]",train,dbscam_euclidean,0,False,True,0.3189811408519745
30,LGH020002,"[0.634115, 0.082407, 0.021354, 0.040741]",train,dbscam_euclidean,0,False,True,0.2715816795825958
30,LGH020002,"[0.519792, 0.423148, 0.021875, 0.022222]",train,dbscam_euclidean,0,False,True,0.34664997458457947
30,LGH020002,"[0.986198, 0.16713, 0.026562, 0.023148]",train,dbscam_euclidean,0,False,True,0.25930944085121155
30,LGH020002,"[0.765365, 0.038426, 0.042188, 0.041667]",train,dbscam_euclidean,0,False,True,0.31364867091178894
30,LGH020002,"[0.919271, 0.167593, 0.067708, 0.031481]",train,dbscam_euclidean,0,False,True,0.29895246028900146
30,LGH020002,"[0.546354, 0.205093, 0.014583, 0.021296]",train,dbscam_euclidean,0,False,True,0.3931816816329956
30,LGH020002,"[0.778385, 0.289352, 0.043229, 0.023148]",train,dbscam_euclidean,0,False,True,0.29676058888435364
30,LGH020002,"[0.476302, 0.418056, 0.025521, 0.030556]",train,dbscam_euclidean,0,False,True,0.21833953261375427
30,LGH020002,"[0.821094, 0.304167, 0.049479, 0.023148]",train,dbscam_euclidean,0,False,True,0.3349352777004242
30,LGH020002,"[0.005469, 0.042593, 0.010937, 0.059259]",train,dbscam_euclidean,0,False,True,0.37006133794784546
30,LGH020002,"[0.691667, 0.759722, 0.015625, 0.071296]",train,dbscam_euclidean,0,False,True,0.2725500166416168
30,LGH020002,"[0.474479, 0.337037, 0.022917, 0.031481]",train,dbscam_euclidean,0,False,True,0.27341288328170776
30,LGH020002,"[0.263542, 0.381019, 0.033333, 0.028704]",train,dbscam_euclidean,0,False,True,0.2222519963979721
30,LGH020002,"[0.647656, 0.243056, 0.036979, 0.030556]",train,dbscam_euclidean,0,False,True,0.2541825771331787
30,LGH020002,"[0.861458, 0.363426, 0.084375, 0.041667]",train,dbscam_euclidean,0,False,True,0.3517571985721588
30,LGH020002,"[0.763021, 0.390278, 0.05625, 0.026852]",train,dbscam_euclidean,0,False,True,0.3329668939113617
30,LGH020002,"[0.527344, 0.106481, 0.007812, 0.055556]",train,dbscam_euclidean,0,False,True,0.4102698564529419
30,LGH020002,"[0.441927, 0.553704, 0.028646, 0.02037]",train,dbscam_euclidean,0,False,True,0.3668881356716156
30,LGH020002,"[0.158854, 0.033333, 0.126042, 0.066667]",train,dbscam_euclidean,0,False,False,0.5487580895423889
30,LGH020002,"[0.602083, 0.561574, 0.032292, 0.049074]",train,dbscam_euclidean,0,False,True,0.281917929649353
30,LGH020002,"[0.85651, 0.576389, 0.285938, 0.149074]",train,dbscam_euclidean,-1,True,False,
30,LGH020002,"[0.498437, 0.040278, 0.010417, 0.015741]",train,dbscam_euclidean,0,False,True,0.4340327978134155
30,LGH020002,"[0.58724, 0.372222, 0.067187, 0.046296]",train,dbscam_euclidean,0,False,True,0.32811957597732544
30,LGH020002,"[0.615885, 0.526389, 0.029687, 0.028704]",train,dbscam_euclidean,0,False,True,0.23269298672676086
30,LGH020002,"[0.896094, 0.399537, 0.038021, 0.021296]",train,dbscam_euclidean,0,False,True,0.2803495526313782
30,LGH020002,"[0.807031, 0.72037, 0.008854, 0.014815]",train,dbscam_euclidean,0,False,True,0.40970003604888916
30,LGH020002,"[0.203646, 0.769444, 0.028125, 0.040741]",train,dbscam_euclidean,0,False,True,0.2126002162694931
30,LGH020002,"[0.636979, 0.433796, 0.05625, 0.039815]",train,dbscam_euclidean,0,False,True,0.3117217719554901
30,LGH020002,"[0.358854, 0.173148, 0.022917, 0.059259]",train,dbscam_euclidean,0,False,True,0.38451340794563293
30,LGH020002,"[0.529167, 0.544444, 0.005208, 0.022222]",train,dbscam_euclidean,0,False,True,0.47731515765190125
30,LGH020002,"[0.669792, 0.560648, 0.033333, 0.043519]",train,dbscam_euclidean,0,False,True,0.31719598174095154
30,LGH020002,"[0.924479, 0.266204, 0.017708, 0.010185]",train,dbscam_euclidean,0,False,True,0.4070264399051666
30,LGH020002,"[0.689323, 0.421759, 0.053646, 0.036111]",train,dbscam_euclidean,0,False,True,0.2738383710384369
30,LGH020002,"[0.067448, 0.336574, 0.134896, 0.149074]",train,dbscam_euclidean,-1,True,False,
30,LGH020002,"[0.55625, 0.986574, 0.029167, 0.025]",train,dbscam_euclidean,0,False,True,0.3085762858390808
30,LGH020002,"[0.454688, 0.979167, 0.023958, 0.039815]",train,dbscam_euclidean,0,False,True,0.2834222614765167
30,LGH020002,"[0.096094, 0.721759, 0.047396, 0.060185]",train,dbscam_euclidean,0,False,True,0.3634883463382721
30,LGH020002,"[0.309635, 0.349074, 0.033854, 0.016667]",train,dbscam_euclidean,0,False,True,0.3503679931163788
30,LGH020002,"[0.603906, 0.482407, 0.023438, 0.033333]",train,dbscam_euclidean,0,False,True,0.2843876779079437
30,LGH020002,"[0.799219, 0.324537, 0.040104, 0.041667]",train,dbscam_euclidean,0,False,True,0.32234281301498413
30,LGH020002,"[0.950521, 0.969907, 0.041667, 0.058333]",train,dbscam_euclidean,0,False,True,0.3669975697994232
30,LGH020002,"[0.566927, 0.986574, 0.008854, 0.025]",train,dbscam_euclidean,0,False,True,0.4185929596424103
30,LGH020002,"[0.722656, 0.414815, 0.044271, 0.02963]",train,dbscam_euclidean,0,False,True,0.26442256569862366
30,LGH020002,"[0.023698, 0.965741, 0.047396, 0.066667]",train,dbscam_euclidean,0,False,True,0.37989917397499084
30,LGH020002,"[0.298177, 0.481481, 0.033854, 0.02963]",train,dbscam_euclidean,0,False,True,0.2827097177505493
30,LGH020002,"[0.104167, 0.709259, 0.032292, 0.035185]",train,dbscam_euclidean,0,False,True,0.267954558134079
30,LGH020002,"[0.872917, 0.1125, 0.032292, 0.041667]",train,dbscam_euclidean,0,False,True,0.3066680133342743
30,LGH020002,"[0.766146, 0.044444, 0.025, 0.02963]",train,dbscam_euclidean,0,False,True,0.26198336482048035
30,LGH020002,"[0.68151, 0.526389, 0.027604, 0.026852]",train,dbscam_euclidean,0,False,True,0.27201607823371887
30,LGH020002,"[0.870347, 0.472567, 0.094293, 0.060656]",train,dbscam_euclidean,0,False,True,0.4846181273460388
30,LGH020002,"[0.937345, 0.453819, 0.099256, 0.040805]",train,dbscam_euclidean,0,False,True,0.3862474858760834
30,LGH020002,"[0.799318, 0.433967, 0.039082, 0.047422]",train,dbscam_euclidean,0,False,True,0.3310829997062683
30,LGH020002,"[0.240074, 0.628619, 0.038462, 0.072787]",train,dbscam_euclidean,0,False,True,0.32855138182640076
390,LGH020002,"[0.18724, 0.362963, 0.077604, 0.074074]",train,dbscam_euclidean,0,False,True,0.4565590023994446
390,LGH020002,"[0.134896, 0.493519, 0.057292, 0.033333]",train,dbscam_euclidean,0,False,True,0.31910640001296997
390,LGH020002,"[0.67526, 0.04537, 0.015104, 0.040741]",train,dbscam_euclidean,0,False,True,0.2987733483314514
390,LGH020002,"[0.420573, 0.440278, 0.032813, 0.030556]",train,dbscam_euclidean,0,False,True,0.30233126878738403
390,LGH020002,"[0.95651, 0.20787, 0.085938, 0.110185]",train,dbscam_euclidean,-1,True,False,
390,LGH020002,"[0.610677, 0.35463, 0.058854, 0.07037]",train,dbscam_euclidean,0,False,True,0.3698001801967621
390,LGH020002,"[0.401562, 0.908796, 0.046875, 0.082407]",train,dbscam_euclidean,0,False,True,0.36351773142814636
390,LGH020002,"[0.173437, 0.630093, 0.113542, 0.100926]",train,dbscam_euclidean,0,False,False,0.6557339429855347
390,LGH020002,"[0.622656, 0.656944, 0.040104, 0.041667]",train,dbscam_euclidean,0,False,True,0.2872387766838074
390,LGH020002,"[0.402083, 0.385185, 0.051042, 0.062963]",train,dbscam_euclidean,0,False,True,0.3418435752391815
390,LGH020002,"[0.474219, 0.711574, 0.057813, 0.04537]",train,dbscam_euclidean,0,False,True,0.3843385577201843
390,LGH020002,"[0.217188, 0.675463, 0.069792, 0.119444]",train,dbscam_euclidean,0,False,True,0.5298386216163635
390,LGH020002,"[0.7, 0.573611, 0.033333, 0.025]",train,dbscam_euclidean,0,False,True,0.29284268617630005
390,LGH020002,"[0.710938, 0.6375, 0.020833, 0.025]",train,dbscam_euclidean,0,False,True,0.4220295250415802
390,LGH020002,"[0.442969, 0.92963, 0.040104, 0.061111]",train,dbscam_euclidean,0,False,True,0.3027192950248718
390,LGH020002,"[0.694271, 0.487963, 0.042708, 0.051852]",train,dbscam_euclidean,0,False,True,0.2149759978055954
390,LGH020002,"[0.201823, 0.474074, 0.033854, 0.051852]",train,dbscam_euclidean,0,False,True,0.24494841694831848
390,LGH020002,"[0.466146, 0.443981, 0.026042, 0.030556]",train,dbscam_euclidean,0,False,True,0.2762160897254944
390,LGH020002,"[0.408333, 0.447685, 0.029167, 0.073148]",train,dbscam_euclidean,0,False,True,0.3155054748058319
390,LGH020002,"[0.033594, 0.763889, 0.067187, 0.085185]",train,dbscam_euclidean,0,False,True,0.45548051595687866
390,LGH020002,"[0.320052, 0.377315, 0.042188, 0.041667]",train,dbscam_euclidean,0,False,True,0.25578004121780396
390,LGH020002,"[0.476823, 0.858333, 0.035937, 0.046296]",train,dbscam_euclidean,0,False,True,0.24482516944408417
390,LGH020002,"[0.601042, 0.285185, 0.033333, 0.031481]",train,dbscam_euclidean,0,False,True,0.288779616355896
390,LGH020002,"[0.326823, 0.368056, 0.025521, 0.019444]",train,dbscam_euclidean,0,False,True,0.34224921464920044
390,LGH020002,"[0.038021, 0.143519, 0.076042, 0.077778]",train,dbscam_euclidean,0,False,True,0.42766398191452026
390,LGH020002,"[0.45026, 0.717593, 0.008854, 0.033333]",train,dbscam_euclidean,0,False,True,0.4916841685771942
390,LGH020002,"[0.944792, 0.147222, 0.008333, 0.038889]",train,dbscam_euclidean,0,False,True,0.4710111618041992
390,LGH020002,"[0.830208, 0.803241, 0.011458, 0.013889]",train,dbscam_euclidean,0,False,True,0.41673514246940613
390,LGH020002,"[0.930208, 0.84213, 0.0125, 0.010185]",train,dbscam_euclidean,0,False,True,0.48754262924194336
390,LGH020002,"[0.840885, 0.233796, 0.022396, 0.028704]",train,dbscam_euclidean,0,False,True,0.2838822305202484
390,LGH020002,"[0.789062, 0.707407, 0.048958, 0.055556]",train,dbscam_euclidean,0,False,True,0.277058482170105
390,LGH020002,"[0.975, 0.189352, 0.048958, 0.073148]",train,dbscam_euclidean,0,False,True,0.37227538228034973
390,LGH020002,"[0.6625, 0.566667, 0.017708, 0.016667]",train,dbscam_euclidean,0,False,True,0.3887246549129486
390,LGH020002,"[0.577854, 0.527157, 0.042804, 0.068376]",train,dbscam_euclidean,0,False,True,0.2944102883338928
390,LGH020002,"[0.826613, 0.257513, 0.0366, 0.071685]",train,dbscam_euclidean,0,False,True,0.29715046286582947
0,LGH020002,"[0.177604, 0.050926, 0.186458, 0.101852]",train,dbscam_euclidean,0,False,True,0.5417346954345703
0,LGH020002,"[0.250521, 0.300926, 0.105208, 0.059259]",train,dbscam_euclidean,0,False,True,0.5538411736488342
0,LGH020002,"[0.407031, 0.080093, 0.085938, 0.141667]",train,dbscam_euclidean,0,False,False,0.7004398107528687
0,LGH020002,"[0.220573, 0.226852, 0.064062, 0.038889]",train,dbscam_euclidean,0,False,True,0.28017082810401917
0,LGH020002,"[0.434896, 0.209259, 0.051042, 0.037037]",train,dbscam_euclidean,0,False,True,0.3030683398246765
0,LGH020002,"[0.215885, 0.156481, 0.126562, 0.077778]",train,dbscam_euclidean,0,False,True,0.5540367960929871
0,LGH020002,"[0.795052, 0.27963, 0.091146, 0.094444]",train,dbscam_euclidean,0,False,True,0.5478768944740295
0,LGH020002,"[0.363802, 0.406019, 0.066146, 0.091667]",train,dbscam_euclidean,0,False,True,0.4791628122329712
0,LGH020002,"[0.421615, 0.493981, 0.030729, 0.019444]",train,dbscam_euclidean,0,False,True,0.3037993609905243
0,LGH020002,"[0.5125, 0.176389, 0.033333, 0.04537]",train,dbscam_euclidean,0,False,True,0.24991297721862793
0,LGH020002,"[0.802083, 0.023148, 0.05, 0.037037]",train,dbscam_euclidean,0,False,True,0.3066486120223999
0,LGH020002,"[0.296615, 0.505093, 0.099479, 0.036111]",train,dbscam_euclidean,0,False,True,0.41474470496177673
0,LGH020002,"[0.471354, 0.163889, 0.040625, 0.101852]",train,dbscam_euclidean,0,False,True,0.4182659685611725
0,LGH020002,"[0.198958, 0.428241, 0.135417, 0.071296]",train,dbscam_euclidean,0,False,True,0.5207289457321167
0,LGH020002,"[0.471354, 0.321759, 0.055208, 0.060185]",train,dbscam_euclidean,0,False,True,0.35323286056518555
0,LGH020002,"[0.39974, 0.547685, 0.054688, 0.026852]",train,dbscam_euclidean,0,False,True,0.3545103967189789
0,LGH020002,"[0.646354, 0.087963, 0.0375, 0.040741]",train,dbscam_euclidean,0,False,True,0.2592694163322449
0,LGH020002,"[0.282292, 0.609259, 0.09375, 0.072222]",train,dbscam_euclidean,0,False,True,0.464954137802124
0,LGH020002,"[0.530469, 0.40463, 0.066146, 0.072222]",train,dbscam_euclidean,0,False,True,0.4152350425720215
0,LGH020002,"[0.68099, 0.013426, 0.043229, 0.026852]",train,dbscam_euclidean,0,False,True,0.26995837688446045
0,LGH020002,"[0.570312, 0.366204, 0.029167, 0.04537]",train,dbscam_euclidean,0,False,True,0.2819063663482666
0,LGH020002,"[0.390365, 0.13287, 0.035937, 0.091667]",train,dbscam_euclidean,0,False,True,0.39558136463165283
0,LGH020002,"[0.354948, 0.211574, 0.040104, 0.047222]",train,dbscam_euclidean,0,False,True,0.2693180739879608
0,LGH020002,"[0.260417, 0.425, 0.088542, 0.057407]",train,dbscam_euclidean,0,False,True,0.43867844343185425
0,LGH020002,"[0.048958, 0.112963, 0.097917, 0.109259]",train,dbscam_euclidean,0,False,False,0.6377692222595215
0,LGH020002,"[0.663281, 0.390741, 0.076563, 0.048148]",train,dbscam_euclidean,0,False,True,0.3741093575954437
0,LGH020002,"[0.60026, 0.287037, 0.059896, 0.038889]",train,dbscam_euclidean,0,False,True,0.28186914324760437
0,LGH020002,"[0.774219, 0.150926, 0.047396, 0.031481]",train,dbscam_euclidean,0,False,True,0.2613855302333832
0,LGH020002,"[0.976823, 0.374537, 0.045312, 0.034259]",train,dbscam_euclidean,0,False,True,0.27299532294273376
0,LGH020002,"[0.59349, 0.714815, 0.019271, 0.022222]",train,dbscam_euclidean,0,False,True,0.38319170475006104
0,LGH020002,"[0.577604, 0.480093, 0.059375, 0.025]",train,dbscam_euclidean,0,False,True,0.37849941849708557
0,LGH020002,"[0.967448, 0.703241, 0.064062, 0.071296]",train,dbscam_euclidean,0,False,True,0.3909425735473633
0,LGH020002,"[0.586458, 0.106481, 0.0375, 0.02963]",train,dbscam_euclidean,0,False,True,0.2955034673213959
0,LGH020002,"[0.773177, 0.071759, 0.021354, 0.047222]",train,dbscam_euclidean,0,False,True,0.3020080327987671
0,LGH020002,"[0.403385, 0.608796, 0.086979, 0.076852]",train,dbscam_euclidean,0,False,True,0.4617500603199005
0,LGH020002,"[0.920052, 0.142593, 0.053646, 0.031481]",train,dbscam_euclidean,0,False,True,0.28706106543540955
0,LGH020002,"[0.495833, 0.260648, 0.017708, 0.028704]",train,dbscam_euclidean,0,False,True,0.30677399039268494
0,LGH020002,"[0.320312, 0.54213, 0.047917, 0.049074]",train,dbscam_euclidean,0,False,True,0.32152891159057617
0,LGH020002,"[0.146094, 0.945833, 0.231771, 0.106481]",train,dbscam_euclidean,0,False,True,0.5754588842391968
0,LGH020002,"[0.661198, 0.516667, 0.047396, 0.02037]",train,dbscam_euclidean,0,False,True,0.38235148787498474
0,LGH020002,"[0.299479, 0.70787, 0.061458, 0.049074]",train,dbscam_euclidean,0,False,True,0.31534144282341003
0,LGH020002,"[0.901823, 0.281019, 0.036979, 0.043519]",train,dbscam_euclidean,0,False,True,0.28455376625061035
0,LGH020002,"[0.632812, 0.574537, 0.016667, 0.037963]",train,dbscam_euclidean,0,False,True,0.31505224108695984
0,LGH020002,"[0.5125, 0.481019, 0.017708, 0.034259]",train,dbscam_euclidean,0,False,True,0.32492631673812866
0,LGH020002,"[0.692708, 0.417593, 0.040625, 0.033333]",train,dbscam_euclidean,0,False,True,0.2310619056224823
0,LGH020002,"[0.725781, 0.3625, 0.020313, 0.026852]",train,dbscam_euclidean,0,False,True,0.27925169467926025
0,LGH020002,"[0.746875, 0.224074, 0.025, 0.040741]",train,dbscam_euclidean,0,False,True,0.2501281201839447
0,LGH020002,"[0.704167, 0.635648, 0.01875, 0.04537]",train,dbscam_euclidean,0,False,True,0.28827667236328125
0,LGH020002,"[0.720313, 0.505093, 0.01875, 0.021296]",train,dbscam_euclidean,0,False,True,0.39777353405952454
0,LGH020002,"[0.492188, 0.472222, 0.020833, 0.02037]",train,dbscam_euclidean,0,False,True,0.37080448865890503
0,LGH020002,"[0.786719, 0.743981, 0.010937, 0.013889]",train,dbscam_euclidean,0,False,True,0.4251694679260254
0,LGH020002,"[0.653125, 0.172685, 0.020833, 0.047222]",train,dbscam_euclidean,0,False,True,0.28685814142227173
0,LGH020002,"[0.45651, 0.444907, 0.078646, 0.05463]",train,dbscam_euclidean,0,False,True,0.3923662006855011
0,LGH020002,"[0.247656, 0.546296, 0.036979, 0.05]",train,dbscam_euclidean,0,False,True,0.3224950432777405
0,LGH020002,"[0.476042, 0.552315, 0.034375, 0.019444]",train,dbscam_euclidean,0,False,True,0.3382275104522705
0,LGH020002,"[0.343229, 0.909722, 0.045833, 0.071296]",train,dbscam_euclidean,0,False,True,0.35549095273017883
0,LGH020002,"[0.692187, 0.340278, 0.025, 0.021296]",train,dbscam_euclidean,0,False,True,0.32918471097946167
0,LGH020002,"[0.702604, 0.51713, 0.023958, 0.043519]",train,dbscam_euclidean,0,False,True,0.2705877423286438
0,LGH020002,"[0.097656, 0.963889, 0.133854, 0.07037]",train,dbscam_euclidean,0,False,True,0.5836068391799927
0,LGH020002,"[0.7125, 0.316667, 0.028125, 0.031481]",train,dbscam_euclidean,0,False,True,0.24329687654972076
0,LGH020002,"[0.654427, 0.381019, 0.019271, 0.015741]",train,dbscam_euclidean,0,False,True,0.3844197690486908
0,LGH020002,"[0.179688, 0.726852, 0.026042, 0.027778]",train,dbscam_euclidean,0,False,True,0.3034701347351074
0,LGH020002,"[0.59375, 0.518981, 0.008333, 0.036111]",train,dbscam_euclidean,0,False,True,0.4520449936389923
0,LGH020002,"[0.663281, 0.336574, 0.018229, 0.021296]",train,dbscam_euclidean,0,False,True,0.37804749608039856
0,LGH020002,"[0.361458, 0.848611, 0.039583, 0.017593]",train,dbscam_euclidean,0,False,True,0.3683874011039734
0,LGH020002,"[0.752865, 0.351389, 0.031771, 0.025]",train,dbscam_euclidean,0,False,True,0.2921619415283203
0,LGH020002,"[0.984115, 0.093519, 0.030729, 0.044444]",train,dbscam_euclidean,0,False,True,0.2889387011528015
0,LGH020002,"[0.485938, 0.400463, 0.01875, 0.041667]",train,dbscam_euclidean,0,False,True,0.3350808620452881
0,LGH020002,"[0.863542, 0.230556, 0.026042, 0.048148]",train,dbscam_euclidean,0,False,True,0.2870748043060303
0,LGH020002,"[0.957812, 0.226389, 0.046875, 0.023148]",train,dbscam_euclidean,0,False,True,0.30380889773368835
0,LGH020002,"[0.340104, 0.144444, 0.030208, 0.044444]",train,dbscam_euclidean,0,False,True,0.27066758275032043
0,LGH020002,"[0.69974, 0.375926, 0.032813, 0.033333]",train,dbscam_euclidean,0,False,True,0.347754567861557
0,LGH020002,"[0.591406, 0.426852, 0.016146, 0.022222]",train,dbscam_euclidean,0,False,True,0.39982718229293823
0,LGH020002,"[0.56849, 0.958796, 0.010937, 0.017593]",train,dbscam_euclidean,0,False,True,0.40819981694221497
0,LGH020002,"[0.284635, 0.764352, 0.026562, 0.032407]",train,dbscam_euclidean,0,False,True,0.23714619874954224
0,LGH020002,"[0.374479, 0.987963, 0.007292, 0.022222]",train,dbscam_euclidean,0,False,True,0.47924503684043884
0,LGH020002,"[0.733594, 0.253704, 0.025521, 0.027778]",train,dbscam_euclidean,0,False,True,0.29394716024398804
0,LGH020002,"[0.388021, 0.234259, 0.027083, 0.083333]",train,dbscam_euclidean,0,False,True,0.40714359283447266
0,LGH020002,"[0.728646, 0.276389, 0.021875, 0.015741]",train,dbscam_euclidean,0,False,True,0.3698740005493164
0,LGH020002,"[0.673958, 0.333796, 0.015625, 0.04537]",train,dbscam_euclidean,0,False,True,0.3981129825115204
0,LGH020002,"[0.902865, 0.183333, 0.040104, 0.044444]",train,dbscam_euclidean,0,False,True,0.3298223614692688
0,LGH020002,"[0.682552, 0.610185, 0.029687, 0.027778]",train,dbscam_euclidean,0,False,True,0.30342942476272583
0,LGH020002,"[0.492969, 0.225926, 0.009896, 0.012963]",train,dbscam_euclidean,0,False,True,0.42722612619400024
0,LGH020002,"[0.878412, 0.441687, 0.114144, 0.065068]",train,dbscam_euclidean,0,False,True,0.5154104232788086
0,LGH020002,"[0.974256, 0.426248, 0.050248, 0.047422]",train,dbscam_euclidean,0,False,True,0.2799411118030548
0,LGH020002,"[0.921216, 0.46981, 0.104218, 0.061759]",train,dbscam_euclidean,0,False,True,0.47158560156822205
0,LGH020002,"[0.945409, 0.501792, 0.080645, 0.044114]",train,dbscam_euclidean,0,False,True,0.3461306691169739
0,LGH020002,"[0.60763, 0.143369, 0.0366, 0.026468]",train,dbscam_euclidean,0,False,True,0.2569158673286438
2310,LGH020002,"[0.251302, 0.87037, 0.048438, 0.075926]",train,dbscam_euclidean,0,False,True,0.3801414668560028
2310,LGH020002,"[0.619531, 0.758333, 0.061979, 0.061111]",train,dbscam_euclidean,0,False,True,0.349852979183197
2310,LGH020002,"[0.63099, 0.826389, 0.072396, 0.087963]",train,dbscam_euclidean,0,False,True,0.48967504501342773
2310,LGH020002,"[0.572135, 0.121296, 0.038021, 0.068519]",train,dbscam_euclidean,0,False,True,0.4134744107723236
2310,LGH020002,"[0.491667, 0.588889, 0.022917, 0.014815]",train,dbscam_euclidean,0,False,True,0.3918709456920624
2310,LGH020002,"[0.949479, 0.858796, 0.1, 0.071296]",train,dbscam_euclidean,0,False,True,0.5637550354003906
2310,LGH020002,"[0.305469, 0.77963, 0.039062, 0.062963]",train,dbscam_euclidean,0,False,True,0.3192887008190155
2310,LGH020002,"[0.235417, 0.444444, 0.054167, 0.027778]",train,dbscam_euclidean,0,False,True,0.3186138868331909
2310,LGH020002,"[0.942187, 0.915278, 0.067708, 0.113889]",train,dbscam_euclidean,0,False,True,0.5558419823646545
2310,LGH020002,"[0.336979, 0.809722, 0.023958, 0.052778]",train,dbscam_euclidean,0,False,True,0.2929515540599823
2310,LGH020002,"[0.123177, 0.545833, 0.064062, 0.084259]",train,dbscam_euclidean,0,False,True,0.4857255518436432
2310,LGH020002,"[0.015885, 0.605556, 0.031771, 0.038889]",train,dbscam_euclidean,0,False,True,0.31185412406921387
2310,LGH020002,"[0.61901, 0.659722, 0.036979, 0.052778]",train,dbscam_euclidean,0,False,True,0.2638338804244995
2310,LGH020002,"[0.28776, 0.966667, 0.027604, 0.064815]",train,dbscam_euclidean,0,False,True,0.26731687784194946
2310,LGH020002,"[0.492188, 0.361111, 0.023958, 0.085185]",train,dbscam_euclidean,0,False,True,0.36786431074142456
2310,LGH020002,"[0.830729, 0.739352, 0.047917, 0.04537]",train,dbscam_euclidean,0,False,True,0.34598076343536377
2310,LGH020002,"[0.55651, 0.733796, 0.042188, 0.056481]",train,dbscam_euclidean,0,False,True,0.3175239861011505
2310,LGH020002,"[0.336719, 0.428704, 0.026562, 0.025926]",train,dbscam_euclidean,0,False,True,0.2963100075721741
2310,LGH020002,"[0.683594, 0.889815, 0.019271, 0.033333]",train,dbscam_euclidean,0,False,True,0.2799989879131317
2310,LGH020002,"[0.470052, 0.43287, 0.010937, 0.026852]",train,dbscam_euclidean,0,False,True,0.35681915283203125
2310,LGH020002,"[0.567708, 0.761574, 0.020833, 0.036111]",train,dbscam_euclidean,0,False,True,0.2176280915737152
2310,LGH020002,"[0.735677, 0.988426, 0.010937, 0.021296]",train,dbscam_euclidean,0,False,True,0.4081587791442871
2310,LGH020002,"[0.380469, 0.824074, 0.032813, 0.037037]",train,dbscam_euclidean,0,False,True,0.26145055890083313
2310,LGH020002,"[0.440885, 0.512963, 0.020313, 0.022222]",train,dbscam_euclidean,0,False,True,0.3450658619403839
2310,LGH020002,"[0.405729, 0.50787, 0.008333, 0.043519]",train,dbscam_euclidean,0,False,True,0.4139062762260437
2310,LGH020002,"[0.206771, 0.161111, 0.011458, 0.014815]",train,dbscam_euclidean,0,False,True,0.3766236901283264
2310,LGH020002,"[0.746094, 0.75787, 0.008854, 0.017593]",train,dbscam_euclidean,0,False,True,0.3962699770927429
2310,LGH020002,"[0.482552, 0.7125, 0.015104, 0.039815]",train,dbscam_euclidean,0,False,True,0.3616977334022522
2310,LGH020002,"[0.790885, 0.851852, 0.036979, 0.044444]",train,dbscam_euclidean,0,False,True,0.2967888414859772
2310,LGH020002,"[0.696354, 0.798148, 0.03125, 0.024074]",train,dbscam_euclidean,0,False,True,0.26671358942985535
2310,LGH020002,"[0.221094, 0.811111, 0.049479, 0.046296]",train,dbscam_euclidean,0,False,True,0.2862582802772522
2310,LGH020002,"[0.928906, 0.888889, 0.041146, 0.062963]",train,dbscam_euclidean,0,False,True,0.3579340875148773
2310,LGH020002,"[0.696094, 0.716204, 0.017188, 0.04537]",train,dbscam_euclidean,0,False,True,0.25895535945892334
2310,LGH020002,"[0.411198, 0.683333, 0.009896, 0.033333]",train,dbscam_euclidean,0,False,True,0.42213648557662964
2310,LGH020002,"[0.743229, 0.710185, 0.036458, 0.02963]",train,dbscam_euclidean,0,False,True,0.24616946280002594
2310,LGH020002,"[0.506771, 0.755093, 0.011458, 0.047222]",train,dbscam_euclidean,0,False,True,0.36394867300987244
2310,LGH020002,"[0.332292, 0.541204, 0.007292, 0.017593]",train,dbscam_euclidean,0,False,True,0.41859859228134155
2310,LGH020002,"[0.966406, 0.951852, 0.020313, 0.042593]",train,dbscam_euclidean,0,False,True,0.29852813482284546
2310,LGH020002,"[0.91224, 0.718056, 0.058854, 0.091667]",train,dbscam_euclidean,0,False,True,0.4576042592525482
2310,LGH020002,"[0.398958, 0.963889, 0.027083, 0.05]",train,dbscam_euclidean,0,False,True,0.2521412670612335
2310,LGH020002,"[0.214323, 0.445833, 0.011979, 0.025]",train,dbscam_euclidean,0,False,True,0.3584950566291809
2310,LGH020002,"[0.891406, 0.743981, 0.034896, 0.034259]",train,dbscam_euclidean,0,False,True,0.2749972343444824
2310,LGH020002,"[0.111719, 0.344907, 0.009896, 0.019444]",train,dbscam_euclidean,0,False,True,0.4034040868282318
2310,LGH020002,"[0.552344, 0.793981, 0.030729, 0.025]",train,dbscam_euclidean,0,False,True,0.32252752780914307
2310,LGH020002,"[0.338021, 0.893519, 0.017708, 0.037037]",train,dbscam_euclidean,0,False,True,0.2414802610874176
2310,LGH020002,"[0.436979, 0.696296, 0.061458, 0.057407]",train,dbscam_euclidean,0,False,True,0.33769330382347107
2310,LGH020002,"[0.728385, 0.843519, 0.013021, 0.027778]",train,dbscam_euclidean,0,False,True,0.4112492501735687
2310,LGH020002,"[0.365104, 0.506481, 0.01875, 0.025926]",train,dbscam_euclidean,0,False,True,0.381250262260437
2310,LGH020002,"[0.445052, 0.693056, 0.045312, 0.030556]",train,dbscam_euclidean,0,False,True,0.25857555866241455
2310,LGH020002,"[0.707506, 0.449407, 0.046526, 0.065068]",train,dbscam_euclidean,0,False,True,0.362732857465744
2310,LGH020002,"[0.819789, 0.42349, 0.063896, 0.048525]",train,dbscam_euclidean,0,False,True,0.33105555176734924
2310,LGH020002,"[0.656638, 0.913703, 0.046526, 0.082713]",train,dbscam_euclidean,0,False,True,0.380344957113266
2310,LGH020002,"[0.369107, 0.597739, 0.027295, 0.057348]",train,dbscam_euclidean,0,False,True,0.29384127259254456
840,LGH020002,"[0.701823, 0.384722, 0.031771, 0.015741]",train,dbscam_euclidean,0,False,True,0.2890583276748657
840,LGH020002,"[0.346615, 0.79213, 0.054688, 0.037963]",train,dbscam_euclidean,0,False,True,0.3323032259941101
840,LGH020002,"[0.622396, 0.636111, 0.048958, 0.031481]",train,dbscam_euclidean,0,False,True,0.2759253680706024
840,LGH020002,"[0.815885, 0.965278, 0.079687, 0.067593]",train,dbscam_euclidean,0,False,True,0.47330620884895325
840,LGH020002,"[0.696875, 0.963889, 0.013542, 0.024074]",train,dbscam_euclidean,0,False,True,0.3684856593608856
840,LGH020002,"[0.61875, 0.990278, 0.059375, 0.017593]",train,dbscam_euclidean,0,False,True,0.33613792061805725
840,LGH020002,"[0.903906, 0.91713, 0.020313, 0.025]",train,dbscam_euclidean,0,False,True,0.2779198884963989
840,LGH020002,"[0.415104, 0.61713, 0.01875, 0.012037]",train,dbscam_euclidean,0,False,True,0.33927562832832336
840,LGH020002,"[0.410677, 0.991204, 0.014063, 0.015741]",train,dbscam_euclidean,0,False,True,0.35479092597961426
840,LGH020002,"[0.577344, 0.374074, 0.028646, 0.016667]",train,dbscam_euclidean,0,False,True,0.2851181626319885
840,LGH020002,"[0.402865, 0.464815, 0.026562, 0.031481]",train,dbscam_euclidean,0,False,True,0.23794104158878326
840,LGH020002,"[0.6375, 0.767593, 0.030208, 0.033333]",train,dbscam_euclidean,0,False,True,0.2709180414676666
840,LGH020002,"[0.453906, 0.825463, 0.009896, 0.023148]",train,dbscam_euclidean,0,False,True,0.4021211564540863
840,LGH020002,"[0.827865, 0.989815, 0.030729, 0.018519]",train,dbscam_euclidean,0,False,True,0.2856057584285736
840,LGH020002,"[0.648958, 0.849537, 0.038542, 0.049074]",train,dbscam_euclidean,0,False,True,0.2984045147895813
840,LGH020002,"[0.766927, 0.888426, 0.013021, 0.013889]",train,dbscam_euclidean,0,False,True,0.348306804895401
840,LGH020002,"[0.358561, 0.875655, 0.07072, 0.068376]",train,dbscam_euclidean,0,False,True,0.4647250473499298
840,LGH020002,"[0.950062, 0.544803, 0.073821, 0.099256]",train,dbscam_euclidean,0,False,True,0.5246841907501221
840,LGH020002,"[0.029467, 0.691481, 0.058933, 0.063965]",train,dbscam_euclidean,0,False,True,0.4348285496234894
840,LGH020002,"[0.066998, 0.624759, 0.066998, 0.031982]",train,dbscam_euclidean,0,False,True,0.3294026851654053
840,LGH020002,"[0.170285, 0.558588, 0.055211, 0.051833]",train,dbscam_euclidean,0,False,True,0.3851160407066345
840,LGH020002,"[0.322581, 0.618693, 0.043424, 0.052936]",train,dbscam_euclidean,0,False,True,0.28199130296707153
990,LGH020002,"[0.442969, 0.046759, 0.028646, 0.049074]",train,dbscam_euclidean,0,False,True,0.2853698432445526
990,LGH020002,"[0.20651, 0.375926, 0.142187, 0.146296]",train,dbscam_euclidean,-1,True,False,
990,LGH020002,"[0.496354, 0.325, 0.014583, 0.033333]",train,dbscam_euclidean,0,False,True,0.37094971537590027
990,LGH020002,"[0.91276, 0.036111, 0.035937, 0.072222]",train,dbscam_euclidean,0,False,True,0.3578789234161377
990,LGH020002,"[0.348438, 0.110648, 0.030208, 0.087963]",train,dbscam_euclidean,0,False,True,0.32013651728630066
990,LGH020002,"[0.74401, 0.210648, 0.051562, 0.041667]",train,dbscam_euclidean,0,False,True,0.25791341066360474
990,LGH020002,"[0.505729, 0.446759, 0.021875, 0.021296]",train,dbscam_euclidean,0,False,True,0.3743358552455902
990,LGH020002,"[0.473958, 0.147222, 0.045833, 0.107407]",train,dbscam_euclidean,0,False,True,0.4605197608470917
990,LGH020002,"[0.544792, 0.136574, 0.03125, 0.076852]",train,dbscam_euclidean,0,False,True,0.3973090946674347
990,LGH020002,"[0.513281, 0.390741, 0.045312, 0.057407]",train,dbscam_euclidean,0,False,True,0.33776840567588806
990,LGH020002,"[0.399219, 0.020833, 0.011979, 0.041667]",train,dbscam_euclidean,0,False,True,0.3951205909252167
990,LGH020002,"[0.379688, 0.101389, 0.026042, 0.09537]",train,dbscam_euclidean,0,False,True,0.31133460998535156
990,LGH020002,"[0.435156, 0.095833, 0.024479, 0.087963]",train,dbscam_euclidean,0,False,True,0.33478718996047974
990,LGH020002,"[0.466146, 0.285185, 0.040625, 0.077778]",train,dbscam_euclidean,0,False,True,0.3992336690425873
990,LGH020002,"[0.308333, 0.141204, 0.041667, 0.076852]",train,dbscam_euclidean,0,False,True,0.37121695280075073
990,LGH020002,"[0.83151, 0.211574, 0.091146, 0.126852]",train,dbscam_euclidean,0,False,False,0.6277418732643127
990,LGH020002,"[0.585417, 0.431481, 0.067708, 0.044444]",train,dbscam_euclidean,0,False,True,0.3313712477684021
990,LGH020002,"[0.71276, 0.515741, 0.018229, 0.014815]",train,dbscam_euclidean,0,False,True,0.44439899921417236
990,LGH020002,"[0.973958, 0.165278, 0.051042, 0.032407]",train,dbscam_euclidean,0,False,True,0.30128899216651917
990,LGH020002,"[0.792448, 0.177778, 0.044271, 0.05]",train,dbscam_euclidean,0,False,True,0.27132415771484375
990,LGH020002,"[0.527083, 0.326852, 0.019792, 0.024074]",train,dbscam_euclidean,0,False,True,0.30632027983665466
990,LGH020002,"[0.61224, 0.3375, 0.030729, 0.019444]",train,dbscam_euclidean,0,False,True,0.32545891404151917
990,LGH020002,"[0.593229, 0.182407, 0.028125, 0.098148]",train,dbscam_euclidean,0,False,True,0.3526677191257477
990,LGH020002,"[0.447917, 0.218981, 0.047917, 0.037963]",train,dbscam_euclidean,0,False,True,0.28308334946632385
990,LGH020002,"[0.677865, 0.431944, 0.056771, 0.065741]",train,dbscam_euclidean,0,False,True,0.3953123688697815
990,LGH020002,"[0.378385, 0.628704, 0.028646, 0.02037]",train,dbscam_euclidean,0,False,True,0.3759680986404419
990,LGH020002,"[0.53125, 0.225, 0.008333, 0.02037]",train,dbscam_euclidean,0,False,True,0.4841633141040802
990,LGH020002,"[0.614583, 0.560185, 0.044792, 0.02037]",train,dbscam_euclidean,0,False,True,0.39789846539497375
990,LGH020002,"[0.841927, 0.352778, 0.059896, 0.051852]",train,dbscam_euclidean,0,False,True,0.33180996775627136
990,LGH020002,"[0.967969, 0.319444, 0.063021, 0.048148]",train,dbscam_euclidean,0,False,True,0.27918919920921326
990,LGH020002,"[0.415365, 0.549537, 0.046354, 0.037963]",train,dbscam_euclidean,0,False,True,0.2534742057323456
990,LGH020002,"[0.932813, 0.203241, 0.051042, 0.028704]",train,dbscam_euclidean,0,False,True,0.2757773995399475
990,LGH020002,"[0.457031, 0.459259, 0.025521, 0.016667]",train,dbscam_euclidean,0,False,True,0.3711831569671631
990,LGH020002,"[0.402865, 0.304167, 0.047396, 0.056481]",train,dbscam_euclidean,0,False,True,0.29551994800567627
990,LGH020002,"[0.590625, 0.023611, 0.013542, 0.047222]",train,dbscam_euclidean,0,False,True,0.28578075766563416
990,LGH020002,"[0.622656, 0.502315, 0.010937, 0.021296]",train,dbscam_euclidean,0,False,True,0.45991262793540955
990,LGH020002,"[0.144271, 0.336111, 0.041667, 0.042593]",train,dbscam_euclidean,0,False,True,0.2951693534851074
990,LGH020002,"[0.902604, 0.383796, 0.063542, 0.04537]",train,dbscam_euclidean,0,False,True,0.3156315088272095
990,LGH020002,"[0.96224, 0.348148, 0.052604, 0.035185]",train,dbscam_euclidean,0,False,True,0.27859440445899963
990,LGH020002,"[0.636458, 0.04213, 0.013542, 0.084259]",train,dbscam_euclidean,0,False,True,0.33207428455352783
990,LGH020002,"[0.404167, 0.134259, 0.023958, 0.098148]",train,dbscam_euclidean,0,False,True,0.286358505487442
990,LGH020002,"[0.561198, 0.314352, 0.031771, 0.080556]",train,dbscam_euclidean,0,False,True,0.3446298837661743
990,LGH020002,"[0.653385, 0.242593, 0.032813, 0.068519]",train,dbscam_euclidean,0,False,True,0.39687204360961914
990,LGH020002,"[0.178646, 0.688426, 0.028125, 0.026852]",train,dbscam_euclidean,0,False,True,0.3332841694355011
990,LGH020002,"[0.785417, 0.256481, 0.051042, 0.038889]",train,dbscam_euclidean,0,False,True,0.2804187834262848
990,LGH020002,"[0.469792, 0.341667, 0.020833, 0.02963]",train,dbscam_euclidean,0,False,True,0.2754935920238495
990,LGH020002,"[0.542448, 0.071759, 0.015104, 0.093519]",train,dbscam_euclidean,0,False,True,0.39049258828163147
990,LGH020002,"[0.444531, 0.190278, 0.017188, 0.071296]",train,dbscam_euclidean,0,False,True,0.3309718668460846
990,LGH020002,"[0.451042, 0.166667, 0.011458, 0.02037]",train,dbscam_euclidean,0,False,True,0.45118263363838196
990,LGH020002,"[0.557813, 0.196759, 0.01875, 0.050926]",train,dbscam_euclidean,0,False,True,0.24743476510047913
990,LGH020002,"[0.409896, 0.35, 0.026042, 0.02037]",train,dbscam_euclidean,0,False,True,0.3883340656757355
990,LGH020002,"[0.629687, 0.391667, 0.017708, 0.02037]",train,dbscam_euclidean,0,False,True,0.3661271631717682
990,LGH020002,"[0.376042, 0.292593, 0.014583, 0.025926]",train,dbscam_euclidean,0,False,True,0.39805665612220764
990,LGH020002,"[0.601302, 0.369444, 0.022396, 0.035185]",train,dbscam_euclidean,0,False,True,0.23137934505939484
990,LGH020002,"[0.383333, 0.525463, 0.028125, 0.021296]",train,dbscam_euclidean,0,False,True,0.31386032700538635
990,LGH020002,"[0.917448, 0.197222, 0.063021, 0.061111]",train,dbscam_euclidean,0,False,True,0.36544254422187805
990,LGH020002,"[0.646094, 0.525, 0.007812, 0.02037]",train,dbscam_euclidean,0,False,True,0.46790429949760437
990,LGH020002,"[0.63724, 0.252778, 0.025521, 0.038889]",train,dbscam_euclidean,0,False,True,0.3708961308002472
990,LGH020002,"[0.233854, 0.352315, 0.088542, 0.099074]",train,dbscam_euclidean,0,False,True,0.5711029767990112
990,LGH020002,"[0.164323, 0.40787, 0.057813, 0.082407]",train,dbscam_euclidean,0,False,True,0.4107832610607147
990,LGH020002,"[0.69349, 0.478241, 0.022396, 0.026852]",train,dbscam_euclidean,0,False,True,0.3084894120693207
990,LGH020002,"[0.470052, 0.150926, 0.038021, 0.057407]",train,dbscam_euclidean,0,False,True,0.35733357071876526
990,LGH020002,"[0.588281, 0.14213, 0.054688, 0.037963]",train,dbscam_euclidean,0,False,True,0.34252503514289856
990,LGH020002,"[0.897022, 0.495175, 0.081886, 0.052936]",train,dbscam_euclidean,0,False,True,0.4280299246311188
990,LGH020002,"[0.919975, 0.574028, 0.065757, 0.067273]",train,dbscam_euclidean,0,False,True,0.4239519238471985
5592,LGH020002,"[0.548958, 0.834722, 0.046875, 0.060185]",train,dbscam_euclidean,0,False,True,0.28659766912460327
5592,LGH020002,"[0.186979, 0.316204, 0.055208, 0.039815]",train,dbscam_euclidean,0,False,True,0.26293277740478516
5592,LGH020002,"[0.911458, 0.676852, 0.092708, 0.062963]",train,dbscam_euclidean,0,False,True,0.4813941717147827
5592,LGH020002,"[0.95625, 0.0875, 0.086458, 0.091667]",train,dbscam_euclidean,0,False,True,0.4971039593219757
5592,LGH020002,"[0.286458, 0.448148, 0.055208, 0.031481]",train,dbscam_euclidean,0,False,True,0.22361159324645996
5592,LGH020002,"[0.659635, 0.646759, 0.040104, 0.076852]",train,dbscam_euclidean,0,False,True,0.31566402316093445
5592,LGH020002,"[0.235156, 0.528241, 0.071354, 0.030556]",train,dbscam_euclidean,0,False,True,0.27999138832092285
5592,LGH020002,"[0.638021, 0.520833, 0.066667, 0.05463]",train,dbscam_euclidean,-1,True,False,
5592,LGH020002,"[0.627083, 0.730556, 0.058333, 0.033333]",train,dbscam_euclidean,0,False,True,0.28441938757896423
5592,LGH020002,"[0.334635, 0.69213, 0.086979, 0.050926]",train,dbscam_euclidean,0,False,True,0.37894749641418457
5592,LGH020002,"[0.729688, 0.698148, 0.058333, 0.072222]",train,dbscam_euclidean,0,False,True,0.3536355495452881
5592,LGH020002,"[0.127083, 0.574074, 0.119792, 0.064815]",train,dbscam_euclidean,0,False,False,0.5667189955711365
5592,LGH020002,"[0.764583, 0.870833, 0.06875, 0.09537]",train,dbscam_euclidean,0,False,True,0.5237126350402832
5592,LGH020002,"[0.910156, 0.847685, 0.044271, 0.062037]",train,dbscam_euclidean,0,False,True,0.329498291015625
5592,LGH020002,"[0.173698, 0.962963, 0.074479, 0.053704]",train,dbscam_euclidean,0,False,True,0.4278605282306671
5592,LGH020002,"[0.152865, 0.493056, 0.043229, 0.021296]",train,dbscam_euclidean,0,False,True,0.3069462776184082
5592,LGH020002,"[0.31276, 0.485648, 0.028646, 0.017593]",train,dbscam_euclidean,0,False,True,0.33743253350257874
5592,LGH020002,"[0.426302, 0.701389, 0.038021, 0.04537]",train,dbscam_euclidean,0,False,True,0.2190997153520584
5592,LGH020002,"[0.654167, 0.798611, 0.040625, 0.037963]",train,dbscam_euclidean,0,False,True,0.23102718591690063
5592,LGH020002,"[0.511198, 0.164815, 0.028646, 0.059259]",train,dbscam_euclidean,0,False,True,0.27503857016563416
5592,LGH020002,"[0.377344, 0.643056, 0.045312, 0.041667]",train,dbscam_euclidean,0,False,True,0.22583945095539093
5592,LGH020002,"[0.564583, 0.496759, 0.011458, 0.050926]",train,dbscam_euclidean,0,False,True,0.4280847907066345
5592,LGH020002,"[0.135156, 0.431944, 0.031771, 0.021296]",train,dbscam_euclidean,0,False,True,0.26801154017448425
5592,LGH020002,"[0.29401, 0.623611, 0.053646, 0.025]",train,dbscam_euclidean,0,False,True,0.37233805656433105
5592,LGH020002,"[0.814323, 0.85463, 0.025521, 0.027778]",train,dbscam_euclidean,0,False,True,0.31886613368988037
5592,LGH020002,"[0.925521, 0.781944, 0.051042, 0.028704]",train,dbscam_euclidean,0,False,True,0.249541774392128
5592,LGH020002,"[0.280729, 0.743056, 0.060417, 0.034259]",train,dbscam_euclidean,0,False,True,0.2380926012992859
5592,LGH020002,"[0.43776, 0.786574, 0.036979, 0.062037]",train,dbscam_euclidean,0,False,True,0.2827741205692291
5592,LGH020002,"[0.221094, 0.436574, 0.017188, 0.017593]",train,dbscam_euclidean,0,False,True,0.35784634947776794
5592,LGH020002,"[0.816927, 0.277778, 0.025521, 0.053704]",train,dbscam_euclidean,0,False,True,0.27127617597579956
5592,LGH020002,"[0.130208, 0.623148, 0.060417, 0.037037]",train,dbscam_euclidean,0,False,True,0.25372013449668884
5592,LGH020002,"[0.88125, 0.802778, 0.057292, 0.02963]",train,dbscam_euclidean,0,False,True,0.2525356113910675
5592,LGH020002,"[0.815885, 0.478704, 0.018229, 0.018519]",train,dbscam_euclidean,0,False,True,0.36861947178840637
5592,LGH020002,"[0.767188, 0.768056, 0.010417, 0.015741]",train,dbscam_euclidean,0,False,True,0.4267037808895111
5592,LGH020002,"[0.884375, 0.527778, 0.014583, 0.018519]",train,dbscam_euclidean,0,False,True,0.4289872646331787
5592,LGH020002,"[0.426823, 0.959259, 0.051562, 0.040741]",train,dbscam_euclidean,0,False,True,0.22265228629112244
5592,LGH020002,"[0.015365, 0.984722, 0.030729, 0.028704]",train,dbscam_euclidean,0,False,True,0.2798304855823517
5592,LGH020002,"[0.183333, 0.985648, 0.054167, 0.026852]",train,dbscam_euclidean,0,False,True,0.2778254449367523
5592,LGH020002,"[0.053646, 0.268519, 0.017708, 0.018519]",train,dbscam_euclidean,0,False,True,0.3586316406726837
5592,LGH020002,"[0.59349, 0.644907, 0.018229, 0.017593]",train,dbscam_euclidean,0,False,True,0.3759574294090271
5592,LGH020002,"[0.689844, 0.952778, 0.041146, 0.092593]",train,dbscam_euclidean,0,False,True,0.4133836030960083
5592,LGH020002,"[0.43125, 0.69213, 0.028125, 0.025]",train,dbscam_euclidean,0,False,True,0.2881280183792114
5592,LGH020002,"[0.697135, 0.969907, 0.025521, 0.058333]",train,dbscam_euclidean,0,False,True,0.2879642844200134
1890,LGH020002,"[0.258594, 0.965278, 0.074479, 0.067593]",train,dbscam_euclidean,0,False,True,0.41586676239967346
1890,LGH020002,"[0.386458, 0.018981, 0.015625, 0.023148]",train,dbscam_euclidean,0,False,True,0.3522995710372925
1890,LGH020002,"[0.949479, 0.282407, 0.071875, 0.042593]",train,dbscam_euclidean,0,False,True,0.34073853492736816
1890,LGH020002,"[0.719531, 0.264352, 0.029687, 0.084259]",train,dbscam_euclidean,0,False,True,0.341712087392807
1890,LGH020002,"[0.866927, 0.250926, 0.070312, 0.101852]",train,dbscam_euclidean,0,False,True,0.5651828050613403
1890,LGH020002,"[0.76875, 0.340741, 0.084375, 0.127778]",train,dbscam_euclidean,0,False,True,0.6326850652694702
1890,LGH020002,"[0.569531, 0.284259, 0.042188, 0.061111]",train,dbscam_euclidean,0,False,True,0.3461025655269623
1890,LGH020002,"[0.076823, 0.942593, 0.133854, 0.112963]",train,dbscam_euclidean,0,False,False,0.662316083908081
1890,LGH020002,"[0.798958, 0.399074, 0.05625, 0.075926]",train,dbscam_euclidean,0,False,True,0.38548871874809265
1890,LGH020002,"[0.446354, 0.505556, 0.029167, 0.046296]",train,dbscam_euclidean,0,False,True,0.22747230529785156
1890,LGH020002,"[0.686458, 0.550463, 0.042708, 0.026852]",train,dbscam_euclidean,0,False,True,0.299673467874527
1890,LGH020002,"[0.472135, 0.292593, 0.052604, 0.07037]",train,dbscam_euclidean,0,False,True,0.3894922137260437
1890,LGH020002,"[0.616146, 0.218981, 0.047917, 0.110185]",train,dbscam_euclidean,0,False,True,0.5541223883628845
1890,LGH020002,"[0.047135, 0.583333, 0.094271, 0.124074]",train,dbscam_euclidean,0,False,True,0.6229390501976013
1890,LGH020002,"[0.540885, 0.285185, 0.022396, 0.027778]",train,dbscam_euclidean,0,False,True,0.32176148891448975
1890,LGH020002,"[0.423958, 0.280556, 0.0375, 0.037037]",train,dbscam_euclidean,0,False,True,0.23465219140052795
1890,LGH020002,"[0.590365, 0.270833, 0.028646, 0.067593]",train,dbscam_euclidean,0,False,True,0.2746122479438782
1890,LGH020002,"[0.452604, 0.964815, 0.033333, 0.068519]",train,dbscam_euclidean,0,False,True,0.33101654052734375
1890,LGH020002,"[0.704688, 0.767593, 0.046875, 0.042593]",train,dbscam_euclidean,0,False,True,0.3115060031414032
1890,LGH020002,"[0.573177, 0.914815, 0.046354, 0.077778]",train,dbscam_euclidean,0,False,True,0.34406667947769165
1890,LGH020002,"[0.940625, 0.320833, 0.057292, 0.069444]",train,dbscam_euclidean,0,False,True,0.3879333436489105
1890,LGH020002,"[0.679427, 0.631944, 0.029687, 0.030556]",train,dbscam_euclidean,0,False,True,0.2876146733760834
1890,LGH020002,"[0.601823, 0.323148, 0.021354, 0.033333]",train,dbscam_euclidean,0,False,True,0.3293130695819855
1890,LGH020002,"[0.835677, 0.747685, 0.043229, 0.052778]",train,dbscam_euclidean,0,False,True,0.28654053807258606
1890,LGH020002,"[0.978385, 0.768519, 0.042188, 0.064815]",train,dbscam_euclidean,0,False,True,0.30197393894195557
1890,LGH020002,"[0.704167, 0.316204, 0.01875, 0.058333]",train,dbscam_euclidean,0,False,True,0.2645570933818817
1890,LGH020002,"[0.268229, 0.347685, 0.028125, 0.050926]",train,dbscam_euclidean,0,False,True,0.2887828052043915
1890,LGH020002,"[0.70026, 0.532407, 0.029687, 0.046296]",train,dbscam_euclidean,0,False,True,0.3185483515262604
1890,LGH020002,"[0.470833, 0.556944, 0.04375, 0.032407]",train,dbscam_euclidean,0,False,True,0.2775464653968811
1890,LGH020002,"[0.730208, 0.855093, 0.058333, 0.025]",train,dbscam_euclidean,0,False,True,0.37100422382354736
1890,LGH020002,"[0.422656, 0.837037, 0.059896, 0.077778]",train,dbscam_euclidean,0,False,True,0.39293429255485535
1890,LGH020002,"[0.586719, 0.410648, 0.033854, 0.043519]",train,dbscam_euclidean,0,False,True,0.26135683059692383
1890,LGH020002,"[0.605469, 0.568519, 0.019271, 0.024074]",train,dbscam_euclidean,0,False,True,0.38800784945487976
1890,LGH020002,"[0.540365, 0.363426, 0.022396, 0.025]",train,dbscam_euclidean,0,False,True,0.33238616585731506
1890,LGH020002,"[0.636979, 0.573148, 0.032292, 0.02037]",train,dbscam_euclidean,0,False,True,0.42637792229652405
1890,LGH020002,"[0.092188, 0.051852, 0.017708, 0.031481]",train,dbscam_euclidean,0,False,True,0.33266401290893555
1890,LGH020002,"[0.670833, 0.758333, 0.033333, 0.031481]",train,dbscam_euclidean,0,False,True,0.27441689372062683
1890,LGH020002,"[0.483333, 0.584259, 0.027083, 0.031481]",train,dbscam_euclidean,0,False,True,0.25309517979621887
1890,LGH020002,"[0.626563, 0.653241, 0.045833, 0.039815]",train,dbscam_euclidean,0,False,True,0.25681641697883606
1890,LGH020002,"[0.663542, 0.506481, 0.027083, 0.031481]",train,dbscam_euclidean,0,False,True,0.3179577887058258
1890,LGH020002,"[0.596615, 0.477315, 0.015104, 0.050926]",train,dbscam_euclidean,0,False,True,0.31985974311828613
1890,LGH020002,"[0.015104, 0.318519, 0.017708, 0.02963]",train,dbscam_euclidean,0,False,True,0.3977069556713104
1890,LGH020002,"[0.214844, 0.306481, 0.051562, 0.05]",train,dbscam_euclidean,0,False,True,0.3268975615501404
1890,LGH020002,"[0.644792, 0.472222, 0.014583, 0.051852]",train,dbscam_euclidean,0,False,True,0.34376975893974304
1890,LGH020002,"[0.548958, 0.462963, 0.009375, 0.02037]",train,dbscam_euclidean,0,False,True,0.44808074831962585
1890,LGH020002,"[0.878385, 0.693519, 0.049479, 0.053704]",train,dbscam_euclidean,0,False,True,0.29374760389328003
1890,LGH020002,"[0.310417, 0.563426, 0.03125, 0.030556]",train,dbscam_euclidean,0,False,True,0.28536900877952576
1890,LGH020002,"[0.555208, 0.341204, 0.011458, 0.013889]",train,dbscam_euclidean,0,False,True,0.4481302499771118
1890,LGH020002,"[0.285156, 0.245833, 0.015104, 0.078704]",train,dbscam_euclidean,0,False,True,0.3097582459449768
1890,LGH020002,"[0.83099, 0.928241, 0.085938, 0.10463]",train,dbscam_euclidean,0,False,True,0.6081172227859497
1890,LGH020002,"[0.509115, 0.453704, 0.008854, 0.018519]",train,dbscam_euclidean,0,False,True,0.46193838119506836
1890,LGH020002,"[0.476302, 0.860185, 0.043229, 0.07037]",train,dbscam_euclidean,0,False,True,0.3193823993206024
1890,LGH020002,"[0.573958, 0.683333, 0.030208, 0.061111]",train,dbscam_euclidean,0,False,True,0.28616106510162354
1890,LGH020002,"[0.015104, 0.18287, 0.011458, 0.021296]",train,dbscam_euclidean,0,False,True,0.4493672251701355
1890,LGH020002,"[0.400521, 0.691204, 0.051042, 0.084259]",train,dbscam_euclidean,0,False,True,0.4286724328994751
1890,LGH020002,"[0.21224, 0.525926, 0.016146, 0.014815]",train,dbscam_euclidean,0,False,True,0.4389449656009674
1890,LGH020002,"[0.573698, 0.496296, 0.019271, 0.035185]",train,dbscam_euclidean,0,False,True,0.3673517107963562
1890,LGH020002,"[0.538021, 0.923611, 0.041667, 0.089815]",train,dbscam_euclidean,0,False,True,0.34800341725349426
1890,LGH020002,"[0.666406, 0.569907, 0.018229, 0.021296]",train,dbscam_euclidean,0,False,True,0.42978522181510925
1890,LGH020002,"[0.485156, 0.67963, 0.061979, 0.048148]",train,dbscam_euclidean,0,False,True,0.3837023973464966
1890,LGH020002,"[0.63099, 0.609722, 0.032813, 0.028704]",train,dbscam_euclidean,0,False,True,0.2823357582092285
1890,LGH020002,"[0.43099, 0.571296, 0.032813, 0.031481]",train,dbscam_euclidean,0,False,True,0.26539522409439087
1890,LGH020002,"[0.353646, 0.718981, 0.054167, 0.047222]",train,dbscam_euclidean,0,False,True,0.28986936807632446
1890,LGH020002,"[0.622656, 0.72037, 0.035937, 0.051852]",train,dbscam_euclidean,0,False,True,0.2380896955728531
1890,LGH020002,"[0.278125, 0.52963, 0.034375, 0.02037]",train,dbscam_euclidean,0,False,True,0.34955793619155884
1890,LGH020002,"[0.628646, 0.4875, 0.022917, 0.037963]",train,dbscam_euclidean,0,False,True,0.25302231311798096
1890,LGH020002,"[0.491927, 0.510185, 0.017188, 0.061111]",train,dbscam_euclidean,0,False,True,0.2892709970474243
1890,LGH020002,"[0.671094, 0.834722, 0.036979, 0.037963]",train,dbscam_euclidean,0,False,True,0.28365594148635864
1890,LGH020002,"[0.6125, 0.483333, 0.017708, 0.072222]",train,dbscam_euclidean,0,False,True,0.2950250208377838
1890,LGH020002,"[0.54974, 0.855093, 0.024479, 0.062037]",train,dbscam_euclidean,0,False,True,0.2768651843070984
1890,LGH020002,"[0.630208, 0.803704, 0.084375, 0.090741]",train,dbscam_euclidean,0,False,True,0.5329808592796326
1890,LGH020002,"[0.453646, 0.563889, 0.077083, 0.044444]",train,dbscam_euclidean,0,False,True,0.355851411819458
1890,LGH020002,"[0.557813, 0.548148, 0.025, 0.038889]",train,dbscam_euclidean,0,False,True,0.31295543909072876
1890,LGH020002,"[0.554427, 0.413426, 0.022396, 0.032407]",train,dbscam_euclidean,0,False,True,0.2842331528663635
1890,LGH020002,"[0.367708, 0.813426, 0.047917, 0.05463]",train,dbscam_euclidean,0,False,True,0.2709795832633972
1890,LGH020002,"[0.698958, 0.695833, 0.026042, 0.025]",train,dbscam_euclidean,0,False,True,0.38053369522094727
1890,LGH020002,"[0.329688, 0.684722, 0.021875, 0.073148]",train,dbscam_euclidean,0,False,True,0.311580091714859
1890,LGH020002,"[0.554167, 0.741204, 0.032292, 0.026852]",train,dbscam_euclidean,0,False,True,0.24727457761764526
1890,LGH020002,"[0.283594, 0.591204, 0.024479, 0.025]",train,dbscam_euclidean,0,False,True,0.3297728896141052
1890,LGH020002,"[0.551823, 0.647222, 0.036979, 0.027778]",train,dbscam_euclidean,0,False,True,0.269491046667099
1890,LGH020002,"[0.952604, 0.693056, 0.08125, 0.056481]",train,dbscam_euclidean,0,False,True,0.39947596192359924
1890,LGH020002,"[0.574219, 0.565278, 0.020313, 0.030556]",train,dbscam_euclidean,0,False,True,0.4185749590396881
1890,LGH020002,"[0.711719, 0.941667, 0.017188, 0.064815]",train,dbscam_euclidean,0,False,True,0.3317619562149048
1890,LGH020002,"[0.727604, 0.453241, 0.0375, 0.032407]",train,dbscam_euclidean,0,False,True,0.30999693274497986
1890,LGH020002,"[0.185938, 0.567593, 0.022917, 0.024074]",train,dbscam_euclidean,0,False,True,0.33000537753105164
1890,LGH020002,"[0.119531, 0.748611, 0.016146, 0.008333]",train,dbscam_euclidean,0,False,True,0.47061416506767273
1890,LGH020002,"[0.920573, 0.878241, 0.081771, 0.078704]",train,dbscam_euclidean,0,False,True,0.4938340187072754
1890,LGH020002,"[0.255469, 0.816204, 0.022396, 0.039815]",train,dbscam_euclidean,0,False,True,0.2931247353553772
1890,LGH020002,"[0.532292, 0.596296, 0.059375, 0.02963]",train,dbscam_euclidean,0,False,True,0.3332207202911377
1890,LGH020002,"[0.619271, 0.803241, 0.020833, 0.034259]",train,dbscam_euclidean,0,False,True,0.2549118399620056
1890,LGH020002,"[0.610677, 0.72037, 0.010937, 0.051852]",train,dbscam_euclidean,0,False,True,0.37617525458335876
1890,LGH020002,"[0.648438, 0.520833, 0.05625, 0.060185]",train,dbscam_euclidean,0,False,True,0.3574097454547882
1890,LGH020002,"[0.517448, 0.454167, 0.026562, 0.036111]",train,dbscam_euclidean,0,False,True,0.27522119879722595
1890,LGH020002,"[0.388802, 0.428704, 0.008854, 0.018519]",train,dbscam_euclidean,0,False,True,0.4577954113483429
1890,LGH020002,"[0.501302, 0.731481, 0.031771, 0.068519]",train,dbscam_euclidean,0,False,True,0.3097912669181824
1890,LGH020002,"[0.369271, 0.476852, 0.010417, 0.025926]",train,dbscam_euclidean,0,False,True,0.46391740441322327
1890,LGH020002,"[0.390365, 0.353704, 0.019271, 0.031481]",train,dbscam_euclidean,0,False,True,0.2848176658153534
1890,LGH020002,"[0.636979, 0.788889, 0.0625, 0.038889]",train,dbscam_euclidean,0,False,True,0.29928267002105713
1890,LGH020002,"[0.302344, 0.765741, 0.064062, 0.064815]",train,dbscam_euclidean,0,False,True,0.3731868267059326
1890,LGH020002,"[0.86901, 0.246296, 0.045312, 0.066667]",train,dbscam_euclidean,0,False,True,0.36697348952293396
1890,LGH020002,"[0.527865, 0.687037, 0.017188, 0.027778]",train,dbscam_euclidean,0,False,True,0.4013969898223877
1890,LGH020002,"[0.704427, 0.463426, 0.054688, 0.034259]",train,dbscam_euclidean,0,False,True,0.2559138536453247
1890,LGH020002,"[0.590104, 0.506944, 0.01875, 0.052778]",train,dbscam_euclidean,0,False,True,0.3293534517288208
1890,LGH020002,"[0.634896, 0.425, 0.01875, 0.042593]",train,dbscam_euclidean,0,False,True,0.22831270098686218
1890,LGH020002,"[0.923077, 0.432865, 0.068238, 0.058451]",train,dbscam_euclidean,0,False,True,0.38141489028930664
1890,LGH020002,"[0.96371, 0.540943, 0.065136, 0.095947]",train,dbscam_euclidean,0,False,True,0.5351659059524536
1890,LGH020002,"[0.837779, 0.48139, 0.076303, 0.054039]",train,dbscam_euclidean,0,False,True,0.37644582986831665
1890,LGH020002,"[0.854529, 0.411359, 0.049007, 0.055142]",train,dbscam_euclidean,0,False,True,0.33464235067367554
1890,LGH020002,"[0.480769, 0.967191, 0.01737, 0.059553]",train,dbscam_euclidean,0,False,True,0.2667178809642792
1890,LGH020002,"[0.211849, 0.649021, 0.045285, 0.056245]",train,dbscam_euclidean,0,False,True,0.29896366596221924
1890,LGH020002,"[0.640819, 0.355114, 0.034739, 0.03088]",train,dbscam_euclidean,0,False,True,0.286923348903656
210,LGH020002,"[0.03776, 0.46713, 0.069271, 0.073148]",train,dbscam_euclidean,0,False,True,0.4742598533630371
210,LGH020002,"[0.234115, 0.012037, 0.019271, 0.024074]",train,dbscam_euclidean,0,False,True,0.32904717326164246
210,LGH020002,"[0.626042, 0.456944, 0.03125, 0.025]",train,dbscam_euclidean,0,False,True,0.2566046118736267
210,LGH020002,"[0.707292, 0.491667, 0.022917, 0.022222]",train,dbscam_euclidean,0,False,True,0.3715759217739105
210,LGH020002,"[0.364583, 0.310185, 0.017708, 0.024074]",train,dbscam_euclidean,0,False,True,0.33727094531059265
210,LGH020002,"[0.961719, 0.446759, 0.052604, 0.093519]",train,dbscam_euclidean,0,False,True,0.4926058351993561
210,LGH020002,"[0.453646, 0.548148, 0.032292, 0.025926]",train,dbscam_euclidean,0,False,True,0.3368590176105499
210,LGH020002,"[0.017969, 0.349537, 0.035937, 0.050926]",train,dbscam_euclidean,0,False,True,0.31045955419540405
210,LGH020002,"[0.719531, 0.34213, 0.023438, 0.050926]",train,dbscam_euclidean,0,False,True,0.32646992802619934
210,LGH020002,"[0.534375, 0.204167, 0.020833, 0.015741]",train,dbscam_euclidean,0,False,True,0.40762096643447876
210,LGH020002,"[0.484115, 0.525926, 0.048438, 0.022222]",train,dbscam_euclidean,0,False,True,0.3589142858982086
210,LGH020002,"[0.340365, 0.118981, 0.022396, 0.037963]",train,dbscam_euclidean,0,False,True,0.28093767166137695
210,LGH020002,"[0.877344, 0.715278, 0.063021, 0.028704]",train,dbscam_euclidean,0,False,True,0.2517293095588684
210,LGH020002,"[0.386198, 0.435185, 0.048438, 0.025926]",train,dbscam_euclidean,0,False,True,0.3461032807826996
210,LGH020002,"[0.777604, 0.302315, 0.047917, 0.076852]",train,dbscam_euclidean,0,False,True,0.39059361815452576
210,LGH020002,"[0.967708, 0.347685, 0.059375, 0.058333]",train,dbscam_euclidean,0,False,True,0.39887359738349915
210,LGH020002,"[0.976302, 0.724537, 0.046354, 0.043519]",train,dbscam_euclidean,0,False,True,0.23827879130840302
210,LGH020002,"[0.585156, 0.673148, 0.052604, 0.07037]",train,dbscam_euclidean,0,False,True,0.37109094858169556
210,LGH020002,"[0.7, 0.756019, 0.072917, 0.075]",train,dbscam_euclidean,0,False,True,0.4239429235458374
210,LGH020002,"[0.683073, 0.235648, 0.021354, 0.060185]",train,dbscam_euclidean,0,False,True,0.32154396176338196
210,LGH020002,"[0.296094, 0.475463, 0.046354, 0.019444]",train,dbscam_euclidean,0,False,True,0.3812876045703888
210,LGH020002,"[0.753906, 0.398611, 0.034896, 0.089815]",train,dbscam_euclidean,0,False,True,0.4093930423259735
210,LGH020002,"[0.978385, 0.366667, 0.042188, 0.053704]",train,dbscam_euclidean,0,False,True,0.30994805693626404
210,LGH020002,"[0.273698, 0.419444, 0.058854, 0.127778]",train,dbscam_euclidean,0,False,True,0.5611010789871216
210,LGH020002,"[0.848958, 0.905093, 0.035417, 0.062037]",train,dbscam_euclidean,0,False,True,0.2962016761302948
210,LGH020002,"[0.152344, 0.585648, 0.105729, 0.05463]",train,dbscam_euclidean,0,False,True,0.427325576543808
210,LGH020002,"[0.025781, 0.185185, 0.051562, 0.098148]",train,dbscam_euclidean,0,False,True,0.4878104329109192
210,LGH020002,"[0.439844, 0.396759, 0.049479, 0.052778]",train,dbscam_euclidean,0,False,True,0.3003968298435211
210,LGH020002,"[0.966146, 0.068519, 0.051042, 0.022222]",train,dbscam_euclidean,0,False,True,0.3546597361564636
210,LGH020002,"[0.679948, 0.643519, 0.042188, 0.059259]",train,dbscam_euclidean,0,False,True,0.2783511281013489
210,LGH020002,"[0.688281, 0.693519, 0.039062, 0.035185]",train,dbscam_euclidean,0,False,True,0.22719340026378632
210,LGH020002,"[0.022656, 0.926852, 0.045312, 0.048148]",train,dbscam_euclidean,0,False,True,0.3562726676464081
210,LGH020002,"[0.36875, 0.609259, 0.063542, 0.051852]",train,dbscam_euclidean,0,False,True,0.3325117230415344
210,LGH020002,"[0.715365, 0.769907, 0.022396, 0.013889]",train,dbscam_euclidean,0,False,True,0.377844899892807
210,LGH020002,"[0.71849, 0.806481, 0.029687, 0.062963]",train,dbscam_euclidean,0,False,True,0.3076619803905487
210,LGH020002,"[0.140104, 0.787037, 0.020833, 0.031481]",train,dbscam_euclidean,0,False,True,0.29331809282302856
210,LGH020002,"[0.540104, 0.419444, 0.021875, 0.051852]",train,dbscam_euclidean,0,False,True,0.345081090927124
210,LGH020002,"[0.396094, 0.487037, 0.013021, 0.02037]",train,dbscam_euclidean,0,False,True,0.46776607632637024
210,LGH020002,"[0.232813, 0.583796, 0.051042, 0.026852]",train,dbscam_euclidean,0,False,True,0.30590829253196716
210,LGH020002,"[0.476302, 0.486111, 0.034896, 0.018519]",train,dbscam_euclidean,0,False,True,0.3792169988155365
210,LGH020002,"[0.827344, 0.389352, 0.066146, 0.047222]",train,dbscam_euclidean,0,False,True,0.3319666087627411
210,LGH020002,"[0.689063, 0.55463, 0.05625, 0.066667]",train,dbscam_euclidean,0,False,True,0.4128846824169159
210,LGH020002,"[0.377604, 0.767593, 0.041667, 0.046296]",train,dbscam_euclidean,0,False,True,0.28603678941726685
210,LGH020002,"[0.949479, 0.106481, 0.015625, 0.02037]",train,dbscam_euclidean,0,False,True,0.40684938430786133
210,LGH020002,"[0.806771, 0.309722, 0.065625, 0.063889]",train,dbscam_euclidean,0,False,True,0.3962360620498657
210,LGH020002,"[0.571875, 0.336574, 0.015625, 0.017593]",train,dbscam_euclidean,0,False,True,0.4035605788230896
210,LGH020002,"[0.121354, 0.546296, 0.047917, 0.024074]",train,dbscam_euclidean,0,False,True,0.3210364282131195
210,LGH020002,"[0.545312, 0.815741, 0.04375, 0.038889]",train,dbscam_euclidean,0,False,True,0.27878567576408386
210,LGH020002,"[0.914062, 0.824074, 0.05625, 0.059259]",train,dbscam_euclidean,0,False,True,0.3619353771209717
210,LGH020002,"[0.809896, 0.689815, 0.097917, 0.061111]",train,dbscam_euclidean,0,False,True,0.39962685108184814
210,LGH020002,"[0.179688, 0.52037, 0.026042, 0.02037]",train,dbscam_euclidean,0,False,True,0.34249192476272583
210,LGH020002,"[0.717708, 0.389352, 0.05, 0.047222]",train,dbscam_euclidean,0,False,True,0.2989652752876282
210,LGH020002,"[0.84401, 0.736111, 0.034896, 0.02963]",train,dbscam_euclidean,0,False,True,0.21655356884002686
210,LGH020002,"[0.417448, 0.678241, 0.031771, 0.026852]",train,dbscam_euclidean,0,False,True,0.23059913516044617
210,LGH020002,"[0.454948, 0.650463, 0.036979, 0.04537]",train,dbscam_euclidean,0,False,True,0.2267255336046219
210,LGH020002,"[0.567448, 0.563426, 0.006771, 0.023148]",train,dbscam_euclidean,0,False,True,0.4483095705509186
210,LGH020002,"[0.581771, 0.515278, 0.035417, 0.075]",train,dbscam_euclidean,0,False,True,0.39818713068962097
210,LGH020002,"[0.645312, 0.721296, 0.046875, 0.057407]",train,dbscam_euclidean,0,False,True,0.2808046340942383
210,LGH020002,"[0.408073, 0.703241, 0.029687, 0.037963]",train,dbscam_euclidean,0,False,True,0.2253238558769226
210,LGH020002,"[0.870313, 0.295833, 0.029167, 0.039815]",train,dbscam_euclidean,0,False,True,0.2851881682872772
210,LGH020002,"[0.434375, 0.6, 0.038542, 0.038889]",train,dbscam_euclidean,0,False,True,0.24264797568321228
210,LGH020002,"[0.728385, 0.364815, 0.025521, 0.024074]",train,dbscam_euclidean,0,False,True,0.33281606435775757
210,LGH020002,"[0.658333, 0.423148, 0.033333, 0.025926]",train,dbscam_euclidean,0,False,True,0.282429963350296
210,LGH020002,"[0.370052, 0.176389, 0.011979, 0.032407]",train,dbscam_euclidean,0,False,True,0.4540160298347473
210,LGH020002,"[0.090625, 0.800463, 0.008333, 0.017593]",train,dbscam_euclidean,0,False,True,0.4489361643791199
210,LGH020002,"[0.989583, 0.973611, 0.019792, 0.050926]",train,dbscam_euclidean,0,False,True,0.2758888006210327
210,LGH020002,"[0.883854, 0.273611, 0.007292, 0.017593]",train,dbscam_euclidean,0,False,True,0.4754674732685089
210,LGH020002,"[0.635938, 0.694907, 0.026042, 0.047222]",train,dbscam_euclidean,0,False,True,0.3043878972530365
210,LGH020002,"[0.454688, 0.696296, 0.026042, 0.024074]",train,dbscam_euclidean,0,False,True,0.29522421956062317
210,LGH020002,"[0.69349, 0.844907, 0.028646, 0.026852]",train,dbscam_euclidean,0,False,True,0.3119378983974457
210,LGH020002,"[0.763542, 0.711111, 0.01875, 0.024074]",train,dbscam_euclidean,0,False,True,0.3548555076122284
210,LGH020002,"[0.228385, 0.29537, 0.041146, 0.027778]",train,dbscam_euclidean,0,False,True,0.27390819787979126
210,LGH020002,"[0.672917, 0.405556, 0.027083, 0.027778]",train,dbscam_euclidean,0,False,True,0.23438650369644165
210,LGH020002,"[0.499479, 0.79537, 0.029167, 0.025926]",train,dbscam_euclidean,0,False,True,0.2789495885372162
210,LGH020002,"[0.80273, 0.429005, 0.064516, 0.063965]",train,dbscam_euclidean,0,False,True,0.3606910705566406
210,LGH020002,"[0.866005, 0.511718, 0.105459, 0.074993]",train,dbscam_euclidean,0,False,True,0.5286321640014648
210,LGH020002,"[0.936104, 0.504549, 0.122829, 0.078302]",train,dbscam_euclidean,0,False,False,0.5917225480079651
210,LGH020002,"[0.889578, 0.641301, 0.10794, 0.060656]",train,dbscam_euclidean,0,False,True,0.494941771030426
300,LGH020002,"[0.676302, 0.15, 0.076563, 0.07037]",train,dbscam_euclidean,0,False,True,0.450067400932312
300,LGH020002,"[0.936979, 0.075463, 0.096875, 0.150926]",train,dbscam_euclidean,-1,True,False,
300,LGH020002,"[0.719531, 0.304167, 0.075521, 0.047222]",train,dbscam_euclidean,0,False,True,0.3457079529762268
300,LGH020002,"[0.566406, 0.274074, 0.041146, 0.037037]",train,dbscam_euclidean,0,False,True,0.262562096118927
300,LGH020002,"[0.899219, 0.026389, 0.048438, 0.052778]",train,dbscam_euclidean,0,False,True,0.27821171283721924
300,LGH020002,"[0.838802, 0.018056, 0.041146, 0.036111]",train,dbscam_euclidean,0,False,True,0.24327601492404938
300,LGH020002,"[0.209375, 0.159722, 0.08125, 0.119444]",train,dbscam_euclidean,0,False,False,0.5790936350822449
300,LGH020002,"[0.208854, 0.352315, 0.067708, 0.056481]",train,dbscam_euclidean,0,False,True,0.39314839243888855
300,LGH020002,"[0.326302, 0.293519, 0.074479, 0.059259]",train,dbscam_euclidean,0,False,True,0.39561697840690613
300,LGH020002,"[0.223177, 0.241204, 0.061979, 0.087963]",train,dbscam_euclidean,0,False,True,0.4075281023979187
300,LGH020002,"[0.569271, 0.210648, 0.025, 0.106481]",train,dbscam_euclidean,0,False,True,0.3623126149177551
300,LGH020002,"[0.191406, 0.881944, 0.122396, 0.158333]",train,dbscam_euclidean,-1,True,False,
300,LGH020002,"[0.83125, 0.364352, 0.0875, 0.050926]",train,dbscam_euclidean,0,False,True,0.38260430097579956
300,LGH020002,"[0.121615, 0.136111, 0.109896, 0.138889]",train,dbscam_euclidean,0,False,False,0.6216452717781067
300,LGH020002,"[0.879687, 0.101389, 0.053125, 0.093519]",train,dbscam_euclidean,0,False,True,0.40798628330230713
300,LGH020002,"[0.159375, 0.266667, 0.06875, 0.077778]",train,dbscam_euclidean,0,False,True,0.43414273858070374
300,LGH020002,"[0.988802, 0.023148, 0.021354, 0.046296]",train,dbscam_euclidean,0,False,True,0.33888939023017883
300,LGH020002,"[0.595313, 0.402778, 0.036458, 0.037037]",train,dbscam_euclidean,0,False,True,0.3234730660915375
300,LGH020002,"[0.554688, 0.060648, 0.044792, 0.121296]",train,dbscam_euclidean,0,False,True,0.4517432749271393
300,LGH020002,"[0.494792, 0.45463, 0.042708, 0.018519]",train,dbscam_euclidean,0,False,True,0.4529322683811188
300,LGH020002,"[0.292448, 0.031019, 0.041146, 0.062037]",train,dbscam_euclidean,0,False,True,0.3480394184589386
300,LGH020002,"[0.249219, 0.503704, 0.063021, 0.025926]",train,dbscam_euclidean,0,False,True,0.4412212371826172
300,LGH020002,"[0.484635, 0.158333, 0.036979, 0.072222]",train,dbscam_euclidean,0,False,True,0.3031770586967468
300,LGH020002,"[0.708854, 0.01713, 0.022917, 0.034259]",train,dbscam_euclidean,0,False,True,0.2704090178012848
300,LGH020002,"[0.676823, 0.443056, 0.047396, 0.091667]",train,dbscam_euclidean,0,False,True,0.3727756440639496
300,LGH020002,"[0.394792, 0.210185, 0.0375, 0.075926]",train,dbscam_euclidean,0,False,True,0.26191771030426025
300,LGH020002,"[0.515365, 0.386111, 0.039062, 0.02963]",train,dbscam_euclidean,0,False,True,0.34575551748275757
300,LGH020002,"[0.422656, 0.318981, 0.044271, 0.026852]",train,dbscam_euclidean,0,False,True,0.3375951051712036
300,LGH020002,"[0.390885, 0.077778, 0.030729, 0.05]",train,dbscam_euclidean,0,False,True,0.23917445540428162
300,LGH020002,"[0.038542, 0.671296, 0.077083, 0.07037]",train,dbscam_euclidean,0,False,True,0.40759357810020447
300,LGH020002,"[0.420833, 0.358796, 0.032292, 0.050926]",train,dbscam_euclidean,0,False,True,0.2303154468536377
300,LGH020002,"[0.953906, 0.256944, 0.044271, 0.019444]",train,dbscam_euclidean,0,False,True,0.37533462047576904
300,LGH020002,"[0.410938, 0.456019, 0.036458, 0.049074]",train,dbscam_euclidean,0,False,True,0.2291109263896942
300,LGH020002,"[0.47526, 0.308796, 0.031771, 0.067593]",train,dbscam_euclidean,0,False,True,0.2782110571861267
300,LGH020002,"[0.80026, 0.170833, 0.030729, 0.063889]",train,dbscam_euclidean,0,False,True,0.29280543327331543
300,LGH020002,"[0.566146, 0.727778, 0.028125, 0.05]",train,dbscam_euclidean,0,False,True,0.2579643726348877
300,LGH020002,"[0.541146, 0.174074, 0.023958, 0.072222]",train,dbscam_euclidean,0,False,True,0.2420438975095749
300,LGH020002,"[0.716406, 0.184722, 0.044271, 0.071296]",train,dbscam_euclidean,0,False,True,0.3044564127922058
300,LGH020002,"[0.580208, 0.930093, 0.020833, 0.062037]",train,dbscam_euclidean,0,False,True,0.2958439290523529
300,LGH020002,"[0.886458, 0.21713, 0.014583, 0.063889]",train,dbscam_euclidean,0,False,True,0.4359939992427826
300,LGH020002,"[0.254688, 0.078241, 0.013542, 0.060185]",train,dbscam_euclidean,0,False,True,0.36280012130737305
300,LGH020002,"[0.709115, 0.406944, 0.042188, 0.026852]",train,dbscam_euclidean,0,False,True,0.3332970142364502
300,LGH020002,"[0.467969, 0.253241, 0.025521, 0.043519]",train,dbscam_euclidean,0,False,True,0.2645508050918579
300,LGH020002,"[0.554427, 0.343056, 0.030729, 0.047222]",train,dbscam_euclidean,0,False,True,0.2622745633125305
300,LGH020002,"[0.604948, 0.031944, 0.038021, 0.063889]",train,dbscam_euclidean,0,False,True,0.2720378041267395
300,LGH020002,"[0.548698, 0.669444, 0.027604, 0.046296]",train,dbscam_euclidean,0,False,True,0.2355812042951584
300,LGH020002,"[0.073438, 0.135648, 0.032292, 0.023148]",train,dbscam_euclidean,0,False,True,0.3094647526741028
300,LGH020002,"[0.734375, 0.041667, 0.061458, 0.066667]",train,dbscam_euclidean,0,False,True,0.33591029047966003
300,LGH020002,"[0.079427, 0.477315, 0.158854, 0.071296]",train,dbscam_euclidean,0,False,False,0.5933051109313965
300,LGH020002,"[0.725781, 0.1375, 0.018229, 0.050926]",train,dbscam_euclidean,0,False,True,0.2527070641517639
300,LGH020002,"[0.407552, 0.510648, 0.029687, 0.047222]",train,dbscam_euclidean,0,False,True,0.23162546753883362
300,LGH020002,"[0.013021, 0.318981, 0.026042, 0.037963]",train,dbscam_euclidean,0,False,True,0.3096688389778137
300,LGH020002,"[0.475781, 0.227315, 0.028646, 0.026852]",train,dbscam_euclidean,0,False,True,0.3413998484611511
300,LGH020002,"[0.464583, 0.2125, 0.051042, 0.056481]",train,dbscam_euclidean,0,False,True,0.2795904278755188
300,LGH020002,"[0.851042, 0.102778, 0.045833, 0.053704]",train,dbscam_euclidean,0,False,True,0.28956305980682373
300,LGH020002,"[0.283073, 0.386111, 0.060937, 0.07037]",train,dbscam_euclidean,0,False,True,0.4279625117778778
300,LGH020002,"[0.574219, 0.058796, 0.025521, 0.076852]",train,dbscam_euclidean,0,False,True,0.3421447277069092
300,LGH020002,"[0.610677, 0.285648, 0.016146, 0.102778]",train,dbscam_euclidean,0,False,True,0.36392542719841003
300,LGH020002,"[0.286458, 0.068981, 0.030208, 0.075]",train,dbscam_euclidean,0,False,True,0.27951735258102417
300,LGH020002,"[0.547656, 0.234259, 0.010937, 0.014815]",train,dbscam_euclidean,0,False,True,0.4735727310180664
300,LGH020002,"[0.502344, 0.544907, 0.021354, 0.026852]",train,dbscam_euclidean,0,False,True,0.3979787528514862
300,LGH020002,"[0.015365, 0.498148, 0.030729, 0.031481]",train,dbscam_euclidean,0,False,True,0.305031955242157
300,LGH020002,"[0.47526, 0.411111, 0.038021, 0.055556]",train,dbscam_euclidean,0,False,True,0.34636324644088745
300,LGH020002,"[0.656771, 0.451852, 0.035417, 0.027778]",train,dbscam_euclidean,0,False,True,0.27395644783973694
300,LGH020002,"[0.290104, 0.360185, 0.046875, 0.022222]",train,dbscam_euclidean,0,False,True,0.4284670650959015
300,LGH020002,"[0.476562, 0.48287, 0.027083, 0.034259]",train,dbscam_euclidean,0,False,True,0.2658337950706482
300,LGH020002,"[0.450521, 0.250926, 0.017708, 0.038889]",train,dbscam_euclidean,0,False,True,0.31128016114234924
300,LGH020002,"[0.847656, 0.911111, 0.007812, 0.016667]",train,dbscam_euclidean,0,False,True,0.5019828081130981
300,LGH020002,"[0.428385, 0.699074, 0.049479, 0.094444]",train,dbscam_euclidean,0,False,True,0.37352707982063293
300,LGH020002,"[0.808073, 0.987037, 0.049479, 0.024074]",train,dbscam_euclidean,0,False,True,0.36308369040489197
300,LGH020002,"[0.838802, 0.055556, 0.041146, 0.111111]",train,dbscam_euclidean,0,False,True,0.3625713586807251
300,LGH020002,"[0.85651, 0.243981, 0.022396, 0.050926]",train,dbscam_euclidean,0,False,True,0.2713145613670349
300,LGH020002,"[0.517448, 0.114815, 0.026562, 0.083333]",train,dbscam_euclidean,0,False,True,0.36915045976638794
300,LGH020002,"[0.126302, 0.178241, 0.070312, 0.082407]",train,dbscam_euclidean,0,False,True,0.43918949365615845
300,LGH020002,"[0.463021, 0.20787, 0.0375, 0.021296]",train,dbscam_euclidean,0,False,True,0.3865496516227722
300,LGH020002,"[0.288542, 0.014352, 0.034375, 0.028704]",train,dbscam_euclidean,0,False,True,0.3039090633392334
300,LGH020002,"[0.872396, 0.172222, 0.0375, 0.044444]",train,dbscam_euclidean,0,False,True,0.29219526052474976
300,LGH020002,"[0.901563, 0.314352, 0.020833, 0.05463]",train,dbscam_euclidean,0,False,True,0.3083314299583435
300,LGH020002,"[0.613021, 0.319907, 0.00625, 0.032407]",train,dbscam_euclidean,0,False,True,0.542384147644043
300,LGH020002,"[0.710156, 0.062963, 0.013021, 0.025926]",train,dbscam_euclidean,0,False,True,0.4713279902935028
1140,LGH020002,"[0.388802, 0.043981, 0.028646, 0.087963]",train,dbscam_euclidean,0,False,True,0.4000032842159271
1140,LGH020002,"[0.498177, 0.425463, 0.022396, 0.060185]",train,dbscam_euclidean,0,False,True,0.35055214166641235
1140,LGH020002,"[0.059896, 0.495833, 0.078125, 0.034259]",train,dbscam_euclidean,0,False,True,0.3403113782405853
1140,LGH020002,"[0.322656, 0.738426, 0.049479, 0.049074]",train,dbscam_euclidean,0,False,True,0.27056950330734253
1140,LGH020002,"[0.547396, 0.775, 0.042708, 0.059259]",train,dbscam_euclidean,0,False,True,0.3469363749027252
1140,LGH020002,"[0.069271, 0.624074, 0.057292, 0.031481]",train,dbscam_euclidean,0,False,True,0.2632114589214325
1140,LGH020002,"[0.46276, 0.362963, 0.033854, 0.05]",train,dbscam_euclidean,0,False,True,0.2890508770942688
1140,LGH020002,"[0.548958, 0.468981, 0.026042, 0.041667]",train,dbscam_euclidean,0,False,True,0.2583150863647461
1140,LGH020002,"[0.459896, 0.250926, 0.032292, 0.087037]",train,dbscam_euclidean,0,False,True,0.39350882172584534
1140,LGH020002,"[0.94375, 0.022685, 0.028125, 0.04537]",train,dbscam_euclidean,0,False,True,0.2869788408279419
1140,LGH020002,"[0.715104, 0.226852, 0.016667, 0.037037]",train,dbscam_euclidean,0,False,True,0.2525423467159271
1140,LGH020002,"[0.451823, 0.601389, 0.034896, 0.037963]",train,dbscam_euclidean,0,False,True,0.2532879412174225
1140,LGH020002,"[0.644271, 0.726852, 0.060417, 0.057407]",train,dbscam_euclidean,0,False,True,0.3628826141357422
1140,LGH020002,"[0.697917, 0.477778, 0.035417, 0.031481]",train,dbscam_euclidean,0,False,True,0.22792910039424896
1140,LGH020002,"[0.127083, 0.306481, 0.025, 0.037037]",train,dbscam_euclidean,0,False,True,0.23950543999671936
1140,LGH020002,"[0.18151, 0.473611, 0.053646, 0.078704]",train,dbscam_euclidean,0,False,True,0.46936681866645813
1140,LGH020002,"[0.453385, 0.503704, 0.030729, 0.022222]",train,dbscam_euclidean,0,False,True,0.3099275231361389
1140,LGH020002,"[0.209635, 0.540278, 0.040104, 0.043519]",train,dbscam_euclidean,0,False,True,0.28101104497909546
1140,LGH020002,"[0.334375, 0.637963, 0.059375, 0.038889]",train,dbscam_euclidean,0,False,True,0.266033411026001
1140,LGH020002,"[0.55599, 0.731944, 0.049479, 0.049074]",train,dbscam_euclidean,0,False,True,0.32752400636672974
1140,LGH020002,"[0.514062, 0.616667, 0.029167, 0.025926]",train,dbscam_euclidean,0,False,True,0.23815026879310608
1140,LGH020002,"[0.360938, 0.466204, 0.040625, 0.076852]",train,dbscam_euclidean,0,False,True,0.3983727991580963
1140,LGH020002,"[0.488281, 0.556019, 0.024479, 0.026852]",train,dbscam_euclidean,0,False,True,0.29001834988594055
1140,LGH020002,"[0.177083, 0.405556, 0.034375, 0.075926]",train,dbscam_euclidean,0,False,True,0.37506669759750366
1140,LGH020002,"[0.339844, 0.519444, 0.065104, 0.046296]",train,dbscam_euclidean,0,False,True,0.32729658484458923
1140,LGH020002,"[0.166146, 0.379167, 0.0125, 0.023148]",train,dbscam_euclidean,0,False,True,0.3873539865016937
1140,LGH020002,"[0.636198, 0.518519, 0.039062, 0.022222]",train,dbscam_euclidean,0,False,True,0.3512780964374542
1140,LGH020002,"[0.666406, 0.500926, 0.034896, 0.018519]",train,dbscam_euclidean,0,False,True,0.35364702343940735
1140,LGH020002,"[0.19974, 0.678704, 0.032813, 0.024074]",train,dbscam_euclidean,0,False,True,0.30453598499298096
1140,LGH020002,"[0.027083, 0.264352, 0.042708, 0.034259]",train,dbscam_euclidean,0,False,True,0.23269589245319366
1140,LGH020002,"[0.63099, 0.580556, 0.041146, 0.037037]",train,dbscam_euclidean,0,False,True,0.2297811508178711
1140,LGH020002,"[0.314323, 0.560648, 0.010937, 0.043519]",train,dbscam_euclidean,0,False,True,0.34596696496009827
1140,LGH020002,"[0.356771, 0.822222, 0.059375, 0.022222]",train,dbscam_euclidean,0,False,True,0.3725077211856842
1140,LGH020002,"[0.240365, 0.557407, 0.027604, 0.031481]",train,dbscam_euclidean,0,False,True,0.17826461791992188
1140,LGH020002,"[0.584896, 0.762963, 0.033333, 0.042593]",train,dbscam_euclidean,0,False,True,0.25964558124542236
1140,LGH020002,"[0.008333, 0.985185, 0.016667, 0.027778]",train,dbscam_euclidean,0,False,True,0.34815508127212524
1140,LGH020002,"[0.136719, 0.993056, 0.022396, 0.012037]",train,dbscam_euclidean,0,False,True,0.34620386362075806
1140,LGH020002,"[0.401823, 0.543981, 0.035937, 0.023148]",train,dbscam_euclidean,0,False,True,0.26418066024780273
1140,LGH020002,"[0.467187, 0.765741, 0.028125, 0.033333]",train,dbscam_euclidean,0,False,True,0.21260975301265717
1140,LGH020002,"[0.586979, 0.609259, 0.035417, 0.033333]",train,dbscam_euclidean,0,False,True,0.2077438235282898
1140,LGH020002,"[0.736198, 0.914815, 0.061979, 0.087037]",train,dbscam_euclidean,0,False,True,0.5114999413490295
1140,LGH020002,"[0.379427, 0.434722, 0.014063, 0.019444]",train,dbscam_euclidean,0,False,True,0.37328824400901794
1140,LGH020002,"[0.251042, 0.920833, 0.008333, 0.017593]",train,dbscam_euclidean,0,False,True,0.4256678521633148
1140,LGH020002,"[0.013021, 0.651852, 0.026042, 0.024074]",train,dbscam_euclidean,0,False,True,0.2468237727880478
1140,LGH020002,"[0.446354, 0.698611, 0.032292, 0.043519]",train,dbscam_euclidean,0,False,True,0.20293135941028595
1140,LGH020002,"[0.926823, 0.9125, 0.014063, 0.013889]",train,dbscam_euclidean,0,False,True,0.37399378418922424
1140,LGH020002,"[0.534115, 0.582407, 0.025521, 0.024074]",train,dbscam_euclidean,0,False,True,0.2557929456233978
1140,LGH020002,"[0.992969, 0.818056, 0.013021, 0.019444]",train,dbscam_euclidean,0,False,True,0.3830316960811615
24158,LGH020002,"[0.329688, 0.083333, 0.040625, 0.085185]",train,dbscam_euclidean,0,False,True,0.34996509552001953
24158,LGH020002,"[0.535156, 0.128704, 0.032813, 0.107407]",train,dbscam_euclidean,0,False,True,0.4015754759311676
24158,LGH020002,"[0.822396, 0.210185, 0.063542, 0.044444]",train,dbscam_euclidean,0,False,True,0.31527382135391235
24158,LGH020002,"[0.129948, 0.219444, 0.153646, 0.194444]",train,dbscam_euclidean,-1,True,False,
24158,LGH020002,"[0.875, 0.133333, 0.06875, 0.109259]",train,dbscam_euclidean,0,False,True,0.4827352464199066
24158,LGH020002,"[0.371094, 0.199074, 0.076563, 0.164815]",train,dbscam_euclidean,0,False,True,0.6781721711158752
24158,LGH020002,"[0.716667, 0.391204, 0.064583, 0.037963]",train,dbscam_euclidean,0,False,True,0.30677375197410583
24158,LGH020002,"[0.58125, 0.480093, 0.05625, 0.026852]",train,dbscam_euclidean,0,False,True,0.3507421314716339
24158,LGH020002,"[0.527865, 0.937037, 0.044271, 0.037037]",train,dbscam_euclidean,0,False,True,0.26940006017684937
24158,LGH020002,"[0.436198, 0.058796, 0.024479, 0.117593]",train,dbscam_euclidean,0,False,True,0.3587242662906647
24158,LGH020002,"[0.289583, 0.187037, 0.058333, 0.053704]",train,dbscam_euclidean,0,False,True,0.26540622115135193
24158,LGH020002,"[0.373958, 0.078704, 0.033333, 0.122222]",train,dbscam_euclidean,0,False,True,0.40313321352005005
24158,LGH020002,"[0.906771, 0.49537, 0.0875, 0.051852]",train,dbscam_euclidean,0,False,True,0.3663524091243744
24158,LGH020002,"[0.770312, 0.111574, 0.054167, 0.049074]",train,dbscam_euclidean,0,False,True,0.29616308212280273
24158,LGH020002,"[0.220052, 0.173611, 0.065104, 0.121296]",train,dbscam_euclidean,0,False,True,0.5033909678459167
24158,LGH020002,"[0.426563, 0.434259, 0.036458, 0.083333]",train,dbscam_euclidean,0,False,True,0.33310577273368835
24158,LGH020002,"[0.636979, 0.385185, 0.064583, 0.051852]",train,dbscam_euclidean,0,False,True,0.2937747836112976
24158,LGH020002,"[0.946615, 0.425926, 0.105729, 0.040741]",train,dbscam_euclidean,0,False,True,0.36514297127723694
24158,LGH020002,"[0.433333, 0.344444, 0.057292, 0.064815]",train,dbscam_euclidean,0,False,True,0.31909358501434326
24158,LGH020002,"[0.809375, 0.108333, 0.057292, 0.098148]",train,dbscam_euclidean,0,False,True,0.4683469235897064
24158,LGH020002,"[0.839844, 0.286111, 0.091146, 0.048148]",train,dbscam_euclidean,0,False,True,0.3893558382987976
24158,LGH020002,"[0.56849, 0.331944, 0.027604, 0.030556]",train,dbscam_euclidean,0,False,True,0.3336370289325714
24158,LGH020002,"[0.255469, 0.303241, 0.029687, 0.060185]",train,dbscam_euclidean,0,False,True,0.25584566593170166
24158,LGH020002,"[0.577604, 0.542593, 0.027083, 0.044444]",train,dbscam_euclidean,0,False,True,0.27984580397605896
24158,LGH020002,"[0.472917, 0.294444, 0.032292, 0.074074]",train,dbscam_euclidean,0,False,True,0.3081710636615753
24158,LGH020002,"[0.258594, 0.555556, 0.113021, 0.094444]",train,dbscam_euclidean,0,False,True,0.5643238425254822
24158,LGH020002,"[0.564844, 0.213426, 0.025521, 0.076852]",train,dbscam_euclidean,0,False,True,0.3276911675930023
24158,LGH020002,"[0.973698, 0.058333, 0.051562, 0.081481]",train,dbscam_euclidean,0,False,True,0.3690694570541382
24158,LGH020002,"[0.66224, 0.613426, 0.025521, 0.037963]",train,dbscam_euclidean,0,False,True,0.26082509756088257
24158,LGH020002,"[0.126302, 0.337963, 0.097396, 0.07963]",train,dbscam_euclidean,0,False,True,0.47547751665115356
24158,LGH020002,"[0.10625, 0.252315, 0.077083, 0.032407]",train,dbscam_euclidean,0,False,True,0.29214510321617126
24158,LGH020002,"[0.523177, 0.491204, 0.019271, 0.039815]",train,dbscam_euclidean,0,False,True,0.32269009947776794
24158,LGH020002,"[0.275781, 0.074074, 0.063021, 0.144444]",train,dbscam_euclidean,0,False,True,0.6309414505958557
24158,LGH020002,"[0.548958, 0.35463, 0.05625, 0.062963]",train,dbscam_euclidean,0,False,True,0.4263519048690796
24158,LGH020002,"[0.739844, 0.246759, 0.067187, 0.113889]",train,dbscam_euclidean,0,False,True,0.5352007150650024
24158,LGH020002,"[0.992448, 0.390741, 0.014063, 0.035185]",train,dbscam_euclidean,0,False,True,0.38495588302612305
24158,LGH020002,"[0.925781, 0.402778, 0.109896, 0.055556]",train,dbscam_euclidean,0,False,True,0.43278273940086365
24158,LGH020002,"[0.692708, 0.513889, 0.026042, 0.038889]",train,dbscam_euclidean,0,False,True,0.28325316309928894
24158,LGH020002,"[0.802344, 0.353704, 0.072396, 0.072222]",train,dbscam_euclidean,0,False,True,0.41539061069488525
24158,LGH020002,"[0.705208, 0.456481, 0.044792, 0.057407]",train,dbscam_euclidean,0,False,True,0.26851361989974976
24158,LGH020002,"[0.974219, 0.252315, 0.050521, 0.050926]",train,dbscam_euclidean,0,False,True,0.2605558931827545
24158,LGH020002,"[0.448698, 0.707407, 0.042188, 0.061111]",train,dbscam_euclidean,0,False,True,0.2347642481327057
24158,LGH020002,"[0.382552, 0.027778, 0.030729, 0.055556]",train,dbscam_euclidean,0,False,True,0.23894797265529633
24158,LGH020002,"[0.916146, 0.021296, 0.038542, 0.042593]",train,dbscam_euclidean,0,False,True,0.29553255438804626
24158,LGH020002,"[0.819531, 0.136574, 0.026562, 0.04537]",train,dbscam_euclidean,0,False,True,0.28545552492141724
24158,LGH020002,"[0.861979, 0.246759, 0.05625, 0.063889]",train,dbscam_euclidean,0,False,True,0.2932888865470886
24158,LGH020002,"[0.722135, 0.632407, 0.066146, 0.040741]",train,dbscam_euclidean,0,False,True,0.2801765203475952
24158,LGH020002,"[0.761979, 0.328241, 0.083333, 0.043519]",train,dbscam_euclidean,0,False,True,0.30806106328964233
24158,LGH020002,"[0.45599, 0.447222, 0.047396, 0.122222]",train,dbscam_euclidean,0,False,True,0.42344966530799866
24158,LGH020002,"[0.016406, 0.244444, 0.032813, 0.02037]",train,dbscam_euclidean,0,False,True,0.3850758969783783
24158,LGH020002,"[0.360938, 0.652315, 0.027083, 0.039815]",train,dbscam_euclidean,0,False,True,0.2600058317184448
24158,LGH020002,"[0.789844, 0.273148, 0.047396, 0.068519]",train,dbscam_euclidean,0,False,True,0.3296559453010559
24158,LGH020002,"[0.372135, 0.32963, 0.039062, 0.088889]",train,dbscam_euclidean,0,False,True,0.36972135305404663
24158,LGH020002,"[0.620313, 0.310648, 0.016667, 0.073148]",train,dbscam_euclidean,0,False,True,0.2912513017654419
24158,LGH020002,"[0.615625, 0.263889, 0.017708, 0.025926]",train,dbscam_euclidean,0,False,True,0.3986979126930237
24158,LGH020002,"[0.942448, 0.165741, 0.114062, 0.127778]",train,dbscam_euclidean,0,False,True,0.6148418188095093
24158,LGH020002,"[0.952344, 0.711111, 0.040104, 0.062963]",train,dbscam_euclidean,0,False,True,0.26371467113494873
24158,LGH020002,"[0.890885, 0.389815, 0.019271, 0.025926]",train,dbscam_euclidean,0,False,True,0.40315577387809753
24158,LGH020002,"[0.971875, 0.302315, 0.055208, 0.062037]",train,dbscam_euclidean,0,False,True,0.3046877682209015
24158,LGH020002,"[0.514844, 0.045833, 0.036979, 0.091667]",train,dbscam_euclidean,0,False,True,0.36784541606903076
24158,LGH020002,"[0.990104, 0.195833, 0.01875, 0.021296]",train,dbscam_euclidean,0,False,True,0.40843096375465393
24158,LGH020002,"[0.911198, 0.9375, 0.028646, 0.05463]",train,dbscam_euclidean,0,False,True,0.2611022889614105
24158,LGH020002,"[0.333594, 0.689815, 0.080729, 0.081481]",train,dbscam_euclidean,0,False,True,0.4436548948287964
24158,LGH020002,"[0.665625, 0.482407, 0.008333, 0.027778]",train,dbscam_euclidean,0,False,True,0.4855667054653168
24158,LGH020002,"[0.307292, 0.583333, 0.015625, 0.038889]",train,dbscam_euclidean,0,False,True,0.32880017161369324
24158,LGH020002,"[0.167708, 0.05463, 0.051042, 0.109259]",train,dbscam_euclidean,0,False,True,0.4288981556892395
24158,LGH020002,"[0.847396, 0.015278, 0.029167, 0.030556]",train,dbscam_euclidean,0,False,True,0.29710549116134644
24158,LGH020002,"[0.84401, 0.699537, 0.021354, 0.036111]",train,dbscam_euclidean,0,False,True,0.293925940990448
24158,LGH020002,"[0.808333, 0.245833, 0.010417, 0.013889]",train,dbscam_euclidean,0,False,True,0.45132559537887573
24158,LGH020002,"[0.6625, 0.261574, 0.040625, 0.034259]",train,dbscam_euclidean,0,False,True,0.3162587285041809
24158,LGH020002,"[0.815885, 0.456944, 0.042188, 0.036111]",train,dbscam_euclidean,0,False,True,0.2688586413860321
24158,LGH020002,"[0.655208, 0.461111, 0.020833, 0.048148]",train,dbscam_euclidean,0,False,True,0.3202970027923584
24158,LGH020002,"[0.633594, 0.494444, 0.025521, 0.062963]",train,dbscam_euclidean,0,False,True,0.24104496836662292
24158,LGH020002,"[0.354427, 0.686111, 0.013021, 0.011111]",train,dbscam_euclidean,0,False,True,0.5009891986846924
24158,LGH020002,"[0.413281, 0.638426, 0.028646, 0.037963]",train,dbscam_euclidean,0,False,True,0.25441133975982666
24158,LGH020002,"[0.71849, 0.265278, 0.021354, 0.030556]",train,dbscam_euclidean,0,False,True,0.3133918344974518
24158,LGH020002,"[0.769792, 0.413889, 0.008333, 0.042593]",train,dbscam_euclidean,0,False,True,0.4691472351551056
24158,LGH020002,"[0.879687, 0.079167, 0.039583, 0.080556]",train,dbscam_euclidean,0,False,True,0.31393903493881226
24158,LGH020002,"[0.38151, 0.007407, 0.018229, 0.014815]",train,dbscam_euclidean,0,False,True,0.42410922050476074
24158,LGH020002,"[0.553125, 0.888426, 0.009375, 0.013889]",train,dbscam_euclidean,0,False,True,0.4385383129119873
24158,LGH020002,"[0.333854, 0.356481, 0.021875, 0.038889]",train,dbscam_euclidean,0,False,True,0.2720039486885071
24158,LGH020002,"[0.689323, 0.395833, 0.010937, 0.028704]",train,dbscam_euclidean,0,False,True,0.44291451573371887
24158,LGH020002,"[0.786198, 0.380556, 0.031771, 0.031481]",train,dbscam_euclidean,0,False,True,0.2772313356399536
24158,LGH020002,"[0.88776, 0.778704, 0.039062, 0.068519]",train,dbscam_euclidean,0,False,True,0.30786722898483276
24158,LGH020002,"[0.698438, 0.44537, 0.03125, 0.037037]",train,dbscam_euclidean,0,False,True,0.2778175175189972
24158,LGH020002,"[0.625, 0.55, 0.028125, 0.035185]",train,dbscam_euclidean,0,False,True,0.24446392059326172
24158,LGH020002,"[0.983073, 0.527315, 0.032813, 0.050926]",train,dbscam_euclidean,0,False,True,0.22561031579971313
24158,LGH020002,"[0.95, 0.231019, 0.016667, 0.028704]",train,dbscam_euclidean,0,False,True,0.3295774757862091
24158,LGH020002,"[0.471875, 0.306481, 0.027083, 0.031481]",train,dbscam_euclidean,0,False,True,0.25674280524253845
24158,LGH020002,"[0.986458, 0.369444, 0.026042, 0.068519]",train,dbscam_euclidean,0,False,True,0.286856472492218
24158,LGH020002,"[0.870052, 0.509259, 0.015104, 0.025926]",train,dbscam_euclidean,0,False,True,0.39897432923316956
24158,LGH020002,"[0.576302, 0.932407, 0.036979, 0.07963]",train,dbscam_euclidean,0,False,True,0.27706119418144226
24158,LGH020002,"[0.688542, 0.298611, 0.010417, 0.023148]",train,dbscam_euclidean,0,False,True,0.4179077446460724
24158,LGH020002,"[0.822656, 0.029167, 0.020313, 0.058333]",train,dbscam_euclidean,0,False,True,0.2815985083580017
24158,LGH020002,"[0.585417, 0.259722, 0.046875, 0.028704]",train,dbscam_euclidean,0,False,True,0.29536107182502747
24158,LGH020002,"[0.388542, 0.339352, 0.071875, 0.108333]",train,dbscam_euclidean,0,False,True,0.5424255132675171
24158,LGH020002,"[0.956771, 0.696296, 0.030208, 0.031481]",train,dbscam_euclidean,0,False,True,0.31929585337638855
24158,LGH020002,"[0.933854, 0.055556, 0.021875, 0.111111]",train,dbscam_euclidean,0,False,True,0.349732369184494
24158,LGH020002,"[0.248449, 0.789633, 0.061414, 0.114695]",train,dbscam_euclidean,0,False,True,0.47256654500961304
24158,LGH020002,"[0.591501, 0.66777, 0.01799, 0.080507]",train,dbscam_euclidean,0,False,True,0.35981836915016174
24158,LGH020002,"[0.653226, 0.744968, 0.024814, 0.07389]",train,dbscam_euclidean,0,False,True,0.28636109828948975
24158,LGH020002,"[0.557692, 0.720706, 0.023573, 0.065068]",train,dbscam_euclidean,0,False,True,0.26494330167770386
24158,LGH020002,"[0.60794, 0.610422, 0.028536, 0.071685]",train,dbscam_euclidean,0,False,True,0.2269275188446045
24158,LGH020002,"[0.635236, 0.608216, 0.023573, 0.062862]",train,dbscam_euclidean,0,False,True,0.27306830883026123
2250,LGH020002,"[0.411458, 0.309259, 0.013542, 0.053704]",train,dbscam_euclidean,0,False,True,0.30837658047676086
2250,LGH020002,"[0.882031, 0.133333, 0.040104, 0.085185]",train,dbscam_euclidean,0,False,True,0.4387255311012268
2250,LGH020002,"[0.408333, 0.409722, 0.044792, 0.108333]",train,dbscam_euclidean,-1,True,False,
2250,LGH020002,"[0.541667, 0.764352, 0.016667, 0.030556]",train,dbscam_euclidean,0,False,True,0.32532164454460144
2250,LGH020002,"[0.415625, 0.817593, 0.030208, 0.040741]",train,dbscam_euclidean,0,False,True,0.2529229521751404
2250,LGH020002,"[0.115625, 0.761574, 0.125, 0.049074]",train,dbscam_euclidean,-1,True,False,
2250,LGH020002,"[0.279948, 0.678704, 0.080729, 0.057407]",train,dbscam_euclidean,0,False,True,0.5022925138473511
2250,LGH020002,"[0.549479, 0.627778, 0.040625, 0.02963]",train,dbscam_euclidean,0,False,True,0.2659265995025635
2250,LGH020002,"[0.286458, 0.213426, 0.027083, 0.078704]",train,dbscam_euclidean,0,False,True,0.395810604095459
2250,LGH020002,"[0.411198, 0.614815, 0.063021, 0.037037]",train,dbscam_euclidean,0,False,True,0.31300944089889526
2250,LGH020002,"[0.549479, 0.97037, 0.019792, 0.057407]",train,dbscam_euclidean,0,False,True,0.26218169927597046
2250,LGH020002,"[0.650781, 0.569907, 0.054688, 0.036111]",train,dbscam_euclidean,0,False,True,0.27004197239875793
2250,LGH020002,"[0.276823, 0.321759, 0.031771, 0.025]",train,dbscam_euclidean,0,False,True,0.2041120082139969
2250,LGH020002,"[0.375521, 0.705556, 0.030208, 0.031481]",train,dbscam_euclidean,0,False,True,0.21883811056613922
2250,LGH020002,"[0.617188, 0.393519, 0.057292, 0.037037]",train,dbscam_euclidean,0,False,True,0.32238200306892395
2250,LGH020002,"[0.648177, 0.492593, 0.036979, 0.033333]",train,dbscam_euclidean,0,False,True,0.2778443396091461
2250,LGH020002,"[0.480469, 0.731019, 0.035937, 0.026852]",train,dbscam_euclidean,0,False,True,0.21744586527347565
2250,LGH020002,"[0.986719, 0.0875, 0.025521, 0.030556]",train,dbscam_euclidean,0,False,True,0.23585279285907745
2250,LGH020002,"[0.40599, 0.523148, 0.030729, 0.012963]",train,dbscam_euclidean,0,False,True,0.3440728783607483
2250,LGH020002,"[0.767448, 0.323611, 0.033854, 0.013889]",train,dbscam_euclidean,0,False,True,0.3198181390762329
2250,LGH020002,"[0.027083, 0.083333, 0.009375, 0.022222]",train,dbscam_euclidean,0,False,True,0.4213103950023651
2250,LGH020002,"[0.727344, 0.674537, 0.025521, 0.025]",train,dbscam_euclidean,0,False,True,0.21814300119876862
2250,LGH020002,"[0.673698, 0.735648, 0.043229, 0.023148]",train,dbscam_euclidean,0,False,True,0.2511167824268341
2250,LGH020002,"[0.589583, 0.610648, 0.0375, 0.021296]",train,dbscam_euclidean,0,False,True,0.28918179869651794
2250,LGH020002,"[0.786198, 0.275, 0.035937, 0.024074]",train,dbscam_euclidean,0,False,True,0.1922357976436615
2250,LGH020002,"[0.541406, 0.698611, 0.044271, 0.056481]",train,dbscam_euclidean,0,False,True,0.33036890625953674
2250,LGH020002,"[0.535937, 0.6625, 0.041667, 0.021296]",train,dbscam_euclidean,0,False,True,0.29041463136672974
2250,LGH020002,"[0.788281, 0.893519, 0.091146, 0.053704]",train,dbscam_euclidean,0,False,True,0.5178936719894409
2250,LGH020002,"[0.609896, 0.417593, 0.030208, 0.018519]",train,dbscam_euclidean,0,False,True,0.3043098449707031
2250,LGH020002,"[0.485677, 0.799074, 0.025521, 0.055556]",train,dbscam_euclidean,0,False,True,0.2606475353240967
2250,LGH020002,"[0.604688, 0.934722, 0.042708, 0.039815]",train,dbscam_euclidean,0,False,True,0.2791503369808197
2250,LGH020002,"[0.90625, 0.033333, 0.030208, 0.066667]",train,dbscam_euclidean,0,False,True,0.3547981381416321
2250,LGH020002,"[0.410677, 0.706481, 0.023438, 0.031481]",train,dbscam_euclidean,0,False,True,0.22856773436069489
2250,LGH020002,"[0.540365, 0.572685, 0.041146, 0.030556]",train,dbscam_euclidean,0,False,True,0.2587624490261078
2250,LGH020002,"[0.396875, 0.769907, 0.029167, 0.034259]",train,dbscam_euclidean,0,False,True,0.20015914738178253
2250,LGH020002,"[0.458333, 0.568981, 0.033333, 0.021296]",train,dbscam_euclidean,0,False,True,0.2482425421476364
2250,LGH020002,"[0.510677, 0.840278, 0.016146, 0.017593]",train,dbscam_euclidean,0,False,True,0.35117533802986145
2250,LGH020002,"[0.386719, 0.990741, 0.010937, 0.016667]",train,dbscam_euclidean,0,False,True,0.35550573468208313
2250,LGH020002,"[0.565885, 0.786574, 0.023438, 0.050926]",train,dbscam_euclidean,0,False,True,0.25755950808525085
2250,LGH020002,"[0.699479, 0.974537, 0.03125, 0.047222]",train,dbscam_euclidean,0,False,True,0.2403188943862915
90,LGH020002,"[0.551823, 0.0125, 0.014063, 0.025]",train,dbscam_euclidean,0,False,True,0.3285612463951111
90,LGH020002,"[0.09349, 0.444444, 0.186979, 0.109259]",train,dbscam_euclidean,0,False,True,0.5809648036956787
90,LGH020002,"[0.157292, 0.638889, 0.1, 0.057407]",train,dbscam_euclidean,0,False,True,0.47053447365760803
90,LGH020002,"[0.08724, 0.594907, 0.095312, 0.05463]",train,dbscam_euclidean,0,False,True,0.48668691515922546
90,LGH020002,"[0.732292, 0.060185, 0.021875, 0.094444]",train,dbscam_euclidean,0,False,True,0.4541967511177063
90,LGH020002,"[0.302604, 0.618056, 0.09375, 0.047222]",train,dbscam_euclidean,0,False,True,0.41986942291259766
90,LGH020002,"[0.700781, 0.048148, 0.026562, 0.02963]",train,dbscam_euclidean,0,False,True,0.19966506958007812
90,LGH020002,"[0.713542, 0.393056, 0.040625, 0.043519]",train,dbscam_euclidean,0,False,True,0.25601160526275635
90,LGH020002,"[0.586719, 0.456019, 0.040104, 0.078704]",train,dbscam_euclidean,0,False,True,0.398055762052536
90,LGH020002,"[0.424219, 0.143981, 0.033854, 0.063889]",train,dbscam_euclidean,0,False,True,0.30820879340171814
90,LGH020002,"[0.36901, 0.77037, 0.048438, 0.061111]",train,dbscam_euclidean,0,False,True,0.3289252817630768
90,LGH020002,"[0.447135, 0.318519, 0.029687, 0.018519]",train,dbscam_euclidean,0,False,True,0.3301624655723572
90,LGH020002,"[0.320833, 0.964352, 0.026042, 0.036111]",train,dbscam_euclidean,0,False,True,0.2203999161720276
90,LGH020002,"[0.069792, 0.296759, 0.058333, 0.021296]",train,dbscam_euclidean,0,False,True,0.28056254982948303
90,LGH020002,"[0.445052, 0.094444, 0.029687, 0.025926]",train,dbscam_euclidean,0,False,True,0.2245924174785614
90,LGH020002,"[0.252865, 0.061574, 0.080729, 0.123148]",train,dbscam_euclidean,0,False,False,0.6512397527694702
90,LGH020002,"[0.432031, 0.27963, 0.030729, 0.018519]",train,dbscam_euclidean,0,False,True,0.30995166301727295
90,LGH020002,"[0.63099, 0.247685, 0.030729, 0.023148]",train,dbscam_euclidean,0,False,True,0.23888234794139862
90,LGH020002,"[0.326562, 0.510648, 0.045833, 0.026852]",train,dbscam_euclidean,0,False,True,0.23896533250808716
90,LGH020002,"[0.726302, 0.93287, 0.038021, 0.030556]",train,dbscam_euclidean,0,False,True,0.2454700767993927
90,LGH020002,"[0.521615, 0.118519, 0.026562, 0.031481]",train,dbscam_euclidean,0,False,True,0.2392229586839676
90,LGH020002,"[0.394792, 0.05463, 0.016667, 0.064815]",train,dbscam_euclidean,0,False,True,0.376669317483902
90,LGH020002,"[0.563281, 0.368981, 0.028646, 0.025]",train,dbscam_euclidean,0,False,True,0.224335715174675
90,LGH020002,"[0.581771, 0.17037, 0.03125, 0.048148]",train,dbscam_euclidean,0,False,True,0.27681782841682434
90,LGH020002,"[0.515885, 0.397222, 0.046354, 0.040741]",train,dbscam_euclidean,0,False,True,0.28181472420692444
90,LGH020002,"[0.042448, 0.257407, 0.043229, 0.024074]",train,dbscam_euclidean,0,False,True,0.26858529448509216
90,LGH020002,"[0.57526, 0.868056, 0.020313, 0.087963]",train,dbscam_euclidean,0,False,True,0.3109484612941742
90,LGH020002,"[0.535677, 0.072222, 0.033854, 0.025926]",train,dbscam_euclidean,0,False,True,0.24354808032512665
90,LGH020002,"[0.416927, 0.43287, 0.044271, 0.025]",train,dbscam_euclidean,0,False,True,0.29863864183425903
90,LGH020002,"[0.62526, 0.299074, 0.027604, 0.031481]",train,dbscam_euclidean,0,False,True,0.20086981356143951
90,LGH020002,"[0.84974, 0.790741, 0.097396, 0.124074]",train,dbscam_euclidean,0,False,True,0.6435537934303284
90,LGH020002,"[0.915104, 0.281944, 0.047917, 0.026852]",train,dbscam_euclidean,0,False,True,0.2530396282672882
90,LGH020002,"[0.476562, 0.584259, 0.041667, 0.024074]",train,dbscam_euclidean,0,False,True,0.31468746066093445
90,LGH020002,"[0.36901, 0.081019, 0.035937, 0.091667]",train,dbscam_euclidean,0,False,True,0.4644604027271271
90,LGH020002,"[0.600521, 0.516204, 0.021875, 0.036111]",train,dbscam_euclidean,0,False,True,0.18214508891105652
90,LGH020002,"[0.486719, 0.481944, 0.042188, 0.026852]",train,dbscam_euclidean,0,False,True,0.23550936579704285
90,LGH020002,"[0.470573, 0.864352, 0.030729, 0.052778]",train,dbscam_euclidean,0,False,True,0.2741115391254425
90,LGH020002,"[0.758333, 0.297222, 0.05, 0.085185]",train,dbscam_euclidean,0,False,True,0.4843127131462097
90,LGH020002,"[0.461458, 0.175463, 0.033333, 0.032407]",train,dbscam_euclidean,0,False,True,0.25901684165000916
90,LGH020002,"[0.400781, 0.707407, 0.040104, 0.051852]",train,dbscam_euclidean,0,False,True,0.2599787712097168
90,LGH020002,"[0.666146, 0.817593, 0.011458, 0.035185]",train,dbscam_euclidean,0,False,True,0.433715283870697
90,LGH020002,"[0.496094, 0.611111, 0.036979, 0.025926]",train,dbscam_euclidean,0,False,True,0.29058343172073364
90,LGH020002,"[0.533073, 0.330556, 0.028646, 0.031481]",train,dbscam_euclidean,0,False,True,0.1997227668762207
90,LGH020002,"[0.594271, 0.056019, 0.021875, 0.037963]",train,dbscam_euclidean,0,False,True,0.2151530236005783
90,LGH020002,"[0.542969, 0.923148, 0.038021, 0.062963]",train,dbscam_euclidean,0,False,True,0.2953219711780548
90,LGH020002,"[0.469792, 0.718519, 0.038542, 0.057407]",train,dbscam_euclidean,0,False,True,0.28264686465263367
90,LGH020002,"[0.582812, 0.780093, 0.054167, 0.062037]",train,dbscam_euclidean,0,False,True,0.3506462872028351
90,LGH020002,"[0.488281, 0.516204, 0.040104, 0.034259]",train,dbscam_euclidean,0,False,True,0.19829754531383514
90,LGH020002,"[0.503125, 0.724074, 0.023958, 0.033333]",train,dbscam_euclidean,0,False,True,0.2439502626657486
90,LGH020002,"[0.55026, 0.733796, 0.016146, 0.023148]",train,dbscam_euclidean,0,False,True,0.3273228704929352
90,LGH020002,"[0.338802, 0.784259, 0.021354, 0.042593]",train,dbscam_euclidean,0,False,True,0.22776702046394348
90,LGH020002,"[0.536198, 0.596759, 0.035937, 0.015741]",train,dbscam_euclidean,0,False,True,0.36189743876457214
90,LGH020002,"[0.377083, 0.505093, 0.0625, 0.026852]",train,dbscam_euclidean,0,False,True,0.2894401252269745
90,LGH020002,"[0.619271, 0.913889, 0.038542, 0.083333]",train,dbscam_euclidean,0,False,True,0.3895374536514282
90,LGH020002,"[0.100521, 0.480093, 0.016667, 0.010185]",train,dbscam_euclidean,0,False,True,0.4474285840988159
90,LGH020002,"[0.63151, 0.728704, 0.032813, 0.055556]",train,dbscam_euclidean,0,False,True,0.25974127650260925
90,LGH020002,"[0.458333, 0.728704, 0.015625, 0.035185]",train,dbscam_euclidean,0,False,True,0.2602129876613617
90,LGH020002,"[0.338021, 0.617593, 0.022917, 0.048148]",train,dbscam_euclidean,0,False,True,0.2431638538837433
90,LGH020002,"[0.676302, 0.095833, 0.017188, 0.032407]",train,dbscam_euclidean,0,False,True,0.23730607330799103
90,LGH020002,"[0.333333, 0.983333, 0.016667, 0.025926]",train,dbscam_euclidean,0,False,True,0.42186129093170166
90,LGH020002,"[0.26849, 0.026389, 0.028646, 0.041667]",train,dbscam_euclidean,0,False,True,0.2856817841529846
90,LGH020002,"[0.629167, 0.626852, 0.017708, 0.024074]",train,dbscam_euclidean,0,False,True,0.41566333174705505
90,LGH020002,"[0.645312, 0.636111, 0.010417, 0.016667]",train,dbscam_euclidean,0,False,True,0.39832860231399536
90,LGH020002,"[0.299479, 0.725926, 0.053125, 0.057407]",train,dbscam_euclidean,0,False,True,0.3320404589176178
90,LGH020002,"[0.167448, 0.30787, 0.041146, 0.043519]",train,dbscam_euclidean,0,False,True,0.29415351152420044
90,LGH020002,"[0.497396, 0.313889, 0.044792, 0.031481]",train,dbscam_euclidean,0,False,True,0.40738746523857117
90,LGH020002,"[0.465885, 0.67037, 0.027604, 0.044444]",train,dbscam_euclidean,0,False,True,0.27331796288490295
90,LGH020002,"[0.527604, 0.6625, 0.033333, 0.028704]",train,dbscam_euclidean,0,False,True,0.2631862163543701
90,LGH020002,"[0.646615, 0.50463, 0.033854, 0.031481]",train,dbscam_euclidean,0,False,True,0.22242465615272522
90,LGH020002,"[0.507812, 0.815741, 0.0125, 0.025926]",train,dbscam_euclidean,0,False,True,0.4359774589538574
90,LGH020002,"[0.408333, 0.568519, 0.055208, 0.046296]",train,dbscam_euclidean,0,False,True,0.27146410942077637
90,LGH020002,"[0.570052, 0.886111, 0.009896, 0.051852]",train,dbscam_euclidean,0,False,True,0.4537508487701416
90,LGH020002,"[0.773177, 0.323611, 0.020313, 0.032407]",train,dbscam_euclidean,0,False,True,0.3398612141609192
90,LGH020002,"[0.371615, 0.200463, 0.025521, 0.028704]",train,dbscam_euclidean,0,False,True,0.2658184766769409
90,LGH020002,"[0.943238, 0.51668, 0.086228, 0.07389]",train,dbscam_euclidean,0,False,True,0.5456875562667847
90,LGH020002,"[0.777605, 0.698098, 0.080025, 0.08161]",train,dbscam_euclidean,-1,True,False,
90,LGH020002,"[0.478598, 0.952302, 0.061414, 0.071685]",train,dbscam_euclidean,0,False,True,0.4407709240913391
90,LGH020002,"[0.621278, 0.190791, 0.027916, 0.074993]",train,dbscam_euclidean,0,False,True,0.3459366261959076
1620,LGH020002,"[0.658594, 0.132407, 0.048438, 0.111111]",train,dbscam_euclidean,0,False,False,0.5284667611122131
1620,LGH020002,"[0.245573, 0.511111, 0.091146, 0.064815]",train,dbscam_euclidean,0,False,True,0.42942947149276733
1620,LGH020002,"[0.301302, 0.181944, 0.096354, 0.071296]",train,dbscam_euclidean,0,False,True,0.5459474325180054
1620,LGH020002,"[0.86875, 0.399537, 0.071875, 0.023148]",train,dbscam_euclidean,0,False,True,0.39937853813171387
1620,LGH020002,"[0.707031, 0.353241, 0.085938, 0.060185]",train,dbscam_euclidean,0,False,True,0.4393989145755768
1620,LGH020002,"[0.504167, 0.369444, 0.059375, 0.077778]",train,dbscam_euclidean,0,False,True,0.4781603515148163
1620,LGH020002,"[0.638542, 0.285185, 0.065625, 0.042593]",train,dbscam_euclidean,0,False,True,0.3269962668418884
1620,LGH020002,"[0.572396, 0.375463, 0.023958, 0.019444]",train,dbscam_euclidean,0,False,True,0.3706255853176117
1620,LGH020002,"[0.834375, 0.311574, 0.022917, 0.013889]",train,dbscam_euclidean,0,False,True,0.37206703424453735
1620,LGH020002,"[0.527604, 0.334259, 0.05, 0.037037]",train,dbscam_euclidean,0,False,True,0.30167654156684875
1620,LGH020002,"[0.704427, 0.416204, 0.035937, 0.017593]",train,dbscam_euclidean,0,False,True,0.35566309094429016
1620,LGH020002,"[0.263802, 0.144444, 0.067187, 0.07037]",train,dbscam_euclidean,0,False,True,0.44488197565078735
1620,LGH020002,"[0.427604, 0.17963, 0.009375, 0.018519]",train,dbscam_euclidean,0,False,True,0.43744465708732605
1620,LGH020002,"[0.455469, 0.047685, 0.013021, 0.067593]",train,dbscam_euclidean,0,False,True,0.36778679490089417
1620,LGH020002,"[0.727604, 0.101852, 0.028125, 0.024074]",train,dbscam_euclidean,0,False,True,0.25772935152053833
1620,LGH020002,"[0.573177, 0.3375, 0.028646, 0.026852]",train,dbscam_euclidean,0,False,True,0.26637783646583557
1620,LGH020002,"[0.569792, 0.47963, 0.05625, 0.048148]",train,dbscam_euclidean,0,False,True,0.30715590715408325
1620,LGH020002,"[0.585156, 0.284259, 0.018229, 0.02037]",train,dbscam_euclidean,0,False,True,0.357394814491272
1620,LGH020002,"[0.436458, 0.546296, 0.040625, 0.022222]",train,dbscam_euclidean,0,False,True,0.30083921551704407
1620,LGH020002,"[0.48125, 0.43287, 0.057292, 0.04537]",train,dbscam_euclidean,0,False,True,0.311776727437973
1620,LGH020002,"[0.990104, 0.253241, 0.01875, 0.034259]",train,dbscam_euclidean,0,False,True,0.29198119044303894
1620,LGH020002,"[0.388281, 0.151852, 0.053646, 0.075926]",train,dbscam_euclidean,0,False,True,0.4658505916595459
1620,LGH020002,"[0.594271, 0.193056, 0.033333, 0.063889]",train,dbscam_euclidean,0,False,True,0.32512354850769043
1620,LGH020002,"[0.96901, 0.751389, 0.060937, 0.080556]",train,dbscam_euclidean,0,False,True,0.46187102794647217
1620,LGH020002,"[0.452344, 0.50787, 0.039062, 0.032407]",train,dbscam_euclidean,0,False,True,0.27512839436531067
1620,LGH020002,"[0.634896, 0.529167, 0.021875, 0.058333]",train,dbscam_euclidean,0,False,True,0.29020795226097107
1620,LGH020002,"[0.441406, 0.390278, 0.028646, 0.015741]",train,dbscam_euclidean,0,False,True,0.3719078004360199
1620,LGH020002,"[0.426563, 0.289815, 0.036458, 0.038889]",train,dbscam_euclidean,0,False,True,0.2719297409057617
1620,LGH020002,"[0.688021, 0.342593, 0.047917, 0.031481]",train,dbscam_euclidean,0,False,True,0.2474053055047989
1620,LGH020002,"[0.798438, 0.022685, 0.0375, 0.030556]",train,dbscam_euclidean,0,False,True,0.2935008406639099
1620,LGH020002,"[0.617188, 0.986111, 0.009375, 0.022222]",train,dbscam_euclidean,0,False,True,0.4493822157382965
1620,LGH020002,"[0.207031, 0.11713, 0.044271, 0.058333]",train,dbscam_euclidean,0,False,True,0.3581250011920929
1620,LGH020002,"[0.264844, 0.293056, 0.092188, 0.058333]",train,dbscam_euclidean,0,False,True,0.45046985149383545
1620,LGH020002,"[0.50651, 0.480093, 0.018229, 0.017593]",train,dbscam_euclidean,0,False,True,0.4252180755138397
1620,LGH020002,"[0.33125, 0.665278, 0.046875, 0.058333]",train,dbscam_euclidean,0,False,True,0.3288235366344452
1620,LGH020002,"[0.454427, 0.439815, 0.060937, 0.027778]",train,dbscam_euclidean,0,False,True,0.29433226585388184
1620,LGH020002,"[0.378385, 0.340278, 0.020313, 0.056481]",train,dbscam_euclidean,0,False,True,0.262201726436615
1620,LGH020002,"[0.377083, 0.25463, 0.008333, 0.014815]",train,dbscam_euclidean,0,False,True,0.43405166268348694
1620,LGH020002,"[0.154427, 0.091204, 0.017188, 0.084259]",train,dbscam_euclidean,0,False,True,0.3690011501312256
1620,LGH020002,"[0.45, 0.840741, 0.007292, 0.031481]",train,dbscam_euclidean,0,False,True,0.44780901074409485
1620,LGH020002,"[0.691667, 0.501852, 0.040625, 0.031481]",train,dbscam_euclidean,0,False,True,0.25709494948387146
1620,LGH020002,"[0.554167, 0.431019, 0.033333, 0.023148]",train,dbscam_euclidean,0,False,True,0.3070068955421448
1620,LGH020002,"[0.649219, 0.485648, 0.026562, 0.015741]",train,dbscam_euclidean,0,False,True,0.37327489256858826
1620,LGH020002,"[0.325, 0.321759, 0.01875, 0.062037]",train,dbscam_euclidean,0,False,True,0.3633476197719574
1620,LGH020002,"[0.651823, 0.720833, 0.036979, 0.032407]",train,dbscam_euclidean,0,False,True,0.29073694348335266
1620,LGH020002,"[0.626823, 0.87963, 0.030729, 0.038889]",train,dbscam_euclidean,0,False,True,0.3171314299106598
1620,LGH020002,"[0.374479, 0.050463, 0.017708, 0.04537]",train,dbscam_euclidean,0,False,True,0.330820769071579
1620,LGH020002,"[0.490365, 0.358796, 0.031771, 0.05463]",train,dbscam_euclidean,0,False,True,0.3077431321144104
1620,LGH020002,"[0.235937, 0.133796, 0.103125, 0.089815]",train,dbscam_euclidean,0,False,False,0.664657711982727
1620,LGH020002,"[0.211719, 0.527315, 0.023438, 0.032407]",train,dbscam_euclidean,0,False,True,0.2466690093278885
1620,LGH020002,"[0.69603, 0.643507, 0.033499, 0.095947]",train,dbscam_euclidean,0,False,True,0.3827131986618042
1620,LGH020002,"[0.742866, 0.682106, 0.030397, 0.071685]",train,dbscam_euclidean,0,False,True,0.29350903630256653
1620,LGH020002,"[0.765199, 0.944031, 0.072581, 0.086022]",train,dbscam_euclidean,0,False,True,0.5098331570625305
150,LGH020002,"[0.572396, 0.010185, 0.013542, 0.02037]",train,dbscam_euclidean,0,False,True,0.32580405473709106
150,LGH020002,"[0.486198, 0.426389, 0.059896, 0.060185]",train,dbscam_euclidean,0,False,True,0.42419418692588806
150,LGH020002,"[0.61875, 0.546759, 0.057292, 0.062037]",train,dbscam_euclidean,0,False,True,0.4210711121559143
150,LGH020002,"[0.11276, 0.326389, 0.090104, 0.100926]",train,dbscam_euclidean,0,False,True,0.6485093235969543
150,LGH020002,"[0.598698, 0.048148, 0.044271, 0.088889]",train,dbscam_euclidean,0,False,True,0.4864365756511688
150,LGH020002,"[0.040885, 0.381019, 0.043229, 0.041667]",train,dbscam_euclidean,0,False,True,0.31608346104621887
150,LGH020002,"[0.357552, 0.611111, 0.026562, 0.02037]",train,dbscam_euclidean,0,False,True,0.29835399985313416
150,LGH020002,"[0.567187, 0.036111, 0.029167, 0.072222]",train,dbscam_euclidean,0,False,True,0.3438328802585602
150,LGH020002,"[0.383333, 0.819444, 0.028125, 0.027778]",train,dbscam_euclidean,0,False,True,0.23298384249210358
150,LGH020002,"[0.511198, 0.968056, 0.032813, 0.021296]",train,dbscam_euclidean,0,False,True,0.3354375660419464
150,LGH020002,"[0.759375, 0.225926, 0.021875, 0.016667]",train,dbscam_euclidean,0,False,True,0.2903108596801758
150,LGH020002,"[0.544531, 0.734259, 0.042188, 0.031481]",train,dbscam_euclidean,0,False,True,0.27140653133392334
150,LGH020002,"[0.588021, 0.960648, 0.014583, 0.052778]",train,dbscam_euclidean,0,False,True,0.33586743474006653
150,LGH020002,"[0.596875, 0.64213, 0.034375, 0.036111]",train,dbscam_euclidean,0,False,True,0.31454673409461975
150,LGH020002,"[0.148958, 0.934722, 0.033333, 0.039815]",train,dbscam_euclidean,0,False,True,0.24660207331180573
150,LGH020002,"[0.107031, 0.801389, 0.060937, 0.082407]",train,dbscam_euclidean,0,False,True,0.47816234827041626
150,LGH020002,"[0.684896, 0.718519, 0.038542, 0.042593]",train,dbscam_euclidean,0,False,True,0.26563307642936707
150,LGH020002,"[0.810677, 0.306019, 0.055729, 0.080556]",train,dbscam_euclidean,0,False,True,0.4668586254119873
150,LGH020002,"[0.348438, 0.919444, 0.026042, 0.040741]",train,dbscam_euclidean,0,False,True,0.26598218083381653
150,LGH020002,"[0.495052, 0.686574, 0.029687, 0.028704]",train,dbscam_euclidean,0,False,True,0.2232622504234314
150,LGH020002,"[0.61276, 0.318981, 0.020313, 0.019444]",train,dbscam_euclidean,0,False,True,0.2668609917163849
150,LGH020002,"[0.51224, 0.804167, 0.070312, 0.078704]",train,dbscam_euclidean,0,False,True,0.5005738139152527
150,LGH020002,"[0.451042, 0.6625, 0.021875, 0.025]",train,dbscam_euclidean,0,False,True,0.28948473930358887
150,LGH020002,"[0.592969, 0.466204, 0.030729, 0.030556]",train,dbscam_euclidean,0,False,True,0.23493407666683197
150,LGH020002,"[0.619531, 0.787037, 0.034896, 0.035185]",train,dbscam_euclidean,0,False,True,0.2590813636779785
150,LGH020002,"[0.386719, 0.409259, 0.008854, 0.02037]",train,dbscam_euclidean,0,False,True,0.3803878128528595
150,LGH020002,"[0.239844, 0.095833, 0.018229, 0.026852]",train,dbscam_euclidean,0,False,True,0.2607809901237488
150,LGH020002,"[0.763281, 0.111574, 0.035937, 0.023148]",train,dbscam_euclidean,0,False,True,0.25483694672584534
150,LGH020002,"[0.626823, 0.915741, 0.056771, 0.062963]",train,dbscam_euclidean,0,False,True,0.3837362825870514
150,LGH020002,"[0.77474, 0.726852, 0.028646, 0.022222]",train,dbscam_euclidean,0,False,True,0.2486623078584671
150,LGH020002,"[0.652604, 0.314352, 0.038542, 0.047222]",train,dbscam_euclidean,0,False,True,0.28928160667419434
150,LGH020002,"[0.790625, 0.811574, 0.025, 0.041667]",train,dbscam_euclidean,0,False,True,0.29856717586517334
150,LGH020002,"[0.71224, 0.516667, 0.020313, 0.009259]",train,dbscam_euclidean,0,False,True,0.3929319679737091
150,LGH020002,"[0.402865, 0.704167, 0.030729, 0.026852]",train,dbscam_euclidean,0,False,True,0.243170827627182
150,LGH020002,"[0.302083, 0.744907, 0.027083, 0.030556]",train,dbscam_euclidean,0,False,True,0.22887080907821655
150,LGH020002,"[0.710156, 0.105556, 0.039062, 0.083333]",train,dbscam_euclidean,0,False,True,0.4676175117492676
150,LGH020002,"[0.576823, 0.953704, 0.027604, 0.037037]",train,dbscam_euclidean,0,False,True,0.2949841320514679
150,LGH020002,"[0.707292, 0.5125, 0.038542, 0.019444]",train,dbscam_euclidean,0,False,True,0.32138776779174805
150,LGH020002,"[0.109635, 0.850926, 0.011979, 0.009259]",train,dbscam_euclidean,0,False,True,0.40122586488723755
150,LGH020002,"[0.141146, 0.352778, 0.032292, 0.02037]",train,dbscam_euclidean,0,False,True,0.2904753088951111
150,LGH020002,"[0.70599, 0.138889, 0.022396, 0.016667]",train,dbscam_euclidean,0,False,True,0.3069779872894287
150,LGH020002,"[0.908594, 0.732407, 0.007812, 0.018519]",train,dbscam_euclidean,0,False,True,0.37042489647865295
150,LGH020002,"[0.664583, 0.498611, 0.010417, 0.028704]",train,dbscam_euclidean,0,False,True,0.34571173787117004
150,LGH020002,"[0.432552, 0.448611, 0.005729, 0.023148]",train,dbscam_euclidean,0,False,True,0.408731609582901
150,LGH020002,"[0.576562, 0.062037, 0.010417, 0.024074]",train,dbscam_euclidean,0,False,True,0.3895327150821686
150,LGH020002,"[0.686104, 0.937414, 0.034739, 0.103667]",train,dbscam_euclidean,0,False,True,0.41451209783554077
150,LGH020002,"[0.222084, 0.698649, 0.048387, 0.051833]",train,dbscam_euclidean,0,False,True,0.34819117188453674
150,LGH020002,"[0.426799, 0.346292, 0.028536, 0.046319]",train,dbscam_euclidean,0,False,True,0.2817612588405609
1560,LGH020002,"[0.915885, 0.077315, 0.061979, 0.025]",train,dbscam_euclidean,0,False,True,0.3355056345462799
1560,LGH020002,"[0.094792, 0.462963, 0.055208, 0.037037]",train,dbscam_euclidean,0,False,True,0.2885341942310333
1560,LGH020002,"[0.253646, 0.332407, 0.098958, 0.144444]",train,dbscam_euclidean,-1,True,False,
1560,LGH020002,"[0.825521, 0.028704, 0.046875, 0.057407]",train,dbscam_euclidean,0,False,True,0.34364861249923706
1560,LGH020002,"[0.772396, 0.132407, 0.026042, 0.018519]",train,dbscam_euclidean,0,False,True,0.3972954750061035
1560,LGH020002,"[0.705208, 0.3875, 0.04375, 0.026852]",train,dbscam_euclidean,0,False,True,0.2972561717033386
1560,LGH020002,"[0.834115, 0.235648, 0.038021, 0.021296]",train,dbscam_euclidean,0,False,True,0.2878912091255188
1560,LGH020002,"[0.825, 0.08287, 0.055208, 0.050926]",train,dbscam_euclidean,0,False,True,0.3408995568752289
1560,LGH020002,"[0.40651, 0.1625, 0.015104, 0.052778]",train,dbscam_euclidean,0,False,True,0.2592076361179352
1560,LGH020002,"[0.73776, 0.167593, 0.024479, 0.018519]",train,dbscam_euclidean,0,False,True,0.34045571088790894
1560,LGH020002,"[0.914323, 0.22963, 0.053646, 0.1]",train,dbscam_euclidean,0,False,True,0.47495797276496887
1560,LGH020002,"[0.744792, 0.255093, 0.05, 0.025]",train,dbscam_euclidean,0,False,True,0.2943262457847595
1560,LGH020002,"[0.128125, 0.17037, 0.084375, 0.07963]",train,dbscam_euclidean,0,False,True,0.5435822010040283
1560,LGH020002,"[0.203906, 0.05787, 0.068229, 0.115741]",train,dbscam_euclidean,0,False,True,0.5054947137832642
1560,LGH020002,"[0.370833, 0.078704, 0.042708, 0.075926]",train,dbscam_euclidean,0,False,True,0.3708361089229584
1560,LGH020002,"[0.590365, 0.426389, 0.064062, 0.076852]",train,dbscam_euclidean,0,False,True,0.45192238688468933
1560,LGH020002,"[0.853906, 0.275926, 0.035937, 0.022222]",train,dbscam_euclidean,0,False,True,0.31313982605934143
1560,LGH020002,"[0.729427, 0.947685, 0.017188, 0.036111]",train,dbscam_euclidean,0,False,True,0.2484687715768814
1560,LGH020002,"[0.693229, 0.54213, 0.039583, 0.039815]",train,dbscam_euclidean,0,False,True,0.2749340832233429
1560,LGH020002,"[0.827865, 0.345833, 0.039062, 0.052778]",train,dbscam_euclidean,0,False,True,0.3007573187351227
1560,LGH020002,"[0.649479, 0.695833, 0.011458, 0.030556]",train,dbscam_euclidean,0,False,True,0.44328922033309937
1560,LGH020002,"[0.659375, 0.412037, 0.053125, 0.087037]",train,dbscam_euclidean,0,False,True,0.438981831073761
1560,LGH020002,"[0.68099, 0.640278, 0.048438, 0.021296]",train,dbscam_euclidean,0,False,True,0.35708528757095337
1560,LGH020002,"[0.911979, 0.825, 0.073958, 0.096296]",train,dbscam_euclidean,0,False,True,0.5568599104881287
1560,LGH020002,"[0.282813, 0.038426, 0.030208, 0.076852]",train,dbscam_euclidean,0,False,True,0.34069037437438965
1560,LGH020002,"[0.040365, 0.043519, 0.080729, 0.087037]",train,dbscam_euclidean,0,False,True,0.5431615710258484
1560,LGH020002,"[0.690365, 0.764352, 0.054688, 0.062037]",train,dbscam_euclidean,0,False,True,0.34666693210601807
1560,LGH020002,"[0.319531, 0.010185, 0.020313, 0.02037]",train,dbscam_euclidean,0,False,True,0.31636860966682434
1560,LGH020002,"[0.635417, 0.465278, 0.028125, 0.043519]",train,dbscam_euclidean,0,False,True,0.3401782512664795
1560,LGH020002,"[0.569792, 0.048148, 0.013542, 0.035185]",train,dbscam_euclidean,0,False,True,0.36546486616134644
1560,LGH020002,"[0.567448, 0.51713, 0.036979, 0.019444]",train,dbscam_euclidean,0,False,True,0.3177504539489746
1560,LGH020002,"[0.575781, 0.464815, 0.028646, 0.040741]",train,dbscam_euclidean,0,False,True,0.23230360448360443
1560,LGH020002,"[0.788021, 0.018056, 0.022917, 0.036111]",train,dbscam_euclidean,0,False,True,0.29369214177131653
1560,LGH020002,"[0.369531, 0.815741, 0.041146, 0.038889]",train,dbscam_euclidean,0,False,True,0.27479422092437744
1560,LGH020002,"[0.178906, 0.384722, 0.075521, 0.082407]",train,dbscam_euclidean,0,False,True,0.517117977142334
1560,LGH020002,"[0.979688, 0.839352, 0.029167, 0.039815]",train,dbscam_euclidean,0,False,True,0.29250380396842957
1560,LGH020002,"[0.426302, 0.503704, 0.050521, 0.014815]",train,dbscam_euclidean,0,False,True,0.43081989884376526
1560,LGH020002,"[0.679948, 0.594907, 0.050521, 0.021296]",train,dbscam_euclidean,0,False,True,0.4025331139564514
1560,LGH020002,"[0.392448, 0.938426, 0.015104, 0.043519]",train,dbscam_euclidean,0,False,True,0.3175227642059326
1560,LGH020002,"[0.929427, 0.975463, 0.050521, 0.047222]",train,dbscam_euclidean,0,False,True,0.3113496005535126
1560,LGH020002,"[0.425521, 0.493519, 0.052083, 0.037037]",train,dbscam_euclidean,0,False,True,0.2573235332965851
1560,LGH020002,"[0.036458, 0.409722, 0.048958, 0.084259]",train,dbscam_euclidean,0,False,True,0.41081908345222473
1560,LGH020002,"[0.799479, 0.409259, 0.019792, 0.037037]",train,dbscam_euclidean,0,False,True,0.2275574654340744
1560,LGH020002,"[0.142969, 0.468519, 0.043229, 0.057407]",train,dbscam_euclidean,0,False,True,0.26341602206230164
1560,LGH020002,"[0.833594, 0.163426, 0.013021, 0.012037]",train,dbscam_euclidean,0,False,True,0.4169137179851532
1560,LGH020002,"[0.047656, 0.348148, 0.095312, 0.107407]",train,dbscam_euclidean,0,False,True,0.6298580169677734
1560,LGH020002,"[0.503646, 0.30787, 0.027083, 0.049074]",train,dbscam_euclidean,0,False,True,0.3234342038631439
1560,LGH020002,"[0.075, 0.299537, 0.017708, 0.021296]",train,dbscam_euclidean,0,False,True,0.3967033922672272
1560,LGH020002,"[0.482812, 0.688426, 0.034375, 0.032407]",train,dbscam_euclidean,0,False,True,0.2897000312805176
1560,LGH020002,"[0.973437, 0.37963, 0.052083, 0.053704]",train,dbscam_euclidean,0,False,True,0.3248285949230194
1560,LGH020002,"[0.590885, 0.5875, 0.015104, 0.021296]",train,dbscam_euclidean,0,False,True,0.4548302888870239
1560,LGH020002,"[0.098177, 0.405093, 0.019271, 0.04537]",train,dbscam_euclidean,0,False,True,0.332601934671402
1560,LGH020002,"[0.171615, 0.208796, 0.013021, 0.025]",train,dbscam_euclidean,0,False,True,0.38518035411834717
1560,LGH020002,"[0.665885, 0.722222, 0.047396, 0.031481]",train,dbscam_euclidean,0,False,True,0.2826690077781677
1560,LGH020002,"[0.983854, 0.776852, 0.03125, 0.027778]",train,dbscam_euclidean,0,False,True,0.28834477066993713
1560,LGH020002,"[0.927865, 0.201389, 0.025521, 0.041667]",train,dbscam_euclidean,0,False,True,0.29055729508399963
1560,LGH020002,"[0.291667, 0.522685, 0.007292, 0.017593]",train,dbscam_euclidean,0,False,True,0.4502926766872406
1560,LGH020002,"[0.889583, 0.280556, 0.00625, 0.018519]",train,dbscam_euclidean,0,False,True,0.46273696422576904
1560,LGH020002,"[0.835677, 0.414815, 0.068229, 0.061111]",train,dbscam_euclidean,0,False,True,0.40835264325141907
1560,LGH020002,"[0.672767, 0.205128, 0.045285, 0.061759]",train,dbscam_euclidean,0,False,True,0.30449378490448
1560,LGH020002,"[0.511787, 0.188586, 0.01861, 0.035291]",train,dbscam_euclidean,0,False,True,0.32303982973098755
1560,LGH020002,"[0.515509, 0.231045, 0.040943, 0.038599]",train,dbscam_euclidean,0,False,True,0.266598641872406
120,LGH020002,"[0.142448, 0.054167, 0.079687, 0.108333]",train,dbscam_euclidean,0,False,True,0.5506154894828796
120,LGH020002,"[0.461719, 0.247222, 0.021354, 0.02963]",train,dbscam_euclidean,0,False,True,0.25821831822395325
120,LGH020002,"[0.4875, 0.401389, 0.05625, 0.065741]",train,dbscam_euclidean,0,False,True,0.3400034010410309
120,LGH020002,"[0.748437, 0.419907, 0.028125, 0.100926]",train,dbscam_euclidean,0,False,True,0.36753469705581665
120,LGH020002,"[0.426563, 0.304167, 0.020833, 0.060185]",train,dbscam_euclidean,0,False,True,0.2504790127277374
120,LGH020002,"[0.646875, 0.206944, 0.0375, 0.086111]",train,dbscam_euclidean,0,False,True,0.39888879656791687
120,LGH020002,"[0.567187, 0.277315, 0.048958, 0.073148]",train,dbscam_euclidean,0,False,True,0.38086915016174316
120,LGH020002,"[0.699479, 0.661574, 0.067708, 0.039815]",train,dbscam_euclidean,0,False,True,0.30258598923683167
120,LGH020002,"[0.197135, 0.453704, 0.044271, 0.02963]",train,dbscam_euclidean,0,False,True,0.2890757918357849
120,LGH020002,"[0.934635, 0.228241, 0.033854, 0.019444]",train,dbscam_euclidean,0,False,True,0.3659312427043915
120,LGH020002,"[0.284115, 0.381944, 0.063021, 0.043519]",train,dbscam_euclidean,0,False,True,0.36437028646469116
120,LGH020002,"[0.223438, 0.24537, 0.032292, 0.062963]",train,dbscam_euclidean,0,False,True,0.2740267813205719
120,LGH020002,"[0.477865, 0.975463, 0.034896, 0.047222]",train,dbscam_euclidean,0,False,True,0.24705049395561218
120,LGH020002,"[0.301302, 0.98287, 0.064062, 0.032407]",train,dbscam_euclidean,0,False,True,0.32344850897789
120,LGH020002,"[0.5, 0.305556, 0.029167, 0.05]",train,dbscam_euclidean,0,False,True,0.24757561087608337
120,LGH020002,"[0.985938, 0.393056, 0.013542, 0.025]",train,dbscam_euclidean,0,False,True,0.40488460659980774
120,LGH020002,"[0.955208, 0.068056, 0.069792, 0.126852]",train,dbscam_euclidean,0,False,True,0.5351219177246094
120,LGH020002,"[0.307292, 0.807407, 0.066667, 0.066667]",train,dbscam_euclidean,0,False,True,0.4039374589920044
120,LGH020002,"[0.595052, 0.568056, 0.028646, 0.036111]",train,dbscam_euclidean,0,False,True,0.26121488213539124
120,LGH020002,"[0.538021, 0.434722, 0.038542, 0.021296]",train,dbscam_euclidean,0,False,True,0.34530118107795715
120,LGH020002,"[0.530729, 0.764815, 0.014583, 0.05]",train,dbscam_euclidean,0,False,True,0.332447350025177
120,LGH020002,"[0.067969, 0.487037, 0.048438, 0.025926]",train,dbscam_euclidean,0,False,True,0.2788459062576294
120,LGH020002,"[0.26901, 0.887963, 0.014063, 0.048148]",train,dbscam_euclidean,0,False,True,0.31540054082870483
120,LGH020002,"[0.62526, 0.251852, 0.028646, 0.059259]",train,dbscam_euclidean,0,False,True,0.26042476296424866
120,LGH020002,"[0.651823, 0.264352, 0.014063, 0.034259]",train,dbscam_euclidean,0,False,True,0.3328244388103485
120,LGH020002,"[0.353125, 0.45, 0.005208, 0.027778]",train,dbscam_euclidean,0,False,True,0.45943552255630493
120,LGH020002,"[0.114844, 0.77963, 0.068229, 0.07037]",train,dbscam_euclidean,0,False,True,0.3848338723182678
120,LGH020002,"[0.478125, 0.686111, 0.013542, 0.016667]",train,dbscam_euclidean,0,False,True,0.42707371711730957
120,LGH020002,"[0.214062, 0.923611, 0.088542, 0.075]",train,dbscam_euclidean,0,False,True,0.46558332443237305
120,LGH020002,"[0.717187, 0.397685, 0.029167, 0.030556]",train,dbscam_euclidean,0,False,True,0.27653759717941284
120,LGH020002,"[0.648958, 0.903241, 0.03125, 0.067593]",train,dbscam_euclidean,0,False,True,0.301308274269104
120,LGH020002,"[0.347917, 0.493056, 0.029167, 0.052778]",train,dbscam_euclidean,0,False,True,0.2736903727054596
120,LGH020002,"[0.922135, 0.950463, 0.055729, 0.097222]",train,dbscam_euclidean,0,False,True,0.43531811237335205
120,LGH020002,"[0.190365, 0.701389, 0.010937, 0.030556]",train,dbscam_euclidean,0,False,True,0.3894270658493042
120,LGH020002,"[0.47526, 0.853704, 0.026562, 0.018519]",train,dbscam_euclidean,0,False,True,0.38081541657447815
120,LGH020002,"[0.579427, 0.956944, 0.019271, 0.060185]",train,dbscam_euclidean,0,False,True,0.2630690634250641
120,LGH020002,"[0.419271, 0.7375, 0.0375, 0.030556]",train,dbscam_euclidean,0,False,True,0.3131861388683319
120,LGH020002,"[0.656771, 0.802315, 0.021875, 0.063889]",train,dbscam_euclidean,0,False,True,0.3044322729110718
120,LGH020002,"[0.546354, 0.974074, 0.038542, 0.027778]",train,dbscam_euclidean,0,False,True,0.3287619352340698
120,LGH020002,"[0.264323, 0.62037, 0.017188, 0.02037]",train,dbscam_euclidean,0,False,True,0.3894965946674347
120,LGH020002,"[0.74401, 0.052315, 0.022396, 0.032407]",train,dbscam_euclidean,0,False,True,0.3014650344848633
120,LGH020002,"[0.39375, 0.904167, 0.026042, 0.026852]",train,dbscam_euclidean,0,False,True,0.335880309343338
120,LGH020002,"[0.151562, 0.724074, 0.088542, 0.075926]",train,dbscam_euclidean,0,False,True,0.4992106854915619
120,LGH020002,"[0.713542, 0.75463, 0.008333, 0.016667]",train,dbscam_euclidean,0,False,True,0.4301674962043762
120,LGH020002,"[0.808594, 0.222222, 0.007812, 0.02037]",train,dbscam_euclidean,0,False,True,0.4598616361618042
120,LGH020002,"[0.655469, 0.527778, 0.016146, 0.02037]",train,dbscam_euclidean,0,False,True,0.38424673676490784
120,LGH020002,"[0.401042, 0.882407, 0.073958, 0.085185]",train,dbscam_euclidean,0,False,True,0.4628012478351593
120,LGH020002,"[0.244531, 0.697222, 0.043229, 0.037037]",train,dbscam_euclidean,0,False,True,0.2570662796497345
120,LGH020002,"[0.956771, 0.078241, 0.044792, 0.067593]",train,dbscam_euclidean,0,False,True,0.3421698212623596
120,LGH020002,"[0.371354, 0.902778, 0.015625, 0.046296]",train,dbscam_euclidean,0,False,True,0.28927773237228394
120,LGH020002,"[0.85732, 0.775296, 0.095533, 0.099256]",train,dbscam_euclidean,0,False,True,0.5771040320396423
120,LGH020002,"[0.922457, 0.850289, 0.129032, 0.105873]",train,dbscam_euclidean,0,False,False,0.644791841506958
120,LGH020002,"[0.866935, 0.487455, 0.060174, 0.079404]",train,dbscam_euclidean,0,False,True,0.4237930476665497
120,LGH020002,"[0.794355, 0.091536, 0.034119, 0.059553]",train,dbscam_euclidean,0,False,True,0.2953769564628601
120,LGH020002,"[0.712159, 0.122415, 0.03598, 0.039702]",train,dbscam_euclidean,0,False,True,0.2565150856971741
120,LGH020002,"[0.369107, 0.628619, 0.057072, 0.048525]",train,dbscam_euclidean,0,False,True,0.32836371660232544
120,LGH020002,"[0.422146, 0.672181, 0.040323, 0.054039]",train,dbscam_euclidean,0,False,True,0.2476731389760971
240,LGH020002,"[0.409375, 0.168056, 0.051042, 0.032407]",train,dbscam_euclidean,0,False,True,0.30283427238464355
240,LGH020002,"[0.977083, 0.213889, 0.044792, 0.096296]",train,dbscam_euclidean,0,False,True,0.4078734815120697
240,LGH020002,"[0.42474, 0.25787, 0.039062, 0.052778]",train,dbscam_euclidean,0,False,True,0.275897741317749
240,LGH020002,"[0.657292, 0.366667, 0.039583, 0.075926]",train,dbscam_euclidean,0,False,True,0.3382564187049866
240,LGH020002,"[0.034896, 0.55463, 0.069792, 0.046296]",train,dbscam_euclidean,0,False,True,0.29679080843925476
240,LGH020002,"[0.794271, 0.111574, 0.058333, 0.10463]",train,dbscam_euclidean,0,False,True,0.5952620506286621
240,LGH020002,"[0.258333, 0.267593, 0.06875, 0.138889]",train,dbscam_euclidean,0,False,True,0.5776208639144897
240,LGH020002,"[0.260677, 0.066204, 0.068229, 0.132407]",train,dbscam_euclidean,0,False,True,0.5839740633964539
240,LGH020002,"[0.566406, 0.264815, 0.047396, 0.048148]",train,dbscam_euclidean,0,False,True,0.27928486466407776
240,LGH020002,"[0.875, 0.362963, 0.10625, 0.051852]",train,dbscam_euclidean,0,False,True,0.45770296454429626
240,LGH020002,"[0.688802, 0.418056, 0.053646, 0.076852]",train,dbscam_euclidean,0,False,True,0.3834739029407501
240,LGH020002,"[0.702604, 0.537963, 0.025, 0.024074]",train,dbscam_euclidean,0,False,True,0.34817981719970703
240,LGH020002,"[0.969792, 0.745833, 0.059375, 0.034259]",train,dbscam_euclidean,0,False,True,0.3078661561012268
240,LGH020002,"[0.460156, 0.242593, 0.045312, 0.101852]",train,dbscam_euclidean,0,False,True,0.425050288438797
240,LGH020002,"[0.957031, 0.906944, 0.084896, 0.139815]",train,dbscam_euclidean,0,False,True,0.5762001872062683
240,LGH020002,"[0.325521, 0.30463, 0.044792, 0.025926]",train,dbscam_euclidean,0,False,True,0.32413363456726074
240,LGH020002,"[0.733854, 0.048611, 0.007292, 0.025]",train,dbscam_euclidean,0,False,True,0.501555860042572
240,LGH020002,"[0.434375, 0.330556, 0.03125, 0.031481]",train,dbscam_euclidean,0,False,True,0.27977535128593445
240,LGH020002,"[0.177344, 0.338426, 0.057813, 0.062037]",train,dbscam_euclidean,0,False,True,0.3329528868198395
240,LGH020002,"[0.51849, 0.432407, 0.047396, 0.031481]",train,dbscam_euclidean,0,False,True,0.2658628821372986
240,LGH020002,"[0.847135, 0.199074, 0.081771, 0.107407]",train,dbscam_euclidean,0,False,True,0.5635800957679749
240,LGH020002,"[0.686198, 0.649537, 0.026562, 0.047222]",train,dbscam_euclidean,0,False,True,0.31138455867767334
240,LGH020002,"[0.66875, 0.579167, 0.05625, 0.089815]",train,dbscam_euclidean,0,False,True,0.40689992904663086
240,LGH020002,"[0.799479, 0.365278, 0.036458, 0.034259]",train,dbscam_euclidean,0,False,True,0.3073258101940155
240,LGH020002,"[0.967969, 0.328704, 0.063021, 0.074074]",train,dbscam_euclidean,0,False,True,0.4592148959636688
240,LGH020002,"[0.880469, 0.207407, 0.066146, 0.090741]",train,dbscam_euclidean,0,False,True,0.40443161129951477
240,LGH020002,"[0.758854, 0.32963, 0.045833, 0.111111]",train,dbscam_euclidean,0,False,True,0.5422359704971313
240,LGH020002,"[0.405729, 0.3625, 0.047917, 0.028704]",train,dbscam_euclidean,0,False,True,0.30130425095558167
240,LGH020002,"[0.48776, 0.714352, 0.038021, 0.041667]",train,dbscam_euclidean,0,False,True,0.28638121485710144
240,LGH020002,"[0.542448, 0.468981, 0.031771, 0.030556]",train,dbscam_euclidean,0,False,True,0.2814796268939972
240,LGH020002,"[0.70599, 0.018981, 0.017188, 0.015741]",train,dbscam_euclidean,0,False,True,0.4529719650745392
240,LGH020002,"[0.510677, 0.3625, 0.045312, 0.025]",train,dbscam_euclidean,0,False,True,0.37643858790397644
240,LGH020002,"[0.686979, 0.477778, 0.021875, 0.02037]",train,dbscam_euclidean,0,False,True,0.41070035099983215
240,LGH020002,"[0.734635, 0.419907, 0.044271, 0.041667]",train,dbscam_euclidean,0,False,True,0.2956540584564209
240,LGH020002,"[0.558333, 0.548148, 0.041667, 0.022222]",train,dbscam_euclidean,0,False,True,0.32685407996177673
240,LGH020002,"[0.557813, 0.4, 0.032292, 0.025926]",train,dbscam_euclidean,0,False,True,0.31102249026298523
240,LGH020002,"[0.80625, 0.310648, 0.009375, 0.058333]",train,dbscam_euclidean,0,False,True,0.44958919286727905
240,LGH020002,"[0.238542, 0.528704, 0.034375, 0.02963]",train,dbscam_euclidean,0,False,True,0.27570492029190063
240,LGH020002,"[0.644531, 0.193981, 0.028646, 0.047222]",train,dbscam_euclidean,0,False,True,0.3393680155277252
240,LGH020002,"[0.474479, 0.187037, 0.032292, 0.059259]",train,dbscam_euclidean,0,False,True,0.3537462651729584
240,LGH020002,"[0.643229, 0.435185, 0.0375, 0.042593]",train,dbscam_euclidean,0,False,True,0.25990960001945496
240,LGH020002,"[0.480469, 0.586111, 0.032813, 0.024074]",train,dbscam_euclidean,0,False,True,0.35794711112976074
240,LGH020002,"[0.63151, 0.925463, 0.056771, 0.065741]",train,dbscam_euclidean,0,False,True,0.3549000918865204
240,LGH020002,"[0.49401, 0.504167, 0.029687, 0.032407]",train,dbscam_euclidean,0,False,True,0.29390960931777954
240,LGH020002,"[0.934375, 0.416667, 0.042708, 0.055556]",train,dbscam_euclidean,0,False,True,0.30561116337776184
240,LGH020002,"[0.557552, 0.325, 0.038021, 0.031481]",train,dbscam_euclidean,0,False,True,0.2687988877296448
240,LGH020002,"[0.626823, 0.408796, 0.016146, 0.006481]",train,dbscam_euclidean,0,False,True,0.5216670036315918
240,LGH020002,"[0.869792, 0.72963, 0.016667, 0.022222]",train,dbscam_euclidean,0,False,True,0.3974637985229492
240,LGH020002,"[0.517708, 0.497685, 0.038542, 0.025]",train,dbscam_euclidean,0,False,True,0.38189008831977844
240,LGH020002,"[0.432031, 0.38287, 0.027604, 0.028704]",train,dbscam_euclidean,0,False,True,0.28613388538360596
240,LGH020002,"[0.034375, 0.610648, 0.06875, 0.158333]",train,dbscam_euclidean,0,False,True,0.5731711983680725
240,LGH020002,"[0.438021, 0.658333, 0.029167, 0.024074]",train,dbscam_euclidean,0,False,True,0.391166090965271
240,LGH020002,"[0.025521, 0.726852, 0.051042, 0.077778]",train,dbscam_euclidean,0,False,True,0.44203606247901917
240,LGH020002,"[0.85625, 0.8125, 0.09375, 0.050926]",train,dbscam_euclidean,0,False,True,0.4184498190879822
240,LGH020002,"[0.886979, 0.723148, 0.083333, 0.055556]",train,dbscam_euclidean,0,False,True,0.37876376509666443
240,LGH020002,"[0.333854, 0.4875, 0.0125, 0.017593]",train,dbscam_euclidean,0,False,True,0.48345762491226196
240,LGH020002,"[0.359896, 0.506944, 0.025, 0.017593]",train,dbscam_euclidean,0,False,True,0.43851473927497864
240,LGH020002,"[0.823958, 0.836574, 0.034375, 0.032407]",train,dbscam_euclidean,0,False,True,0.2572244703769684
240,LGH020002,"[0.982552, 0.068981, 0.030729, 0.021296]",train,dbscam_euclidean,0,False,True,0.3416278660297394
240,LGH020002,"[0.479167, 0.555093, 0.057292, 0.039815]",train,dbscam_euclidean,0,False,True,0.2867127060890198
240,LGH020002,"[0.703906, 0.739815, 0.048438, 0.07963]",train,dbscam_euclidean,0,False,True,0.37701383233070374
240,LGH020002,"[0.427344, 0.478241, 0.007812, 0.021296]",train,dbscam_euclidean,0,False,True,0.4805123209953308
240,LGH020002,"[0.721094, 0.621296, 0.022396, 0.02963]",train,dbscam_euclidean,0,False,True,0.3383525311946869
240,LGH020002,"[0.753125, 0.375, 0.0125, 0.018519]",train,dbscam_euclidean,0,False,True,0.543173611164093
240,LGH020002,"[0.982031, 0.80463, 0.034896, 0.022222]",train,dbscam_euclidean,0,False,True,0.31609106063842773
240,LGH020002,"[0.632031, 0.668519, 0.028646, 0.027778]",train,dbscam_euclidean,0,False,True,0.33110344409942627
240,LGH020002,"[0.664323, 0.688426, 0.044271, 0.017593]",train,dbscam_euclidean,0,False,True,0.45767465233802795
240,LGH020002,"[0.680469, 0.220833, 0.060937, 0.058333]",train,dbscam_euclidean,0,False,True,0.3494323790073395
240,LGH020002,"[0.985938, 0.089352, 0.027083, 0.056481]",train,dbscam_euclidean,0,False,True,0.3128960132598877
240,LGH020002,"[0.648698, 0.608333, 0.016146, 0.033333]",train,dbscam_euclidean,0,False,True,0.43125832080841064
240,LGH020002,"[0.034635, 0.662963, 0.069271, 0.072222]",train,dbscam_euclidean,0,False,True,0.4634964168071747
240,LGH020002,"[0.517969, 0.578241, 0.031771, 0.037963]",train,dbscam_euclidean,0,False,True,0.28466495871543884
240,LGH020002,"[0.302083, 0.441667, 0.041667, 0.096296]",train,dbscam_euclidean,0,False,True,0.4083523154258728
240,LGH020002,"[0.538542, 0.447685, 0.032292, 0.030556]",train,dbscam_euclidean,0,False,True,0.3037717640399933
240,LGH020002,"[0.758073, 0.707407, 0.040104, 0.02963]",train,dbscam_euclidean,0,False,True,0.2655894458293915
240,LGH020002,"[0.68125, 0.3375, 0.03125, 0.036111]",train,dbscam_euclidean,0,False,True,0.2605665922164917
240,LGH020002,"[0.75, 0.312963, 0.027083, 0.077778]",train,dbscam_euclidean,0,False,True,0.3015904724597931
240,LGH020002,"[0.515365, 0.390741, 0.025521, 0.037037]",train,dbscam_euclidean,0,False,True,0.2860774099826813
240,LGH020002,"[0.751302, 0.431019, 0.077604, 0.063889]",train,dbscam_euclidean,0,False,True,0.40819284319877625
240,LGH020002,"[0.824132, 0.463193, 0.066377, 0.041908]",train,dbscam_euclidean,0,False,True,0.34675291180610657
240,LGH020002,"[0.864454, 0.508409, 0.102357, 0.052936]",train,dbscam_euclidean,0,False,True,0.4232442378997803
240,LGH020002,"[0.872208, 0.548111, 0.065757, 0.046319]",train,dbscam_euclidean,0,False,True,0.2995527982711792
240,LGH020002,"[0.958437, 0.496278, 0.076923, 0.063965]",train,dbscam_euclidean,0,False,True,0.4142061471939087
240,LGH020002,"[0.962159, 0.565205, 0.074442, 0.058451]",train,dbscam_euclidean,0,False,True,0.35417404770851135
240,LGH020002,"[0.402295, 0.683209, 0.044045, 0.087124]",train,dbscam_euclidean,0,False,True,0.3668724596500397
240,LGH020002,"[0.158809, 0.761511, 0.105459, 0.08933]",train,dbscam_euclidean,0,False,True,0.5669957995414734
780,LGH020002,"[0.96224, 0.189815, 0.074479, 0.074074]",train,dbscam_euclidean,0,False,True,0.4628327488899231
780,LGH020002,"[0.188281, 0.340278, 0.132812, 0.056481]",train,dbscam_euclidean,0,False,False,0.5295287370681763
780,LGH020002,"[0.409896, 0.308333, 0.055208, 0.042593]",train,dbscam_euclidean,0,False,True,0.3903953731060028
780,LGH020002,"[0.125781, 0.148611, 0.066146, 0.126852]",train,dbscam_euclidean,-1,True,False,
780,LGH020002,"[0.25, 0.031481, 0.0625, 0.062963]",train,dbscam_euclidean,0,False,True,0.3983786404132843
780,LGH020002,"[0.078385, 0.162037, 0.024479, 0.022222]",train,dbscam_euclidean,0,False,True,0.2758883535861969
780,LGH020002,"[0.884635, 0.298148, 0.118229, 0.064815]",train,dbscam_euclidean,0,False,True,0.570307195186615
780,LGH020002,"[0.63099, 0.299074, 0.041146, 0.025926]",train,dbscam_euclidean,0,False,True,0.3468361496925354
780,LGH020002,"[0.575, 0.566667, 0.071875, 0.07963]",train,dbscam_euclidean,0,False,True,0.5010258555412292
780,LGH020002,"[0.038542, 0.54213, 0.077083, 0.04537]",train,dbscam_euclidean,0,False,True,0.40515321493148804
780,LGH020002,"[0.583333, 0.162963, 0.020833, 0.035185]",train,dbscam_euclidean,0,False,True,0.24456793069839478
780,LGH020002,"[0.549479, 0.5125, 0.048958, 0.039815]",train,dbscam_euclidean,0,False,True,0.3114716112613678
780,LGH020002,"[0.304427, 0.509722, 0.039062, 0.030556]",train,dbscam_euclidean,0,False,True,0.2617435157299042
780,LGH020002,"[0.285677, 0.472685, 0.034896, 0.028704]",train,dbscam_euclidean,0,False,True,0.29400506615638733
780,LGH020002,"[0.232031, 0.563889, 0.030729, 0.02037]",train,dbscam_euclidean,0,False,True,0.31030744314193726
780,LGH020002,"[0.439583, 0.412037, 0.035417, 0.033333]",train,dbscam_euclidean,0,False,True,0.274930477142334
780,LGH020002,"[0.748698, 0.24537, 0.020313, 0.02037]",train,dbscam_euclidean,0,False,True,0.4159659147262573
780,LGH020002,"[0.452344, 0.793519, 0.021354, 0.053704]",train,dbscam_euclidean,0,False,True,0.319303035736084
780,LGH020002,"[0.448177, 0.931019, 0.063021, 0.076852]",train,dbscam_euclidean,0,False,True,0.44330865144729614
780,LGH020002,"[0.803125, 0.726852, 0.014583, 0.02963]",train,dbscam_euclidean,0,False,True,0.29529058933258057
780,LGH020002,"[0.432292, 0.3125, 0.010417, 0.036111]",train,dbscam_euclidean,0,False,True,0.3762621581554413
780,LGH020002,"[0.491927, 0.072685, 0.006771, 0.025]",train,dbscam_euclidean,0,False,True,0.40014466643333435
780,LGH020002,"[0.886198, 0.350463, 0.024479, 0.028704]",train,dbscam_euclidean,0,False,True,0.2467668354511261
780,LGH020002,"[0.421875, 0.49213, 0.073958, 0.05463]",train,dbscam_euclidean,0,False,True,0.39808037877082825
780,LGH020002,"[0.308333, 0.240278, 0.052083, 0.049074]",train,dbscam_euclidean,0,False,True,0.3144191801548004
780,LGH020002,"[0.703906, 0.684722, 0.020313, 0.037963]",train,dbscam_euclidean,0,False,True,0.25130128860473633
780,LGH020002,"[0.561979, 0.679167, 0.032292, 0.032407]",train,dbscam_euclidean,0,False,True,0.25471729040145874
780,LGH020002,"[0.034635, 0.831944, 0.015104, 0.036111]",train,dbscam_euclidean,0,False,True,0.2682948708534241
780,LGH020002,"[0.702083, 0.588889, 0.048958, 0.057407]",train,dbscam_euclidean,0,False,True,0.33911022543907166
780,LGH020002,"[0.375, 0.691667, 0.015625, 0.046296]",train,dbscam_euclidean,0,False,True,0.23006011545658112
780,LGH020002,"[0.533854, 0.744444, 0.036458, 0.035185]",train,dbscam_euclidean,0,False,True,0.25705793499946594
780,LGH020002,"[0.629687, 0.622685, 0.010417, 0.021296]",train,dbscam_euclidean,0,False,True,0.42857176065444946
780,LGH020002,"[0.392708, 0.456944, 0.030208, 0.026852]",train,dbscam_euclidean,0,False,True,0.24414828419685364
780,LGH020002,"[0.695573, 0.014352, 0.039062, 0.028704]",train,dbscam_euclidean,0,False,True,0.29673439264297485
780,LGH020002,"[0.428125, 0.717593, 0.008333, 0.016667]",train,dbscam_euclidean,0,False,True,0.3838505446910858
780,LGH020002,"[0.115104, 0.891667, 0.0125, 0.016667]",train,dbscam_euclidean,0,False,True,0.3772692382335663
780,LGH020002,"[0.623437, 0.775, 0.008333, 0.068519]",train,dbscam_euclidean,0,False,True,0.41818898916244507
780,LGH020002,"[0.469531, 0.935185, 0.006771, 0.027778]",train,dbscam_euclidean,0,False,True,0.4025384187698364
780,LGH020002,"[0.185417, 0.246296, 0.136458, 0.242593]",train,dbscam_euclidean,-1,True,False,
780,LGH020002,"[0.833333, 0.293519, 0.015625, 0.016667]",train,dbscam_euclidean,0,False,True,0.3321970999240875
780,LGH020002,"[0.764888, 0.479184, 0.093052, 0.069479]",train,dbscam_euclidean,0,False,True,0.4527909457683563
780,LGH020002,"[0.829715, 0.448304, 0.093672, 0.069479]",train,dbscam_euclidean,0,False,True,0.5108259916305542
780,LGH020002,"[0.972084, 0.479184, 0.054591, 0.082713]",train,dbscam_euclidean,0,False,True,0.47529736161231995
780,LGH020002,"[0.884926, 0.42349, 0.065136, 0.063965]",train,dbscam_euclidean,0,False,True,0.41614773869514465
630,LGH020002,"[0.29375, 0.628241, 0.070833, 0.047222]",train,dbscam_euclidean,0,False,True,0.35693028569221497
630,LGH020002,"[0.660937, 0.622222, 0.084375, 0.059259]",train,dbscam_euclidean,0,False,True,0.47796815633773804
630,LGH020002,"[0.684896, 0.544444, 0.052083, 0.051852]",train,dbscam_euclidean,0,False,True,0.3166029751300812
630,LGH020002,"[0.621875, 0.293981, 0.033333, 0.034259]",train,dbscam_euclidean,0,False,True,0.25879332423210144
630,LGH020002,"[0.53151, 0.5, 0.018229, 0.016667]",train,dbscam_euclidean,0,False,True,0.35639968514442444
630,LGH020002,"[0.069792, 0.712963, 0.045833, 0.059259]",train,dbscam_euclidean,0,False,True,0.31374114751815796
630,LGH020002,"[0.529948, 0.587963, 0.009896, 0.016667]",train,dbscam_euclidean,0,False,True,0.4275020956993103
630,LGH020002,"[0.274479, 0.889815, 0.020833, 0.040741]",train,dbscam_euclidean,0,False,True,0.26347529888153076
630,LGH020002,"[0.502604, 0.147222, 0.030208, 0.02963]",train,dbscam_euclidean,0,False,True,0.2537386417388916
630,LGH020002,"[0.615625, 0.545833, 0.021875, 0.026852]",train,dbscam_euclidean,0,False,True,0.3109641969203949
630,LGH020002,"[0.766146, 0.964352, 0.110417, 0.052778]",train,dbscam_euclidean,-1,True,False,
630,LGH020002,"[0.788281, 0.830093, 0.024479, 0.037963]",train,dbscam_euclidean,0,False,True,0.23607324063777924
630,LGH020002,"[0.550521, 0.898148, 0.009375, 0.022222]",train,dbscam_euclidean,0,False,True,0.43666723370552063
630,LGH020002,"[0.92526, 0.4, 0.073438, 0.02963]",train,dbscam_euclidean,0,False,True,0.34816408157348633
630,LGH020002,"[0.871354, 0.8, 0.130208, 0.07963]",train,dbscam_euclidean,-1,True,False,
630,LGH020002,"[0.13724, 0.421296, 0.057813, 0.02963]",train,dbscam_euclidean,0,False,True,0.2846394181251526
630,LGH020002,"[0.450781, 0.616667, 0.016146, 0.024074]",train,dbscam_euclidean,0,False,True,0.3855465352535248
630,LGH020002,"[0.606771, 0.194444, 0.03125, 0.046296]",train,dbscam_euclidean,0,False,True,0.2770768404006958
630,LGH020002,"[0.57526, 0.677315, 0.040104, 0.032407]",train,dbscam_euclidean,0,False,True,0.29774245619773865
630,LGH020002,"[0.750781, 0.984722, 0.018229, 0.028704]",train,dbscam_euclidean,0,False,True,0.2930569350719452
630,LGH020002,"[0.664323, 0.801852, 0.025521, 0.037037]",train,dbscam_euclidean,0,False,True,0.214813694357872
630,LGH020002,"[0.027083, 0.956944, 0.054167, 0.084259]",train,dbscam_euclidean,0,False,True,0.4565376937389374
630,LGH020002,"[0.24401, 0.959722, 0.035937, 0.060185]",train,dbscam_euclidean,0,False,True,0.25844651460647583
630,LGH020002,"[0.401302, 0.616204, 0.031771, 0.026852]",train,dbscam_euclidean,0,False,True,0.2670644521713257
630,LGH020002,"[0.524479, 0.838426, 0.03125, 0.050926]",train,dbscam_euclidean,0,False,True,0.2808075547218323
630,LGH020002,"[0.908333, 0.368519, 0.021875, 0.024074]",train,dbscam_euclidean,0,False,True,0.2910504639148712
630,LGH020002,"[0.045833, 0.945833, 0.016667, 0.063889]",train,dbscam_euclidean,0,False,True,0.29909247159957886
630,LGH020002,"[0.504167, 0.85787, 0.007292, 0.017593]",train,dbscam_euclidean,0,False,True,0.4434342086315155
630,LGH020002,"[0.503385, 0.499537, 0.019271, 0.036111]",train,dbscam_euclidean,0,False,True,0.40651559829711914
630,LGH020002,"[0.814063, 0.782407, 0.01875, 0.046296]",train,dbscam_euclidean,0,False,True,0.29109033942222595
630,LGH020002,"[0.445099, 0.309347, 0.039082, 0.071685]",train,dbscam_euclidean,0,False,True,0.3005325496196747
630,LGH020002,"[0.744727, 0.722911, 0.047767, 0.065068]",train,dbscam_euclidean,0,False,True,0.3368278741836548
630,LGH020002,"[0.510236, 0.725669, 0.031638, 0.070582]",train,dbscam_euclidean,0,False,True,0.3293238878250122
630,LGH020002,"[0.365385, 0.655087, 0.034739, 0.044114]",train,dbscam_euclidean,0,False,True,0.24253155291080475
630,LGH020002,"[0.39268, 0.759857, 0.031017, 0.079404]",train,dbscam_euclidean,0,False,True,0.3433037996292114
630,LGH020002,"[0.565447, 0.731734, 0.050248, 0.054039]",train,dbscam_euclidean,0,False,True,0.28068065643310547
630,LGH020002,"[0.718672, 0.870141, 0.0366, 0.055142]",train,dbscam_euclidean,0,False,True,0.25695833563804626
1650,LGH020002,"[0.242969, 0.214815, 0.105729, 0.057407]",train,dbscam_euclidean,0,False,True,0.5386558771133423
1650,LGH020002,"[0.254167, 0.127315, 0.088542, 0.062037]",train,dbscam_euclidean,0,False,True,0.48663145303726196
1650,LGH020002,"[0.299479, 0.019444, 0.065625, 0.038889]",train,dbscam_euclidean,0,False,True,0.35058915615081787
1650,LGH020002,"[0.627604, 0.521296, 0.036458, 0.066667]",train,dbscam_euclidean,0,False,True,0.3455978333950043
1650,LGH020002,"[0.415885, 0.462963, 0.043229, 0.046296]",train,dbscam_euclidean,0,False,True,0.30503806471824646
1650,LGH020002,"[0.340885, 0.354167, 0.045312, 0.039815]",train,dbscam_euclidean,0,False,True,0.2868169844150543
1650,LGH020002,"[0.466406, 0.317593, 0.029687, 0.027778]",train,dbscam_euclidean,0,False,True,0.21891789138317108
1650,LGH020002,"[0.386198, 0.152778, 0.036979, 0.025926]",train,dbscam_euclidean,0,False,True,0.31048956513404846
1650,LGH020002,"[0.95599, 0.145833, 0.041146, 0.023148]",train,dbscam_euclidean,0,False,True,0.3173227608203888
1650,LGH020002,"[0.338542, 0.227315, 0.079167, 0.069444]",train,dbscam_euclidean,0,False,True,0.47731706500053406
1650,LGH020002,"[0.558333, 0.240278, 0.038542, 0.065741]",train,dbscam_euclidean,0,False,True,0.3186286389827728
1650,LGH020002,"[0.347656, 0.333796, 0.036979, 0.052778]",train,dbscam_euclidean,0,False,True,0.2981903851032257
1650,LGH020002,"[0.414323, 0.143519, 0.044271, 0.12963]",train,dbscam_euclidean,0,False,True,0.5566385388374329
1650,LGH020002,"[0.623177, 0.397222, 0.030729, 0.02037]",train,dbscam_euclidean,0,False,True,0.27125656604766846
1650,LGH020002,"[0.355469, 0.13287, 0.014063, 0.019444]",train,dbscam_euclidean,0,False,True,0.37098759412765503
1650,LGH020002,"[0.388281, 0.404167, 0.060937, 0.052778]",train,dbscam_euclidean,0,False,True,0.3732641041278839
1650,LGH020002,"[0.026562, 0.3875, 0.053125, 0.097222]",train,dbscam_euclidean,0,False,True,0.5077678561210632
1650,LGH020002,"[0.551823, 0.588426, 0.023438, 0.030556]",train,dbscam_euclidean,0,False,True,0.3259216845035553
1650,LGH020002,"[0.229427, 0.610185, 0.055729, 0.07037]",train,dbscam_euclidean,0,False,True,0.45456790924072266
1650,LGH020002,"[0.538021, 0.375, 0.030208, 0.031481]",train,dbscam_euclidean,0,False,True,0.2341119349002838
1650,LGH020002,"[0.526302, 0.277315, 0.024479, 0.034259]",train,dbscam_euclidean,0,False,True,0.2611715793609619
1650,LGH020002,"[0.592969, 0.246759, 0.041146, 0.041667]",train,dbscam_euclidean,0,False,True,0.28682392835617065
1650,LGH020002,"[0.929948, 0.093056, 0.025521, 0.017593]",train,dbscam_euclidean,0,False,True,0.3388745188713074
1650,LGH020002,"[0.290365, 0.105093, 0.014063, 0.025]",train,dbscam_euclidean,0,False,True,0.3455684781074524
1650,LGH020002,"[0.952344, 0.234722, 0.094271, 0.091667]",train,dbscam_euclidean,0,False,True,0.5652551054954529
1650,LGH020002,"[0.674479, 0.49537, 0.025, 0.018519]",train,dbscam_euclidean,0,False,True,0.3947247564792633
1650,LGH020002,"[0.570833, 0.376852, 0.019792, 0.02037]",train,dbscam_euclidean,0,False,True,0.34846702218055725
1650,LGH020002,"[0.351562, 0.194907, 0.040625, 0.037963]",train,dbscam_euclidean,0,False,True,0.29534390568733215
1650,LGH020002,"[0.371094, 0.481944, 0.049479, 0.037963]",train,dbscam_euclidean,0,False,True,0.2591083347797394
1650,LGH020002,"[0.720833, 0.62963, 0.0375, 0.027778]",train,dbscam_euclidean,0,False,True,0.2849051356315613
1650,LGH020002,"[0.858073, 0.288426, 0.020313, 0.013889]",train,dbscam_euclidean,0,False,True,0.3472258746623993
1650,LGH020002,"[0.575781, 0.058796, 0.026562, 0.030556]",train,dbscam_euclidean,0,False,True,0.22574932873249054
1650,LGH020002,"[0.463281, 0.346759, 0.043229, 0.037963]",train,dbscam_euclidean,0,False,True,0.3309060335159302
1650,LGH020002,"[0.8125, 0.360185, 0.048958, 0.046296]",train,dbscam_euclidean,0,False,True,0.31831690669059753
1650,LGH020002,"[0.415625, 0.271759, 0.013542, 0.021296]",train,dbscam_euclidean,0,False,True,0.39548784494400024
1650,LGH020002,"[0.501042, 0.203704, 0.032292, 0.044444]",train,dbscam_euclidean,0,False,True,0.2857663333415985
1650,LGH020002,"[0.547396, 0.437037, 0.053125, 0.059259]",train,dbscam_euclidean,0,False,True,0.3549039661884308
1650,LGH020002,"[0.366146, 0.297222, 0.023958, 0.031481]",train,dbscam_euclidean,0,False,True,0.21488481760025024
1650,LGH020002,"[0.990625, 0.100463, 0.017708, 0.030556]",train,dbscam_euclidean,0,False,True,0.29265546798706055
1650,LGH020002,"[0.609375, 0.430093, 0.047917, 0.030556]",train,dbscam_euclidean,0,False,True,0.2817460596561432
1650,LGH020002,"[0.147917, 0.065741, 0.011458, 0.016667]",train,dbscam_euclidean,0,False,True,0.37276604771614075
1650,LGH020002,"[0.505729, 0.284259, 0.020833, 0.042593]",train,dbscam_euclidean,0,False,True,0.22722220420837402
1650,LGH020002,"[0.469531, 0.585185, 0.011979, 0.027778]",train,dbscam_euclidean,0,False,True,0.3973618745803833
1650,LGH020002,"[0.655469, 0.619907, 0.045312, 0.026852]",train,dbscam_euclidean,0,False,True,0.37019962072372437
1650,LGH020002,"[0.567448, 0.328704, 0.041146, 0.053704]",train,dbscam_euclidean,0,False,True,0.3330783545970917
1650,LGH020002,"[0.896354, 0.100463, 0.019792, 0.026852]",train,dbscam_euclidean,0,False,True,0.25981947779655457
1650,LGH020002,"[0.430729, 0.897685, 0.01875, 0.049074]",train,dbscam_euclidean,0,False,True,0.24980543553829193
1650,LGH020002,"[0.65599, 0.874074, 0.019271, 0.035185]",train,dbscam_euclidean,0,False,True,0.26433250308036804
1650,LGH020002,"[0.290104, 0.856944, 0.013542, 0.015741]",train,dbscam_euclidean,0,False,True,0.3907562494277954
1650,LGH020002,"[0.722917, 0.767593, 0.022917, 0.024074]",train,dbscam_euclidean,0,False,True,0.27166807651519775
1650,LGH020002,"[0.013802, 0.380093, 0.027604, 0.006481]",train,dbscam_euclidean,0,False,True,0.4848369359970093
1650,LGH020002,"[0.46875, 0.393981, 0.015625, 0.036111]",train,dbscam_euclidean,0,False,True,0.30125153064727783
1650,LGH020002,"[0.139063, 0.205556, 0.029167, 0.038889]",train,dbscam_euclidean,0,False,True,0.3111114501953125
1650,LGH020002,"[0.929427, 0.824074, 0.008854, 0.014815]",train,dbscam_euclidean,0,False,True,0.4019768238067627
1650,LGH020002,"[0.375521, 0.322685, 0.025, 0.019444]",train,dbscam_euclidean,0,False,True,0.30651554465293884
1650,LGH020002,"[0.36875, 0.243519, 0.019792, 0.037037]",train,dbscam_euclidean,0,False,True,0.27346712350845337
1650,LGH020002,"[0.485938, 0.275926, 0.032292, 0.072222]",train,dbscam_euclidean,0,False,True,0.3691006302833557
1650,LGH020002,"[0.849479, 0.327315, 0.016667, 0.030556]",train,dbscam_euclidean,0,False,True,0.2762565016746521
1650,LGH020002,"[0.434115, 0.384722, 0.051562, 0.036111]",train,dbscam_euclidean,0,False,True,0.26804953813552856
1650,LGH020002,"[0.018229, 0.406944, 0.036458, 0.058333]",train,dbscam_euclidean,0,False,True,0.32874158024787903
1650,LGH020002,"[0.467187, 0.231944, 0.0125, 0.025]",train,dbscam_euclidean,0,False,True,0.43023791909217834
1650,LGH020002,"[0.369271, 0.505093, 0.054167, 0.087963]",train,dbscam_euclidean,0,False,True,0.43997225165367126
1650,LGH020002,"[0.143921, 0.914254, 0.130273, 0.147781]",train,dbscam_euclidean,0,False,False,0.6999497413635254
42388,LGH020002,"[0.082552, 0.569444, 0.130729, 0.085185]",train,dbscam_euclidean,0,False,False,0.4859454333782196
42388,LGH020002,"[0.301563, 0.21713, 0.0625, 0.047222]",train,dbscam_euclidean,0,False,True,0.2829218804836273
42388,LGH020002,"[0.753385, 0.038426, 0.033854, 0.076852]",train,dbscam_euclidean,0,False,True,0.3161669671535492
42388,LGH020002,"[0.919531, 0.925463, 0.064062, 0.147222]",train,dbscam_euclidean,0,False,True,0.4810287058353424
42388,LGH020002,"[0.21276, 0.825926, 0.027604, 0.192593]",train,dbscam_euclidean,-1,True,False,
42388,LGH020002,"[0.611979, 0.813426, 0.136458, 0.123148]",train,dbscam_euclidean,0,False,False,0.6246200203895569
42388,LGH020002,"[0.454167, 0.599074, 0.066667, 0.085185]",train,dbscam_euclidean,0,False,True,0.3866889178752899
42388,LGH020002,"[0.667969, 0.552778, 0.073438, 0.068519]",train,dbscam_euclidean,0,False,True,0.4445571303367615
42388,LGH020002,"[0.253125, 0.092593, 0.097917, 0.114815]",train,dbscam_euclidean,0,False,False,0.5840657949447632
42388,LGH020002,"[0.510677, 0.623148, 0.058854, 0.114815]",train,dbscam_euclidean,0,False,True,0.4464183747768402
42388,LGH020002,"[0.476302, 0.218519, 0.031771, 0.096296]",train,dbscam_euclidean,0,False,True,0.27450498938560486
42388,LGH020002,"[0.314323, 0.123611, 0.014063, 0.032407]",train,dbscam_euclidean,0,False,True,0.48052796721458435
42388,LGH020002,"[0.950781, 0.126389, 0.097396, 0.100926]",train,dbscam_euclidean,0,False,True,0.4320831000804901
42388,LGH020002,"[0.095573, 0.273148, 0.079687, 0.105556]",train,dbscam_euclidean,0,False,True,0.43298450112342834
42388,LGH020002,"[0.41901, 0.289815, 0.034896, 0.053704]",train,dbscam_euclidean,0,False,True,0.2765667140483856
42388,LGH020002,"[0.7375, 0.198611, 0.04375, 0.026852]",train,dbscam_euclidean,0,False,True,0.36477887630462646
42388,LGH020002,"[0.616146, 0.397685, 0.042708, 0.100926]",train,dbscam_euclidean,0,False,True,0.33932873606681824
42388,LGH020002,"[0.233333, 0.352315, 0.025, 0.030556]",train,dbscam_euclidean,0,False,True,0.36259710788726807
42388,LGH020002,"[0.288802, 0.342593, 0.039062, 0.033333]",train,dbscam_euclidean,0,False,True,0.33165550231933594
42388,LGH020002,"[0.672135, 0.631481, 0.052604, 0.083333]",train,dbscam_euclidean,0,False,True,0.3781017065048218
42388,LGH020002,"[0.347656, 0.947222, 0.028646, 0.103704]",train,dbscam_euclidean,0,False,True,0.2787996530532837
42388,LGH020002,"[0.452083, 0.849074, 0.028125, 0.064815]",train,dbscam_euclidean,0,False,True,0.2719445824623108
42388,LGH020002,"[0.702865, 0.80787, 0.069271, 0.128704]",train,dbscam_euclidean,0,False,True,0.4315517246723175
42388,LGH020002,"[0.671615, 0.954167, 0.035937, 0.05463]",train,dbscam_euclidean,0,False,True,0.2596663236618042
42388,LGH020002,"[0.432292, 0.493056, 0.064583, 0.141667]",train,dbscam_euclidean,-1,True,False,
42388,LGH020002,"[0.428125, 0.724074, 0.030208, 0.066667]",train,dbscam_euclidean,0,False,True,0.286143958568573
42388,LGH020002,"[0.733594, 0.930556, 0.040104, 0.083333]",train,dbscam_euclidean,0,False,True,0.25710251927375793
42388,LGH020002,"[0.302083, 0.071296, 0.019792, 0.037037]",train,dbscam_euclidean,0,False,True,0.37271812558174133
42388,LGH020002,"[0.525781, 0.168519, 0.022396, 0.07963]",train,dbscam_euclidean,0,False,True,0.3253743648529053
42388,LGH020002,"[0.771094, 0.647685, 0.024479, 0.034259]",train,dbscam_euclidean,0,False,True,0.3409574329853058
42388,LGH020002,"[0.87526, 0.715741, 0.133854, 0.112963]",train,dbscam_euclidean,0,False,False,0.5195427536964417
42388,LGH020002,"[0.726042, 0.700463, 0.019792, 0.056481]",train,dbscam_euclidean,0,False,True,0.37059485912323
42388,LGH020002,"[0.98776, 0.827315, 0.010937, 0.013889]",train,dbscam_euclidean,0,False,True,0.49305757880210876
42388,LGH020002,"[0.408594, 0.497685, 0.023438, 0.025]",train,dbscam_euclidean,0,False,True,0.4287429451942444
42388,LGH020002,"[0.170573, 0.669444, 0.007812, 0.016667]",train,dbscam_euclidean,0,False,True,0.5043272972106934
42388,LGH020002,"[0.544271, 0.179167, 0.058333, 0.099074]",train,dbscam_euclidean,0,False,True,0.3520154356956482
42388,LGH020002,"[0.03125, 0.249074, 0.0625, 0.055556]",train,dbscam_euclidean,0,False,True,0.3153124153614044
42388,LGH020002,"[0.460156, 0.835185, 0.044271, 0.092593]",train,dbscam_euclidean,0,False,True,0.29630160331726074
42388,LGH020002,"[0.638802, 0.640278, 0.035937, 0.04537]",train,dbscam_euclidean,0,False,True,0.29627150297164917
42388,LGH020002,"[0.92526, 0.753241, 0.033854, 0.039815]",train,dbscam_euclidean,0,False,True,0.3447435796260834
42388,LGH020002,"[0.921094, 0.722222, 0.040104, 0.02037]",train,dbscam_euclidean,0,False,True,0.44448739290237427
42388,LGH020002,"[0.514578, 0.050731, 0.025434, 0.037497]",train,dbscam_euclidean,0,False,True,0.34937235713005066
42388,LGH020002,"[0.722395, 0.318721, 0.01799, 0.050731]",train,dbscam_euclidean,0,False,True,0.31958645582199097
42388,LGH020002,"[0.549318, 0.444444, 0.026675, 0.06617]",train,dbscam_euclidean,0,False,True,0.3691578805446625
42388,LGH020002,"[0.581576, 0.666667, 0.113524, 0.095947]",train,dbscam_euclidean,0,False,True,0.5089603066444397
42388,LGH020002,"[0.666253, 0.746623, 0.065757, 0.119107]",train,dbscam_euclidean,0,False,True,0.463127464056015
42388,LGH020002,"[0.781638, 0.778053, 0.047146, 0.07389]",train,dbscam_euclidean,0,False,True,0.2895173132419586
510,LGH020002,"[0.501823, 0.334259, 0.049479, 0.038889]",train,dbscam_euclidean,0,False,True,0.27595779299736023
510,LGH020002,"[0.62526, 0.318981, 0.029687, 0.017593]",train,dbscam_euclidean,0,False,True,0.3398076295852661
510,LGH020002,"[0.770312, 0.213426, 0.055208, 0.060185]",train,dbscam_euclidean,0,False,True,0.3806498348712921
510,LGH020002,"[0.376563, 0.143981, 0.01875, 0.025]",train,dbscam_euclidean,0,False,True,0.3311203718185425
510,LGH020002,"[0.923177, 0.74537, 0.098437, 0.088889]",train,dbscam_euclidean,-1,True,False,
510,LGH020002,"[0.692969, 0.648148, 0.049479, 0.07963]",train,dbscam_euclidean,0,False,True,0.454339861869812
510,LGH020002,"[0.530729, 0.496759, 0.048958, 0.026852]",train,dbscam_euclidean,0,False,True,0.2776416838169098
510,LGH020002,"[0.634375, 0.488426, 0.03125, 0.060185]",train,dbscam_euclidean,0,False,True,0.2714414596557617
510,LGH020002,"[0.481771, 0.360185, 0.039583, 0.038889]",train,dbscam_euclidean,0,False,True,0.23717668652534485
510,LGH020002,"[0.490104, 0.466204, 0.03125, 0.030556]",train,dbscam_euclidean,0,False,True,0.2731999456882477
510,LGH020002,"[0.640365, 0.436574, 0.069271, 0.082407]",train,dbscam_euclidean,0,False,False,0.5610570311546326
510,LGH020002,"[0.41901, 0.692593, 0.054688, 0.087037]",train,dbscam_euclidean,0,False,True,0.4087256193161011
510,LGH020002,"[0.74401, 0.370833, 0.010937, 0.047222]",train,dbscam_euclidean,0,False,True,0.3567838668823242
510,LGH020002,"[0.471354, 0.447685, 0.00625, 0.039815]",train,dbscam_euclidean,0,False,True,0.46939927339553833
510,LGH020002,"[0.42526, 0.414352, 0.025521, 0.023148]",train,dbscam_euclidean,0,False,True,0.26428136229515076
510,LGH020002,"[0.364844, 0.505093, 0.028646, 0.04537]",train,dbscam_euclidean,0,False,True,0.22274835407733917
510,LGH020002,"[0.35651, 0.973611, 0.044271, 0.050926]",train,dbscam_euclidean,0,False,True,0.3303124010562897
510,LGH020002,"[0.6375, 0.659259, 0.035417, 0.037037]",train,dbscam_euclidean,0,False,True,0.27142858505249023
510,LGH020002,"[0.595313, 0.273148, 0.023958, 0.031481]",train,dbscam_euclidean,0,False,True,0.22453610599040985
510,LGH020002,"[0.667188, 0.511111, 0.051042, 0.031481]",train,dbscam_euclidean,0,False,True,0.25857749581336975
510,LGH020002,"[0.40651, 0.481019, 0.018229, 0.013889]",train,dbscam_euclidean,0,False,True,0.3752198815345764
510,LGH020002,"[0.465104, 0.284722, 0.019792, 0.056481]",train,dbscam_euclidean,0,False,True,0.2771719694137573
510,LGH020002,"[0.660937, 0.544907, 0.021875, 0.021296]",train,dbscam_euclidean,0,False,True,0.3764592111110687
510,LGH020002,"[0.783854, 0.723611, 0.034375, 0.049074]",train,dbscam_euclidean,0,False,True,0.2984667420387268
510,LGH020002,"[0.215885, 0.984722, 0.080729, 0.028704]",train,dbscam_euclidean,0,False,True,0.3502543568611145
510,LGH020002,"[0.240104, 0.985185, 0.032292, 0.027778]",train,dbscam_euclidean,0,False,True,0.23015350103378296
330,LGH020002,"[0.675, 0.339352, 0.070833, 0.069444]",train,dbscam_euclidean,0,False,True,0.4337126910686493
330,LGH020002,"[0.409375, 0.182407, 0.040625, 0.077778]",train,dbscam_euclidean,0,False,True,0.35122165083885193
330,LGH020002,"[0.483333, 0.372222, 0.069792, 0.085185]",train,dbscam_euclidean,0,False,True,0.5324510335922241
330,LGH020002,"[0.584375, 0.072685, 0.04375, 0.14537]",train,dbscam_euclidean,0,False,False,0.6227816343307495
330,LGH020002,"[0.835417, 0.071296, 0.139583, 0.142593]",train,dbscam_euclidean,-1,True,False,
330,LGH020002,"[0.269792, 0.285648, 0.022917, 0.034259]",train,dbscam_euclidean,0,False,True,0.2811116874217987
330,LGH020002,"[0.348177, 0.483333, 0.052604, 0.085185]",train,dbscam_euclidean,0,False,True,0.4650419056415558
330,LGH020002,"[0.539062, 0.148611, 0.032292, 0.052778]",train,dbscam_euclidean,0,False,True,0.3104943335056305
330,LGH020002,"[0.749479, 0.024537, 0.027083, 0.049074]",train,dbscam_euclidean,0,False,True,0.2954193353652954
330,LGH020002,"[0.240365, 0.018981, 0.018229, 0.037963]",train,dbscam_euclidean,0,False,True,0.28467312455177307
330,LGH020002,"[0.310417, 0.30787, 0.014583, 0.04537]",train,dbscam_euclidean,0,False,True,0.30279791355133057
330,LGH020002,"[0.385156, 0.685185, 0.077604, 0.062963]",train,dbscam_euclidean,0,False,True,0.4185469448566437
330,LGH020002,"[0.016667, 0.518519, 0.033333, 0.027778]",train,dbscam_euclidean,0,False,True,0.2921217083930969
330,LGH020002,"[0.595833, 0.175463, 0.014583, 0.019444]",train,dbscam_euclidean,0,False,True,0.3584479093551636
330,LGH020002,"[0.95026, 0.323148, 0.098437, 0.07037]",train,dbscam_euclidean,0,False,True,0.454696923494339
330,LGH020002,"[0.378906, 0.080093, 0.017188, 0.086111]",train,dbscam_euclidean,0,False,True,0.3471028208732605
330,LGH020002,"[0.239323, 0.267593, 0.035937, 0.064815]",train,dbscam_euclidean,0,False,True,0.35281816124916077
330,LGH020002,"[0.478646, 0.178241, 0.017708, 0.082407]",train,dbscam_euclidean,0,False,True,0.33649277687072754
330,LGH020002,"[0.404167, 0.275, 0.046875, 0.025926]",train,dbscam_euclidean,0,False,True,0.3646003007888794
330,LGH020002,"[0.172656, 0.254167, 0.048438, 0.05463]",train,dbscam_euclidean,0,False,True,0.26747578382492065
330,LGH020002,"[0.422396, 0.443056, 0.023958, 0.028704]",train,dbscam_euclidean,0,False,True,0.24730825424194336
330,LGH020002,"[0.438281, 0.508796, 0.031771, 0.025]",train,dbscam_euclidean,0,False,True,0.3022659420967102
330,LGH020002,"[0.395313, 0.375926, 0.042708, 0.025926]",train,dbscam_euclidean,0,False,True,0.3960038125514984
330,LGH020002,"[0.497656, 0.883333, 0.025521, 0.037037]",train,dbscam_euclidean,0,False,True,0.24814079701900482
330,LGH020002,"[0.297656, 0.348148, 0.073438, 0.051852]",train,dbscam_euclidean,0,False,True,0.38762179017066956
330,LGH020002,"[0.616927, 0.468981, 0.036979, 0.041667]",train,dbscam_euclidean,0,False,True,0.2516593337059021
330,LGH020002,"[0.540104, 0.344907, 0.033333, 0.025]",train,dbscam_euclidean,0,False,True,0.278502881526947
330,LGH020002,"[0.397135, 0.450463, 0.040104, 0.049074]",train,dbscam_euclidean,0,False,True,0.23820634186267853
330,LGH020002,"[0.40026, 0.524074, 0.033854, 0.046296]",train,dbscam_euclidean,0,False,True,0.2695605158805847
330,LGH020002,"[0.41875, 0.522222, 0.070833, 0.05]",train,dbscam_euclidean,0,False,True,0.35084474086761475
330,LGH020002,"[0.261719, 0.043056, 0.015104, 0.030556]",train,dbscam_euclidean,0,False,True,0.3654910624027252
330,LGH020002,"[0.01901, 0.259722, 0.038021, 0.04537]",train,dbscam_euclidean,0,False,True,0.2709016799926758
330,LGH020002,"[0.525521, 0.374537, 0.042708, 0.04537]",train,dbscam_euclidean,0,False,True,0.24122264981269836
330,LGH020002,"[0.51875, 0.431944, 0.03125, 0.019444]",train,dbscam_euclidean,0,False,True,0.3393339514732361
330,LGH020002,"[0.979167, 0.110648, 0.040625, 0.036111]",train,dbscam_euclidean,0,False,True,0.2581577003002167
330,LGH020002,"[0.858333, 0.016204, 0.034375, 0.032407]",train,dbscam_euclidean,0,False,True,0.2573956549167633
330,LGH020002,"[0.329167, 0.148148, 0.027083, 0.096296]",train,dbscam_euclidean,0,False,True,0.36203351616859436
330,LGH020002,"[0.157552, 0.064815, 0.021354, 0.02963]",train,dbscam_euclidean,0,False,True,0.2935328483581543
330,LGH020002,"[0.885938, 0.360648, 0.026042, 0.025]",train,dbscam_euclidean,0,False,True,0.3107298016548157
330,LGH020002,"[0.776823, 0.114352, 0.022396, 0.056481]",train,dbscam_euclidean,0,False,True,0.28892233967781067
330,LGH020002,"[0.191406, 0.191667, 0.006771, 0.018519]",train,dbscam_euclidean,0,False,True,0.44734781980514526
330,LGH020002,"[0.915885, 0.30787, 0.029687, 0.041667]",train,dbscam_euclidean,0,False,True,0.3044735789299011
330,LGH020002,"[0.495312, 0.575, 0.015625, 0.031481]",train,dbscam_euclidean,0,False,True,0.3157608211040497
330,LGH020002,"[0.084635, 0.029167, 0.051562, 0.058333]",train,dbscam_euclidean,0,False,True,0.34573864936828613
330,LGH020002,"[0.329427, 0.335648, 0.010937, 0.023148]",train,dbscam_euclidean,0,False,True,0.4058745801448822
330,LGH020002,"[0.804948, 0.016204, 0.022396, 0.032407]",train,dbscam_euclidean,0,False,True,0.23072439432144165
330,LGH020002,"[0.434375, 0.6375, 0.010417, 0.023148]",train,dbscam_euclidean,0,False,True,0.4414282739162445
330,LGH020002,"[0.539062, 0.233796, 0.040625, 0.037963]",train,dbscam_euclidean,0,False,True,0.22522906959056854
330,LGH020002,"[0.374479, 0.173148, 0.016667, 0.042593]",train,dbscam_euclidean,0,False,True,0.26028209924697876
330,LGH020002,"[0.60625, 0.500463, 0.025, 0.030556]",train,dbscam_euclidean,0,False,True,0.21924321353435516
330,LGH020002,"[0.858073, 0.196296, 0.030729, 0.05]",train,dbscam_euclidean,0,False,True,0.30668506026268005
330,LGH020002,"[0.448958, 0.428241, 0.010417, 0.026852]",train,dbscam_euclidean,0,False,True,0.42062026262283325
330,LGH020002,"[0.365885, 0.390741, 0.026562, 0.031481]",train,dbscam_euclidean,0,False,True,0.2514145076274872
330,LGH020002,"[0.966927, 0.335648, 0.065104, 0.04537]",train,dbscam_euclidean,0,False,True,0.3057398200035095
330,LGH020002,"[0.411198, 0.262037, 0.061979, 0.05]",train,dbscam_euclidean,0,False,True,0.33597660064697266
330,LGH020002,"[0.808623, 0.429005, 0.081266, 0.08161]",train,dbscam_euclidean,0,False,True,0.5759035348892212
1170,LGH020002,"[0.336198, 0.185648, 0.054688, 0.121296]",train,dbscam_euclidean,-1,True,False,
1170,LGH020002,"[0.703385, 0.021296, 0.024479, 0.042593]",train,dbscam_euclidean,0,False,True,0.34478890895843506
1170,LGH020002,"[0.199479, 0.648611, 0.04375, 0.037963]",train,dbscam_euclidean,0,False,True,0.30106446146965027
1170,LGH020002,"[0.311458, 0.838426, 0.064583, 0.076852]",train,dbscam_euclidean,0,False,True,0.4978933334350586
1170,LGH020002,"[0.265365, 0.506481, 0.043229, 0.022222]",train,dbscam_euclidean,0,False,True,0.2595696449279785
1170,LGH020002,"[0.348958, 0.57963, 0.082292, 0.083333]",train,dbscam_euclidean,0,False,True,0.5344167947769165
1170,LGH020002,"[0.174479, 0.92037, 0.088542, 0.157407]",train,dbscam_euclidean,0,False,False,0.7041170597076416
1170,LGH020002,"[0.460938, 0.396759, 0.0375, 0.04537]",train,dbscam_euclidean,0,False,True,0.3023932874202728
1170,LGH020002,"[0.504427, 0.479167, 0.028646, 0.032407]",train,dbscam_euclidean,0,False,True,0.2462017983198166
1170,LGH020002,"[0.49375, 0.969444, 0.007292, 0.059259]",train,dbscam_euclidean,0,False,True,0.42170029878616333
1170,LGH020002,"[0.576302, 0.494907, 0.019271, 0.015741]",train,dbscam_euclidean,0,False,True,0.3160795569419861
1170,LGH020002,"[0.423958, 0.831944, 0.030208, 0.039815]",train,dbscam_euclidean,0,False,True,0.32758477330207825
1170,LGH020002,"[0.354167, 0.073148, 0.044792, 0.137037]",train,dbscam_euclidean,0,False,False,0.5599941611289978
1170,LGH020002,"[0.430729, 0.236111, 0.019792, 0.083333]",train,dbscam_euclidean,0,False,True,0.3458666503429413
1170,LGH020002,"[0.279948, 0.668519, 0.043229, 0.048148]",train,dbscam_euclidean,0,False,True,0.30779820680618286
1170,LGH020002,"[0.471615, 0.855556, 0.008854, 0.055556]",train,dbscam_euclidean,0,False,True,0.39449188113212585
1170,LGH020002,"[0.314323, 0.515741, 0.011979, 0.018519]",train,dbscam_euclidean,0,False,True,0.33928969502449036
1170,LGH020002,"[0.524479, 0.572222, 0.066667, 0.051852]",train,dbscam_euclidean,0,False,True,0.38129034638404846
1170,LGH020002,"[0.664583, 0.689815, 0.052083, 0.02963]",train,dbscam_euclidean,0,False,True,0.25292307138442993
1170,LGH020002,"[0.653906, 0.660648, 0.071354, 0.043519]",train,dbscam_euclidean,0,False,True,0.36727944016456604
1170,LGH020002,"[0.005729, 0.503241, 0.011458, 0.019444]",train,dbscam_euclidean,0,False,True,0.3108152151107788
1170,LGH020002,"[0.870833, 0.183333, 0.014583, 0.022222]",train,dbscam_euclidean,0,False,True,0.3316946029663086
1170,LGH020002,"[0.483854, 0.684259, 0.041667, 0.033333]",train,dbscam_euclidean,0,False,True,0.2978087365627289
1170,LGH020002,"[0.213802, 0.887037, 0.010937, 0.012963]",train,dbscam_euclidean,0,False,True,0.34402742981910706
1170,LGH020002,"[0.878385, 0.884259, 0.043229, 0.031481]",train,dbscam_euclidean,0,False,True,0.3078995645046234
1170,LGH020002,"[0.56875, 0.648148, 0.019792, 0.035185]",train,dbscam_euclidean,0,False,True,0.3038758337497711
1170,LGH020002,"[0.572135, 0.767593, 0.038021, 0.022222]",train,dbscam_euclidean,0,False,True,0.26499462127685547
1170,LGH020002,"[0.174479, 0.483333, 0.1, 0.066667]",train,dbscam_euclidean,0,False,True,0.5231667160987854
1170,LGH020002,"[0.505208, 0.798148, 0.036458, 0.022222]",train,dbscam_euclidean,0,False,True,0.24535098671913147
1170,LGH020002,"[0.361979, 0.847222, 0.011458, 0.092593]",train,dbscam_euclidean,0,False,True,0.40220707654953003
1170,LGH020002,"[0.154688, 0.503704, 0.060417, 0.025926]",train,dbscam_euclidean,0,False,True,0.3752300441265106
1170,LGH020002,"[0.057292, 0.853241, 0.034375, 0.058333]",train,dbscam_euclidean,0,False,True,0.3803867995738983
1170,LGH020002,"[0.986979, 0.991204, 0.025, 0.015741]",train,dbscam_euclidean,0,False,True,0.3195395767688751
1170,LGH020002,"[0.050521, 0.648611, 0.023958, 0.026852]",train,dbscam_euclidean,0,False,True,0.2632528841495514
1170,LGH020002,"[0.717448, 0.063426, 0.026562, 0.063889]",train,dbscam_euclidean,0,False,True,0.35726484656333923
1170,LGH020002,"[0.173958, 0.475463, 0.04375, 0.049074]",train,dbscam_euclidean,0,False,True,0.2794354259967804
1170,LGH020002,"[0.467187, 0.512963, 0.028125, 0.037037]",train,dbscam_euclidean,0,False,True,0.26580384373664856
1170,LGH020002,"[0.927344, 0.034259, 0.025521, 0.057407]",train,dbscam_euclidean,0,False,True,0.3432944715023041
1170,LGH020002,"[0.516667, 0.972222, 0.01875, 0.053704]",train,dbscam_euclidean,0,False,True,0.3153562545776367
1170,LGH020002,"[0.523698, 0.699074, 0.042188, 0.033333]",train,dbscam_euclidean,0,False,True,0.268363356590271
1170,LGH020002,"[0.429427, 0.49213, 0.011979, 0.019444]",train,dbscam_euclidean,0,False,True,0.39940202236175537
1170,LGH020002,"[0.75, 0.253704, 0.007292, 0.016667]",train,dbscam_euclidean,0,False,True,0.3924146592617035
1170,LGH020002,"[0.692448, 0.716204, 0.064062, 0.04537]",train,dbscam_euclidean,0,False,True,0.3378252685070038
1170,LGH020002,"[0.367708, 0.735185, 0.033333, 0.024074]",train,dbscam_euclidean,0,False,True,0.30976051092147827
1170,LGH020002,"[0.028125, 0.806481, 0.0125, 0.014815]",train,dbscam_euclidean,0,False,True,0.3732414245605469
1170,LGH020002,"[0.455208, 0.481944, 0.03125, 0.026852]",train,dbscam_euclidean,0,False,True,0.22397519648075104
1170,LGH020002,"[0.36849, 0.679167, 0.028646, 0.050926]",train,dbscam_euclidean,0,False,True,0.264729768037796
1170,LGH020002,"[0.547135, 0.681481, 0.018229, 0.022222]",train,dbscam_euclidean,0,False,True,0.36094409227371216
1170,LGH020002,"[0.432552, 0.772222, 0.015104, 0.022222]",train,dbscam_euclidean,0,False,True,0.34318631887435913
1170,LGH020002,"[0.00651, 0.854167, 0.013021, 0.010185]",train,dbscam_euclidean,0,False,True,0.3972000479698181
1170,LGH020002,"[0.353385, 0.606481, 0.041146, 0.027778]",train,dbscam_euclidean,0,False,True,0.3308677673339844
1170,LGH020002,"[0.48724, 0.635648, 0.036979, 0.026852]",train,dbscam_euclidean,0,False,True,0.29920050501823425
1110,LGH020002,"[0.092448, 0.44213, 0.184896, 0.089815]",train,dbscam_euclidean,0,False,False,0.5799503922462463
1110,LGH020002,"[0.06849, 0.034259, 0.113021, 0.068519]",train,dbscam_euclidean,0,False,False,0.5870106816291809
1110,LGH020002,"[0.263542, 0.093519, 0.066667, 0.131481]",train,dbscam_euclidean,-1,True,False,
1110,LGH020002,"[0.455729, 0.476389, 0.021875, 0.021296]",train,dbscam_euclidean,0,False,True,0.28407564759254456
1110,LGH020002,"[0.358594, 0.229167, 0.051562, 0.19537]",train,dbscam_euclidean,-1,True,False,
1110,LGH020002,"[0.243229, 0.14213, 0.05, 0.156481]",train,dbscam_euclidean,-1,True,False,
1110,LGH020002,"[0.507552, 0.518981, 0.058854, 0.04537]",train,dbscam_euclidean,0,False,True,0.3000023066997528
1110,LGH020002,"[0.403646, 0.614815, 0.073958, 0.035185]",train,dbscam_euclidean,0,False,True,0.373815655708313
1110,LGH020002,"[0.685156, 0.495833, 0.058854, 0.021296]",train,dbscam_euclidean,0,False,True,0.28476133942604065
1110,LGH020002,"[0.418229, 0.485185, 0.023958, 0.024074]",train,dbscam_euclidean,0,False,True,0.2742854654788971
1110,LGH020002,"[0.565104, 0.489352, 0.041667, 0.019444]",train,dbscam_euclidean,0,False,True,0.33205512166023254
1110,LGH020002,"[0.148438, 0.771759, 0.097917, 0.058333]",train,dbscam_euclidean,0,False,True,0.5149115324020386
1110,LGH020002,"[0.625781, 0.391667, 0.042188, 0.024074]",train,dbscam_euclidean,0,False,True,0.26303431391716003
1110,LGH020002,"[0.977344, 0.019444, 0.019271, 0.038889]",train,dbscam_euclidean,0,False,True,0.2859632670879364
1110,LGH020002,"[0.590625, 0.567593, 0.059375, 0.037037]",train,dbscam_euclidean,0,False,True,0.2772526443004608
1110,LGH020002,"[0.529687, 0.270833, 0.03125, 0.058333]",train,dbscam_euclidean,0,False,True,0.3168822228908539
1110,LGH020002,"[0.665365, 0.623148, 0.031771, 0.02037]",train,dbscam_euclidean,0,False,True,0.26581108570098877
1110,LGH020002,"[0.283333, 0.205093, 0.035417, 0.04537]",train,dbscam_euclidean,0,False,True,0.3097417950630188
1110,LGH020002,"[0.527083, 0.575, 0.010417, 0.014815]",train,dbscam_euclidean,0,False,True,0.394572913646698
1110,LGH020002,"[0.429427, 0.53287, 0.043229, 0.052778]",train,dbscam_euclidean,0,False,True,0.343991219997406
1110,LGH020002,"[0.569271, 0.437963, 0.025, 0.018519]",train,dbscam_euclidean,0,False,True,0.35578998923301697
1110,LGH020002,"[0.620833, 0.477778, 0.035417, 0.040741]",train,dbscam_euclidean,0,False,True,0.2601834237575531
1110,LGH020002,"[0.275521, 0.25463, 0.054167, 0.066667]",train,dbscam_euclidean,0,False,True,0.4021558463573456
1110,LGH020002,"[0.608854, 0.6125, 0.044792, 0.05463]",train,dbscam_euclidean,0,False,True,0.32273927330970764
1110,LGH020002,"[0.139844, 0.339352, 0.014063, 0.013889]",train,dbscam_euclidean,0,False,True,0.3561941683292389
1110,LGH020002,"[0.317708, 0.47963, 0.052083, 0.062963]",train,dbscam_euclidean,0,False,True,0.38245126605033875
1110,LGH020002,"[0.349479, 0.216204, 0.033333, 0.091667]",train,dbscam_euclidean,0,False,True,0.4513019323348999
1110,LGH020002,"[0.477604, 0.393981, 0.013542, 0.041667]",train,dbscam_euclidean,0,False,True,0.3845977783203125
1110,LGH020002,"[0.614062, 0.571759, 0.0125, 0.030556]",train,dbscam_euclidean,0,False,True,0.3337233364582062
1110,LGH020002,"[0.37526, 0.381019, 0.058854, 0.025]",train,dbscam_euclidean,0,False,True,0.32707399129867554
1110,LGH020002,"[0.451823, 0.69213, 0.049479, 0.021296]",train,dbscam_euclidean,0,False,True,0.31259000301361084
1110,LGH020002,"[0.7375, 0.291204, 0.046875, 0.036111]",train,dbscam_euclidean,0,False,True,0.24497266113758087
1110,LGH020002,"[0.506771, 0.448148, 0.032292, 0.040741]",train,dbscam_euclidean,0,False,True,0.27468207478523254
1110,LGH020002,"[0.565625, 0.464352, 0.014583, 0.021296]",train,dbscam_euclidean,0,False,True,0.348910391330719
1110,LGH020002,"[0.426042, 0.859259, 0.010417, 0.016667]",train,dbscam_euclidean,0,False,True,0.34299397468566895
1110,LGH020002,"[0.634635, 0.540278, 0.042188, 0.017593]",train,dbscam_euclidean,0,False,True,0.31833818554878235
1110,LGH020002,"[0.700521, 0.429167, 0.040625, 0.030556]",train,dbscam_euclidean,0,False,True,0.25824224948883057
1110,LGH020002,"[0.372917, 0.614352, 0.013542, 0.034259]",train,dbscam_euclidean,0,False,True,0.3339410424232483
1110,LGH020002,"[0.340625, 0.481019, 0.023958, 0.025]",train,dbscam_euclidean,0,False,True,0.2903137505054474
1110,LGH020002,"[0.716146, 0.796759, 0.011458, 0.012037]",train,dbscam_euclidean,0,False,True,0.34566831588745117
1110,LGH020002,"[0.548177, 0.674074, 0.054688, 0.022222]",train,dbscam_euclidean,0,False,True,0.329328715801239
1110,LGH020002,"[0.333594, 0.403241, 0.064062, 0.049074]",train,dbscam_euclidean,0,False,True,0.3644471764564514
1110,LGH020002,"[0.85701, 0.662807, 0.086228, 0.077199]",train,dbscam_euclidean,0,False,True,0.5003777742385864
39307,LGH020002,"[0.582031, 0.010185, 0.024479, 0.02037]",train,dbscam_euclidean,0,False,True,0.456214040517807
39307,LGH020002,"[0.773698, 0.116204, 0.088021, 0.067593]",train,dbscam_euclidean,0,False,True,0.3679005205631256
39307,LGH020002,"[0.960677, 0.056019, 0.077604, 0.112037]",train,dbscam_euclidean,0,False,True,0.4880126118659973
39307,LGH020002,"[0.752344, 0.390741, 0.084896, 0.112963]",train,dbscam_euclidean,0,False,True,0.5012230277061462
39307,LGH020002,"[0.842187, 0.130093, 0.089583, 0.058333]",train,dbscam_euclidean,0,False,True,0.352396696805954
39307,LGH020002,"[0.371354, 0.356481, 0.06875, 0.051852]",train,dbscam_euclidean,0,False,True,0.298837810754776
39307,LGH020002,"[0.458333, 0.236574, 0.123958, 0.091667]",train,dbscam_euclidean,-1,True,False,
39307,LGH020002,"[0.193229, 0.433796, 0.122917, 0.062037]",train,dbscam_euclidean,0,False,True,0.505703866481781
39307,LGH020002,"[0.472135, 0.05787, 0.045312, 0.115741]",train,dbscam_euclidean,0,False,True,0.44743654131889343
39307,LGH020002,"[0.159115, 0.631019, 0.099479, 0.128704]",train,dbscam_euclidean,0,False,True,0.5300111770629883
39307,LGH020002,"[0.516406, 0.149537, 0.023438, 0.080556]",train,dbscam_euclidean,0,False,True,0.4233463704586029
39307,LGH020002,"[0.877083, 0.265278, 0.094792, 0.062037]",train,dbscam_euclidean,0,False,True,0.34972989559173584
39307,LGH020002,"[0.884635, 0.475926, 0.103646, 0.053704]",train,dbscam_euclidean,0,False,True,0.3432524800300598
39307,LGH020002,"[0.147396, 0.223148, 0.078125, 0.12037]",train,dbscam_euclidean,0,False,True,0.5586453676223755
39307,LGH020002,"[0.699219, 0.471759, 0.085938, 0.082407]",train,dbscam_euclidean,0,False,True,0.4584093987941742
39307,LGH020002,"[0.673958, 0.019907, 0.035417, 0.039815]",train,dbscam_euclidean,0,False,True,0.3197101950645447
39307,LGH020002,"[0.659896, 0.322685, 0.070833, 0.037963]",train,dbscam_euclidean,0,False,True,0.2846565246582031
39307,LGH020002,"[0.463802, 0.551389, 0.035937, 0.062037]",train,dbscam_euclidean,0,False,True,0.25377893447875977
39307,LGH020002,"[0.590104, 0.598148, 0.03125, 0.077778]",train,dbscam_euclidean,0,False,True,0.3171083331108093
39307,LGH020002,"[0.370312, 0.073148, 0.021875, 0.146296]",train,dbscam_euclidean,0,False,True,0.4547811448574066
39307,LGH020002,"[0.856771, 0.658333, 0.060417, 0.048148]",train,dbscam_euclidean,0,False,True,0.26537513732910156
39307,LGH020002,"[0.957292, 0.873148, 0.084375, 0.146296]",train,dbscam_euclidean,0,False,True,0.5564495921134949
39307,LGH020002,"[0.260417, 0.639815, 0.028125, 0.077778]",train,dbscam_euclidean,0,False,True,0.2520577907562256
39307,LGH020002,"[0.364323, 0.275, 0.044271, 0.040741]",train,dbscam_euclidean,0,False,True,0.25966283679008484
39307,LGH020002,"[0.343229, 0.150926, 0.01875, 0.142593]",train,dbscam_euclidean,0,False,False,0.5534433126449585
39307,LGH020002,"[0.544792, 0.587963, 0.055208, 0.038889]",train,dbscam_euclidean,0,False,True,0.25811323523521423
39307,LGH020002,"[0.032552, 0.341204, 0.065104, 0.102778]",train,dbscam_euclidean,0,False,True,0.381270170211792
39307,LGH020002,"[0.213542, 0.343981, 0.076042, 0.091667]",train,dbscam_euclidean,0,False,True,0.424356073141098
39307,LGH020002,"[0.628906, 0.393519, 0.033854, 0.122222]",train,dbscam_euclidean,0,False,True,0.3717348277568817
39307,LGH020002,"[0.39974, 0.44213, 0.038021, 0.075]",train,dbscam_euclidean,0,False,True,0.2554877996444702
39307,LGH020002,"[0.909896, 0.301852, 0.054167, 0.055556]",train,dbscam_euclidean,0,False,True,0.2447885125875473
39307,LGH020002,"[0.805729, 0.458333, 0.054167, 0.05]",train,dbscam_euclidean,0,False,True,0.2565775513648987
39307,LGH020002,"[0.029427, 0.416204, 0.058854, 0.030556]",train,dbscam_euclidean,0,False,True,0.3608722984790802
39307,LGH020002,"[0.36224, 0.928704, 0.086979, 0.140741]",train,dbscam_euclidean,0,False,True,0.5187461376190186
39307,LGH020002,"[0.39375, 0.047222, 0.010417, 0.094444]",train,dbscam_euclidean,-1,True,False,
39307,LGH020002,"[0.33724, 0.27963, 0.028646, 0.085185]",train,dbscam_euclidean,0,False,True,0.32853105664253235
39307,LGH020002,"[0.35026, 0.0875, 0.040104, 0.089815]",train,dbscam_euclidean,0,False,True,0.34172093868255615
39307,LGH020002,"[0.498437, 0.963889, 0.027083, 0.046296]",train,dbscam_euclidean,0,False,True,0.31200554966926575
39307,LGH020002,"[0.950781, 0.656944, 0.089063, 0.062037]",train,dbscam_euclidean,0,False,True,0.34873780608177185
39307,LGH020002,"[0.991406, 0.388426, 0.016146, 0.012037]",train,dbscam_euclidean,0,False,True,0.47025322914123535
39307,LGH020002,"[0.816667, 0.27963, 0.091667, 0.148148]",train,dbscam_euclidean,-1,True,False,
39307,LGH020002,"[0.507292, 0.460648, 0.026042, 0.025]",train,dbscam_euclidean,0,False,True,0.4119061827659607
39307,LGH020002,"[0.595052, 0.524074, 0.027604, 0.048148]",train,dbscam_euclidean,0,False,True,0.26687556505203247
39307,LGH020002,"[0.577344, 0.383333, 0.021354, 0.035185]",train,dbscam_euclidean,0,False,True,0.3370276093482971
39307,LGH020002,"[0.532813, 0.293519, 0.048958, 0.081481]",train,dbscam_euclidean,0,False,True,0.3107879161834717
39307,LGH020002,"[0.377604, 0.657407, 0.070833, 0.07963]",train,dbscam_euclidean,0,False,True,0.38580185174942017
39307,LGH020002,"[0.171094, 0.894907, 0.181771, 0.112037]",train,dbscam_euclidean,0,False,True,0.44447314739227295
39307,LGH020002,"[0.668229, 0.438426, 0.015625, 0.060185]",train,dbscam_euclidean,0,False,True,0.4471815228462219
39307,LGH020002,"[0.639844, 0.537963, 0.017188, 0.035185]",train,dbscam_euclidean,0,False,True,0.4306277930736542
39307,LGH020002,"[0.736979, 0.289352, 0.046875, 0.04537]",train,dbscam_euclidean,0,False,True,0.2512040436267853
39307,LGH020002,"[0.756771, 0.32037, 0.019792, 0.061111]",train,dbscam_euclidean,0,False,True,0.3340427577495575
39307,LGH020002,"[0.225, 0.648148, 0.041667, 0.055556]",train,dbscam_euclidean,0,False,True,0.24945923686027527
39307,LGH020002,"[0.883073, 0.643981, 0.041146, 0.063889]",train,dbscam_euclidean,0,False,True,0.263396680355072
39307,LGH020002,"[0.377083, 0.012963, 0.008333, 0.025926]",train,dbscam_euclidean,0,False,True,0.5365674495697021
39307,LGH020002,"[0.253125, 0.930556, 0.042708, 0.074074]",train,dbscam_euclidean,0,False,True,0.2948048710823059
39307,LGH020002,"[0.573698, 0.417593, 0.047396, 0.037037]",train,dbscam_euclidean,0,False,True,0.27674347162246704
39307,LGH020002,"[0.321875, 0.672222, 0.057292, 0.157407]",train,dbscam_euclidean,0,False,True,0.47224125266075134
39307,LGH020002,"[0.654427, 0.416667, 0.020313, 0.031481]",train,dbscam_euclidean,0,False,True,0.36924776434898376
39307,LGH020002,"[0.453385, 0.208796, 0.042188, 0.041667]",train,dbscam_euclidean,0,False,True,0.3093221187591553
39307,LGH020002,"[0.727604, 0.681944, 0.052083, 0.071296]",train,dbscam_euclidean,0,False,True,0.29061684012413025
39307,LGH020002,"[0.94349, 0.555093, 0.109896, 0.093519]",train,dbscam_euclidean,0,False,True,0.5470015406608582
39307,LGH020002,"[0.117448, 0.206944, 0.020313, 0.012037]",train,dbscam_euclidean,0,False,True,0.4894140958786011
39307,LGH020002,"[0.334115, 0.407407, 0.040104, 0.1]",train,dbscam_euclidean,0,False,True,0.3803115785121918
39307,LGH020002,"[0.486979, 0.444907, 0.017708, 0.049074]",train,dbscam_euclidean,0,False,True,0.4166885018348694
39307,LGH020002,"[0.323177, 0.752778, 0.080729, 0.124074]",train,dbscam_euclidean,0,False,True,0.4621017873287201
39307,LGH020002,"[0.495833, 0.328241, 0.015625, 0.034259]",train,dbscam_euclidean,0,False,True,0.44663137197494507
39307,LGH020002,"[0.498698, 0.914352, 0.032813, 0.039815]",train,dbscam_euclidean,0,False,True,0.299820214509964
39307,LGH020002,"[0.709115, 0.775, 0.063021, 0.075926]",train,dbscam_euclidean,0,False,True,0.2898578643798828
39307,LGH020002,"[0.758594, 0.25, 0.055729, 0.042593]",train,dbscam_euclidean,0,False,True,0.27619603276252747
39307,LGH020002,"[0.714323, 0.167593, 0.019271, 0.048148]",train,dbscam_euclidean,0,False,True,0.33834993839263916
39307,LGH020002,"[0.326562, 0.038889, 0.019792, 0.077778]",train,dbscam_euclidean,0,False,True,0.3215322494506836
39307,LGH020002,"[0.904948, 0.403704, 0.043229, 0.027778]",train,dbscam_euclidean,0,False,True,0.42347219586372375
39307,LGH020002,"[0.575521, 0.479167, 0.013542, 0.039815]",train,dbscam_euclidean,0,False,True,0.4948945939540863
39307,LGH020002,"[0.210677, 0.235648, 0.028646, 0.032407]",train,dbscam_euclidean,0,False,True,0.3391132056713104
39307,LGH020002,"[0.809896, 0.5125, 0.096875, 0.056481]",train,dbscam_euclidean,0,False,True,0.47752875089645386
39307,LGH020002,"[0.829948, 0.409722, 0.044271, 0.04537]",train,dbscam_euclidean,0,False,True,0.2879057228565216
39307,LGH020002,"[0.859115, 0.391667, 0.090104, 0.02963]",train,dbscam_euclidean,0,False,True,0.39565742015838623
39307,LGH020002,"[0.313802, 0.578704, 0.052604, 0.038889]",train,dbscam_euclidean,0,False,True,0.2847978472709656
39307,LGH020002,"[0.308854, 0.777315, 0.052083, 0.073148]",train,dbscam_euclidean,0,False,True,0.2956247925758362
39307,LGH020002,"[0.413021, 0.705556, 0.01875, 0.031481]",train,dbscam_euclidean,0,False,True,0.4450703263282776
39307,LGH020002,"[0.350521, 0.546759, 0.145833, 0.108333]",train,dbscam_euclidean,0,False,False,0.5532557964324951
39307,LGH020002,"[0.986458, 0.210185, 0.026042, 0.07963]",train,dbscam_euclidean,0,False,True,0.29427921772003174
39307,LGH020002,"[0.713542, 0.409722, 0.01875, 0.063889]",train,dbscam_euclidean,0,False,True,0.41145873069763184
39307,LGH020002,"[0.370833, 0.937037, 0.06875, 0.077778]",train,dbscam_euclidean,0,False,True,0.32522737979888916
39307,LGH020002,"[0.409896, 0.248148, 0.027083, 0.068519]",train,dbscam_euclidean,0,False,True,0.31963232159614563
39307,LGH020002,"[0.258333, 0.55, 0.05, 0.105556]",train,dbscam_euclidean,0,False,True,0.3690885007381439
39307,LGH020002,"[0.555469, 0.526852, 0.032813, 0.037037]",train,dbscam_euclidean,0,False,True,0.34396228194236755
39307,LGH020002,"[0.663021, 0.48287, 0.014583, 0.05463]",train,dbscam_euclidean,0,False,True,0.38396772742271423
39307,LGH020002,"[0.317448, 0.512037, 0.059896, 0.046296]",train,dbscam_euclidean,0,False,True,0.2624270021915436
39307,LGH020002,"[0.953474, 0.153295, 0.091811, 0.079404]",train,dbscam_euclidean,0,False,True,0.41207969188690186
19113,LGH020002,"[0.44401, 0.465278, 0.191146, 0.25463]",train,dbscam_euclidean,-1,True,False,
19113,LGH020002,"[0.740365, 0.068056, 0.082812, 0.041667]",train,dbscam_euclidean,0,False,True,0.295828253030777
19113,LGH020002,"[0.592187, 0.147685, 0.064583, 0.076852]",train,dbscam_euclidean,0,False,True,0.4408804774284363
19113,LGH020002,"[0.282813, 0.102315, 0.053125, 0.058333]",train,dbscam_euclidean,0,False,True,0.28556063771247864
19113,LGH020002,"[0.165885, 0.25, 0.053646, 0.140741]",train,dbscam_euclidean,0,False,True,0.4888043999671936
19113,LGH020002,"[0.374219, 0.300463, 0.092188, 0.050926]",train,dbscam_euclidean,0,False,True,0.4483242630958557
19113,LGH020002,"[0.722396, 0.136574, 0.059375, 0.058333]",train,dbscam_euclidean,0,False,True,0.3175615966320038
19113,LGH020002,"[0.213542, 0.76713, 0.022917, 0.030556]",train,dbscam_euclidean,0,False,True,0.28869301080703735
19113,LGH020002,"[0.036979, 0.291667, 0.073958, 0.105556]",train,dbscam_euclidean,0,False,True,0.5355358123779297
19113,LGH020002,"[0.666927, 0.019907, 0.024479, 0.039815]",train,dbscam_euclidean,0,False,True,0.26302874088287354
19113,LGH020002,"[0.691927, 0.047222, 0.070312, 0.059259]",train,dbscam_euclidean,0,False,True,0.3716360926628113
19113,LGH020002,"[0.66224, 0.195833, 0.030729, 0.037963]",train,dbscam_euclidean,0,False,True,0.256671667098999
19113,LGH020002,"[0.941146, 0.071759, 0.102083, 0.062037]",train,dbscam_euclidean,0,False,True,0.45200490951538086
19113,LGH020002,"[0.833073, 0.268981, 0.094271, 0.049074]",train,dbscam_euclidean,0,False,True,0.4212111830711365
19113,LGH020002,"[0.876042, 0.181481, 0.090625, 0.046296]",train,dbscam_euclidean,0,False,True,0.3601461350917816
19113,LGH020002,"[0.654687, 0.112963, 0.034375, 0.059259]",train,dbscam_euclidean,0,False,True,0.22591352462768555
19113,LGH020002,"[0.954948, 0.162963, 0.064062, 0.040741]",train,dbscam_euclidean,0,False,True,0.28185901045799255
19113,LGH020002,"[0.501823, 0.197685, 0.058854, 0.099074]",train,dbscam_euclidean,0,False,True,0.5460832118988037
19113,LGH020002,"[0.378906, 0.593981, 0.081771, 0.062037]",train,dbscam_euclidean,0,False,True,0.36504319310188293
19113,LGH020002,"[0.40599, 0.131481, 0.048438, 0.046296]",train,dbscam_euclidean,0,False,True,0.274392694234848
19113,LGH020002,"[0.502083, 0.374074, 0.0375, 0.074074]",train,dbscam_euclidean,0,False,True,0.37988293170928955
19113,LGH020002,"[0.516406, 0.540278, 0.026562, 0.065741]",train,dbscam_euclidean,0,False,True,0.2714012563228607
19113,LGH020002,"[0.454948, 0.566667, 0.051562, 0.055556]",train,dbscam_euclidean,0,False,True,0.30533090233802795
19113,LGH020002,"[0.69401, 0.350463, 0.046354, 0.025]",train,dbscam_euclidean,0,False,True,0.34580501914024353
19113,LGH020002,"[0.589323, 0.258796, 0.035937, 0.056481]",train,dbscam_euclidean,0,False,True,0.240327388048172
19113,LGH020002,"[0.495052, 0.026389, 0.039062, 0.052778]",train,dbscam_euclidean,0,False,True,0.22847817838191986
19113,LGH020002,"[0.330208, 0.089352, 0.038542, 0.086111]",train,dbscam_euclidean,0,False,True,0.3612896800041199
19113,LGH020002,"[0.698438, 0.180093, 0.030208, 0.049074]",train,dbscam_euclidean,0,False,True,0.2208210676908493
19113,LGH020002,"[0.472917, 0.347685, 0.048958, 0.052778]",train,dbscam_euclidean,0,False,True,0.30613166093826294
19113,LGH020002,"[0.914844, 0.323611, 0.079687, 0.041667]",train,dbscam_euclidean,0,False,True,0.27761194109916687
19113,LGH020002,"[0.860677, 0.331944, 0.080729, 0.062037]",train,dbscam_euclidean,0,False,True,0.3396643102169037
19113,LGH020002,"[0.347396, 0.756019, 0.036458, 0.039815]",train,dbscam_euclidean,0,False,True,0.22101294994354248
19113,LGH020002,"[0.669531, 0.618519, 0.055729, 0.035185]",train,dbscam_euclidean,0,False,True,0.25832512974739075
19113,LGH020002,"[0.46224, 0.256944, 0.025521, 0.065741]",train,dbscam_euclidean,0,False,True,0.27548947930336
19113,LGH020002,"[0.6875, 0.742593, 0.045833, 0.038889]",train,dbscam_euclidean,0,False,True,0.22822262346744537
19113,LGH020002,"[0.258073, 0.181944, 0.029687, 0.089815]",train,dbscam_euclidean,0,False,True,0.31918543577194214
19113,LGH020002,"[0.832552, 0.678241, 0.048438, 0.036111]",train,dbscam_euclidean,0,False,True,0.19199734926223755
19113,LGH020002,"[0.621354, 0.380093, 0.051042, 0.043519]",train,dbscam_euclidean,0,False,True,0.23334823548793793
19113,LGH020002,"[0.608333, 0.518056, 0.05625, 0.039815]",train,dbscam_euclidean,0,False,True,0.25767239928245544
19113,LGH020002,"[0.169531, 0.863426, 0.315104, 0.271296]",train,dbscam_euclidean,0,False,False,0.5871570110321045
19113,LGH020002,"[0.981771, 0.203704, 0.035417, 0.038889]",train,dbscam_euclidean,0,False,True,0.24759767949581146
19113,LGH020002,"[0.296354, 0.021759, 0.015625, 0.043519]",train,dbscam_euclidean,0,False,True,0.3278324007987976
19113,LGH020002,"[0.728385, 0.318519, 0.023438, 0.037037]",train,dbscam_euclidean,0,False,True,0.21398420631885529
19113,LGH020002,"[0.65651, 0.682407, 0.043229, 0.05]",train,dbscam_euclidean,0,False,True,0.21257548034191132
19113,LGH020002,"[0.542188, 0.54537, 0.04375, 0.027778]",train,dbscam_euclidean,0,False,True,0.35393965244293213
19113,LGH020002,"[0.553646, 0.271296, 0.048958, 0.048148]",train,dbscam_euclidean,0,False,True,0.24765565991401672
19113,LGH020002,"[0.567187, 0.128241, 0.014583, 0.037963]",train,dbscam_euclidean,0,False,True,0.3715922236442566
19113,LGH020002,"[0.433333, 0.365278, 0.05, 0.049074]",train,dbscam_euclidean,0,False,True,0.2406528890132904
19113,LGH020002,"[0.426823, 0.681019, 0.050521, 0.09537]",train,dbscam_euclidean,0,False,True,0.3754291236400604
19113,LGH020002,"[0.630469, 0.043519, 0.049479, 0.05]",train,dbscam_euclidean,0,False,True,0.2823651134967804
19113,LGH020002,"[0.513802, 0.912037, 0.028646, 0.07037]",train,dbscam_euclidean,0,False,True,0.2858242988586426
19113,LGH020002,"[0.563021, 0.369907, 0.035417, 0.04537]",train,dbscam_euclidean,0,False,True,0.21659238636493683
19113,LGH020002,"[0.47526, 0.017593, 0.019271, 0.035185]",train,dbscam_euclidean,0,False,True,0.32724547386169434
19113,LGH020002,"[0.438021, 0.598611, 0.041667, 0.052778]",train,dbscam_euclidean,0,False,True,0.22277912497520447
19113,LGH020002,"[0.058333, 0.262963, 0.032292, 0.024074]",train,dbscam_euclidean,0,False,True,0.3150583505630493
19113,LGH020002,"[0.621615, 0.1125, 0.056771, 0.039815]",train,dbscam_euclidean,0,False,True,0.24132636189460754
19113,LGH020002,"[0.557292, 0.478704, 0.036458, 0.033333]",train,dbscam_euclidean,0,False,True,0.2419212907552719
19113,LGH020002,"[0.500521, 0.062963, 0.045833, 0.051852]",train,dbscam_euclidean,0,False,True,0.27850401401519775
19113,LGH020002,"[0.568229, 0.417593, 0.016667, 0.024074]",train,dbscam_euclidean,0,False,True,0.4456540644168854
19113,LGH020002,"[0.641667, 0.331481, 0.039583, 0.07963]",train,dbscam_euclidean,0,False,True,0.3790649473667145
19113,LGH020002,"[0.615885, 0.225463, 0.048438, 0.034259]",train,dbscam_euclidean,0,False,True,0.20937588810920715
19113,LGH020002,"[0.900521, 0.387963, 0.048958, 0.027778]",train,dbscam_euclidean,0,False,True,0.2938259541988373
19113,LGH020002,"[0.821875, 0.491667, 0.033333, 0.037037]",train,dbscam_euclidean,0,False,True,0.257669061422348
19113,LGH020002,"[0.692448, 0.275926, 0.057813, 0.040741]",train,dbscam_euclidean,0,False,True,0.22221142053604126
19113,LGH020002,"[0.567708, 0.019444, 0.009375, 0.018519]",train,dbscam_euclidean,0,False,True,0.4764253795146942
19113,LGH020002,"[0.567187, 0.448611, 0.055208, 0.052778]",train,dbscam_euclidean,0,False,True,0.24183706939220428
19113,LGH020002,"[0.75625, 0.657407, 0.038542, 0.027778]",train,dbscam_euclidean,0,False,True,0.31402817368507385
19113,LGH020002,"[0.788542, 0.351389, 0.080208, 0.058333]",train,dbscam_euclidean,0,False,True,0.35646599531173706
19113,LGH020002,"[0.926823, 0.020833, 0.018229, 0.041667]",train,dbscam_euclidean,0,False,True,0.27979016304016113
19113,LGH020002,"[0.978646, 0.4125, 0.041667, 0.034259]",train,dbscam_euclidean,0,False,True,0.30102506279945374
19113,LGH020002,"[0.3625, 0.668056, 0.065625, 0.115741]",train,dbscam_euclidean,0,False,True,0.4798393249511719
19113,LGH020002,"[0.559115, 0.531944, 0.045312, 0.047222]",train,dbscam_euclidean,0,False,True,0.20351958274841309
19113,LGH020002,"[0.541927, 0.400926, 0.030729, 0.027778]",train,dbscam_euclidean,0,False,True,0.27789053320884705
19113,LGH020002,"[0.595573, 0.075, 0.027604, 0.053704]",train,dbscam_euclidean,0,False,True,0.2555122971534729
19113,LGH020002,"[0.338802, 0.49537, 0.046354, 0.038889]",train,dbscam_euclidean,0,False,True,0.22503045201301575
19113,LGH020002,"[0.829427, 0.021296, 0.007812, 0.022222]",train,dbscam_euclidean,0,False,True,0.49793314933776855
19113,LGH020002,"[0.676042, 0.368519, 0.041667, 0.048148]",train,dbscam_euclidean,0,False,True,0.23514528572559357
19113,LGH020002,"[0.615625, 0.555556, 0.05625, 0.040741]",train,dbscam_euclidean,0,False,True,0.2651614546775818
19113,LGH020002,"[0.595313, 0.316667, 0.0375, 0.051852]",train,dbscam_euclidean,0,False,True,0.18947896361351013
19113,LGH020002,"[0.678385, 0.302778, 0.023438, 0.027778]",train,dbscam_euclidean,0,False,True,0.34346094727516174
19113,LGH020002,"[0.627344, 0.428241, 0.045312, 0.032407]",train,dbscam_euclidean,0,False,True,0.30716726183891296
19113,LGH020002,"[0.88151, 0.700463, 0.023438, 0.034259]",train,dbscam_euclidean,0,False,True,0.257021427154541
19113,LGH020002,"[0.341406, 0.868056, 0.041146, 0.047222]",train,dbscam_euclidean,0,False,True,0.19403280317783356
19113,LGH020002,"[0.867188, 0.351852, 0.011458, 0.022222]",train,dbscam_euclidean,0,False,True,0.4757077395915985
19113,LGH020002,"[0.467448, 0.213426, 0.039062, 0.075]",train,dbscam_euclidean,0,False,True,0.2871902585029602
19113,LGH020002,"[0.535677, 0.305093, 0.027604, 0.030556]",train,dbscam_euclidean,0,False,True,0.3205849528312683
19113,LGH020002,"[0.336979, 0.295833, 0.01875, 0.043519]",train,dbscam_euclidean,0,False,True,0.2823587656021118
19113,LGH020002,"[0.790625, 0.381019, 0.025, 0.041667]",train,dbscam_euclidean,0,False,True,0.20636864006519318
19113,LGH020002,"[0.873958, 0.488426, 0.089583, 0.056481]",train,dbscam_euclidean,0,False,True,0.3665940463542938
19113,LGH020002,"[0.834635, 0.211111, 0.056771, 0.044444]",train,dbscam_euclidean,0,False,True,0.2914181053638458
19113,LGH020002,"[0.3125, 0.10463, 0.014583, 0.022222]",train,dbscam_euclidean,0,False,True,0.4261547923088074
19113,LGH020002,"[0.969271, 0.203241, 0.009375, 0.039815]",train,dbscam_euclidean,0,False,True,0.4454173147678375
19113,LGH020002,"[0.633594, 0.250463, 0.033854, 0.030556]",train,dbscam_euclidean,0,False,True,0.2763103246688843
19113,LGH020002,"[0.300521, 0.853704, 0.045833, 0.048148]",train,dbscam_euclidean,0,False,True,0.24188022315502167
19113,LGH020002,"[0.696875, 0.405093, 0.069792, 0.037963]",train,dbscam_euclidean,0,False,True,0.2349528968334198
19113,LGH020002,"[0.696875, 0.466667, 0.028125, 0.037037]",train,dbscam_euclidean,0,False,True,0.21591076254844666
19113,LGH020002,"[0.706771, 0.071296, 0.015625, 0.025926]",train,dbscam_euclidean,0,False,True,0.3954077959060669
19113,LGH020002,"[0.789323, 0.152778, 0.008854, 0.046296]",train,dbscam_euclidean,0,False,True,0.4253186285495758
19113,LGH020002,"[0.757031, 0.241667, 0.036979, 0.033333]",train,dbscam_euclidean,0,False,True,0.2585315406322479
19113,LGH020002,"[0.538021, 0.116667, 0.029167, 0.085185]",train,dbscam_euclidean,0,False,True,0.35804325342178345
19113,LGH020002,"[0.302083, 0.775, 0.057292, 0.096296]",train,dbscam_euclidean,0,False,True,0.42840448021888733
19113,LGH020002,"[0.186458, 0.205093, 0.013542, 0.052778]",train,dbscam_euclidean,0,False,True,0.3650951087474823
19113,LGH020002,"[0.823958, 0.173611, 0.013542, 0.026852]",train,dbscam_euclidean,0,False,True,0.40717199444770813
19113,LGH020002,"[0.857292, 0.530556, 0.041667, 0.025926]",train,dbscam_euclidean,0,False,True,0.29175901412963867
19113,LGH020002,"[0.367708, 0.834722, 0.046875, 0.04537]",train,dbscam_euclidean,0,False,True,0.2688461244106293
19113,LGH020002,"[0.891406, 0.831019, 0.055729, 0.071296]",train,dbscam_euclidean,0,False,True,0.30575186014175415
19113,LGH020002,"[0.376563, 0.275, 0.021875, 0.055556]",train,dbscam_euclidean,0,False,True,0.25880539417266846
19113,LGH020002,"[0.509115, 0.091204, 0.028646, 0.032407]",train,dbscam_euclidean,0,False,True,0.2523418366909027
19113,LGH020002,"[0.763021, 0.47963, 0.023958, 0.007407]",train,dbscam_euclidean,0,False,True,0.507010281085968
19113,LGH020002,"[0.303385, 0.507407, 0.018229, 0.048148]",train,dbscam_euclidean,0,False,True,0.2616020143032074
19113,LGH020002,"[0.789583, 0.216204, 0.053125, 0.050926]",train,dbscam_euclidean,0,False,True,0.2748434841632843
19113,LGH020002,"[0.267448, 0.406481, 0.016146, 0.018519]",train,dbscam_euclidean,0,False,True,0.41323792934417725
19113,LGH020002,"[0.79349, 0.022222, 0.017188, 0.044444]",train,dbscam_euclidean,0,False,True,0.2879078984260559
19113,LGH020002,"[0.780208, 0.497222, 0.067708, 0.033333]",train,dbscam_euclidean,0,False,True,0.2592196464538574
19113,LGH020002,"[0.713281, 0.296759, 0.021354, 0.021296]",train,dbscam_euclidean,0,False,True,0.41646549105644226
19113,LGH020002,"[0.670833, 0.5, 0.029167, 0.022222]",train,dbscam_euclidean,0,False,True,0.45803704857826233
19113,LGH020002,"[0.528125, 0.42037, 0.017708, 0.057407]",train,dbscam_euclidean,0,False,True,0.27928581833839417
19113,LGH020002,"[0.86849, 0.243519, 0.035937, 0.02963]",train,dbscam_euclidean,0,False,True,0.25269660353660583
19113,LGH020002,"[0.715625, 0.358796, 0.039583, 0.030556]",train,dbscam_euclidean,0,False,True,0.2962566316127777
19113,LGH020002,"[0.214062, 0.688889, 0.05, 0.101852]",train,dbscam_euclidean,0,False,True,0.3928433954715729
19113,LGH020002,"[0.974479, 0.457407, 0.041667, 0.05]",train,dbscam_euclidean,0,False,True,0.23148107528686523
19113,LGH020002,"[0.743229, 0.446759, 0.079167, 0.043519]",train,dbscam_euclidean,0,False,True,0.28400492668151855
19113,LGH020002,"[0.33125, 0.555093, 0.067708, 0.060185]",train,dbscam_euclidean,0,False,True,0.3030228912830353
19113,LGH020002,"[0.420833, 0.815741, 0.059375, 0.151852]",train,dbscam_euclidean,0,False,True,0.5592346787452698
19113,LGH020002,"[0.382292, 0.360185, 0.05, 0.038889]",train,dbscam_euclidean,0,False,True,0.2278612107038498
19113,LGH020002,"[0.653906, 0.618519, 0.024479, 0.035185]",train,dbscam_euclidean,0,False,True,0.2464546114206314
19113,LGH020002,"[0.684375, 0.552778, 0.057292, 0.059259]",train,dbscam_euclidean,0,False,True,0.2728436589241028
19113,LGH020002,"[0.429427, 0.343519, 0.045312, 0.031481]",train,dbscam_euclidean,0,False,True,0.2676035463809967
19113,LGH020002,"[0.748437, 0.122222, 0.008333, 0.022222]",train,dbscam_euclidean,0,False,True,0.4955656826496124
19113,LGH020002,"[0.692708, 0.562963, 0.040625, 0.033333]",train,dbscam_euclidean,0,False,True,0.23287245631217957
19113,LGH020002,"[0.651042, 0.490278, 0.06875, 0.043519]",train,dbscam_euclidean,0,False,True,0.31442293524742126
19113,LGH020002,"[0.347396, 0.606481, 0.019792, 0.037037]",train,dbscam_euclidean,0,False,True,0.2951197624206543
19113,LGH020002,"[0.74375, 0.484259, 0.0625, 0.037037]",train,dbscam_euclidean,0,False,True,0.2547245919704437
19113,LGH020002,"[0.433073, 0.681944, 0.044271, 0.049074]",train,dbscam_euclidean,0,False,True,0.23517660796642303
19113,LGH020002,"[0.722917, 0.24213, 0.060417, 0.049074]",train,dbscam_euclidean,0,False,True,0.31015723943710327
19113,LGH020002,"[0.936198, 0.44213, 0.118229, 0.080556]",train,dbscam_euclidean,0,False,True,0.560178816318512
19113,LGH020002,"[0.61849, 0.060648, 0.072396, 0.082407]",train,dbscam_euclidean,0,False,True,0.42931732535362244
19113,LGH020002,"[0.754032, 0.907637, 0.058933, 0.072787]",train,dbscam_euclidean,0,False,True,0.32572197914123535
19113,LGH020002,"[0.346154, 0.912049, 0.08933, 0.070582]",train,dbscam_euclidean,0,False,True,0.40858936309814453
19113,LGH020002,"[0.094293, 0.095947, 0.026055, 0.044114]",train,dbscam_euclidean,0,False,True,0.23588170111179352
19113,LGH020002,"[0.122519, 0.569617, 0.072581, 0.065068]",train,dbscam_euclidean,0,False,True,0.3604157865047455
930,LGH020002,"[0.958333, 0.265741, 0.082292, 0.092593]",train,dbscam_euclidean,0,False,True,0.5099484324455261
930,LGH020002,"[0.538802, 0.19213, 0.031771, 0.137963]",train,dbscam_euclidean,0,False,True,0.43579068779945374
930,LGH020002,"[0.496875, 0.531944, 0.04375, 0.04537]",train,dbscam_euclidean,0,False,True,0.3104785978794098
930,LGH020002,"[0.552344, 0.418981, 0.046354, 0.062037]",train,dbscam_euclidean,0,False,True,0.3773878812789917
930,LGH020002,"[0.549219, 0.360185, 0.071354, 0.087037]",train,dbscam_euclidean,0,False,True,0.4107002019882202
930,LGH020002,"[0.52474, 0.324537, 0.018229, 0.089815]",train,dbscam_euclidean,0,False,True,0.36101865768432617
930,LGH020002,"[0.383073, 0.283796, 0.067187, 0.067593]",train,dbscam_euclidean,0,False,True,0.31789520382881165
930,LGH020002,"[0.561198, 0.656481, 0.041146, 0.068519]",train,dbscam_euclidean,0,False,True,0.28747597336769104
930,LGH020002,"[0.176042, 0.718519, 0.094792, 0.109259]",train,dbscam_euclidean,0,False,True,0.5593671798706055
930,LGH020002,"[0.534375, 0.56713, 0.075, 0.069444]",train,dbscam_euclidean,0,False,True,0.37008604407310486
930,LGH020002,"[0.539062, 0.058333, 0.027083, 0.07037]",train,dbscam_euclidean,0,False,True,0.3244399428367615
930,LGH020002,"[0.475, 0.289815, 0.025, 0.122222]",train,dbscam_euclidean,0,False,True,0.3809397220611572
930,LGH020002,"[0.236198, 0.446296, 0.066146, 0.068519]",train,dbscam_euclidean,0,False,True,0.34872788190841675
930,LGH020002,"[0.438542, 0.456944, 0.044792, 0.063889]",train,dbscam_euclidean,0,False,True,0.30211564898490906
930,LGH020002,"[0.597135, 0.459259, 0.069271, 0.07963]",train,dbscam_euclidean,0,False,True,0.4202101528644562
930,LGH020002,"[0.485677, 0.274537, 0.013021, 0.071296]",train,dbscam_euclidean,0,False,True,0.35716602206230164
930,LGH020002,"[0.428385, 0.7875, 0.032813, 0.106481]",train,dbscam_euclidean,0,False,True,0.3277231752872467
930,LGH020002,"[0.532292, 0.29213, 0.033333, 0.086111]",train,dbscam_euclidean,0,False,True,0.36750227212905884
930,LGH020002,"[0.753385, 0.961111, 0.022396, 0.075926]",train,dbscam_euclidean,0,False,True,0.3087833523750305
930,LGH020002,"[0.698698, 0.348611, 0.022396, 0.032407]",train,dbscam_euclidean,0,False,True,0.3025801479816437
930,LGH020002,"[0.059896, 0.320833, 0.109375, 0.039815]",train,dbscam_euclidean,0,False,True,0.3914707899093628
930,LGH020002,"[0.609896, 0.518519, 0.058333, 0.051852]",train,dbscam_euclidean,0,False,True,0.3412225544452667
930,LGH020002,"[0.794531, 0.286111, 0.049479, 0.05]",train,dbscam_euclidean,0,False,True,0.2877803146839142
930,LGH020002,"[0.435677, 0.666204, 0.055729, 0.063889]",train,dbscam_euclidean,0,False,True,0.32931482791900635
930,LGH020002,"[0.278125, 0.081019, 0.044792, 0.102778]",train,dbscam_euclidean,0,False,True,0.3758631944656372
930,LGH020002,"[0.653385, 0.460185, 0.072396, 0.038889]",train,dbscam_euclidean,0,False,True,0.40218913555145264
930,LGH020002,"[0.408594, 0.583796, 0.039062, 0.075]",train,dbscam_euclidean,0,False,True,0.28153711557388306
930,LGH020002,"[0.788542, 0.444444, 0.067708, 0.1]",train,dbscam_euclidean,0,False,True,0.4271601736545563
930,LGH020002,"[0.247396, 0.364815, 0.042708, 0.064815]",train,dbscam_euclidean,0,False,True,0.3114584982395172
930,LGH020002,"[0.585417, 0.362963, 0.022917, 0.061111]",train,dbscam_euclidean,0,False,True,0.339167982339859
930,LGH020002,"[0.976042, 0.772685, 0.046875, 0.05463]",train,dbscam_euclidean,0,False,True,0.3026643395423889
930,LGH020002,"[0.39974, 0.408333, 0.026562, 0.016667]",train,dbscam_euclidean,0,False,True,0.39240506291389465
930,LGH020002,"[0.934375, 0.171759, 0.017708, 0.019444]",train,dbscam_euclidean,0,False,True,0.43380090594291687
930,LGH020002,"[0.334635, 0.661111, 0.067187, 0.062963]",train,dbscam_euclidean,0,False,True,0.31797322630882263
930,LGH020002,"[0.209635, 0.487963, 0.024479, 0.014815]",train,dbscam_euclidean,0,False,True,0.4343239367008209
930,LGH020002,"[0.479167, 0.49537, 0.053125, 0.040741]",train,dbscam_euclidean,0,False,True,0.26271554827690125
930,LGH020002,"[0.745573, 0.761111, 0.010937, 0.022222]",train,dbscam_euclidean,0,False,True,0.4750721752643585
930,LGH020002,"[0.40651, 0.436111, 0.023438, 0.014815]",train,dbscam_euclidean,0,False,True,0.4426712393760681
930,LGH020002,"[0.111719, 0.990741, 0.011979, 0.016667]",train,dbscam_euclidean,0,False,True,0.44475340843200684
930,LGH020002,"[0.610938, 0.389352, 0.045833, 0.052778]",train,dbscam_euclidean,0,False,True,0.2669614851474762
930,LGH020002,"[0.827604, 0.348611, 0.015625, 0.015741]",train,dbscam_euclidean,0,False,True,0.4598686695098877
930,LGH020002,"[0.529427, 0.877315, 0.036979, 0.032407]",train,dbscam_euclidean,0,False,True,0.32746100425720215
930,LGH020002,"[0.49974, 0.683796, 0.030729, 0.036111]",train,dbscam_euclidean,0,False,True,0.2709338068962097
930,LGH020002,"[0.647396, 0.587963, 0.045833, 0.051852]",train,dbscam_euclidean,0,False,True,0.2677927017211914
930,LGH020002,"[0.682552, 0.361574, 0.028646, 0.063889]",train,dbscam_euclidean,0,False,True,0.26026201248168945
930,LGH020002,"[0.03776, 0.783333, 0.050521, 0.038889]",train,dbscam_euclidean,0,False,True,0.35570836067199707
930,LGH020002,"[0.61276, 0.688889, 0.035937, 0.035185]",train,dbscam_euclidean,0,False,True,0.28990474343299866
930,LGH020002,"[0.704948, 0.514815, 0.011979, 0.025926]",train,dbscam_euclidean,0,False,True,0.45466020703315735
930,LGH020002,"[0.68776, 0.304167, 0.020313, 0.058333]",train,dbscam_euclidean,0,False,True,0.2804298400878906
930,LGH020002,"[0.734115, 0.461111, 0.052604, 0.035185]",train,dbscam_euclidean,0,False,True,0.3012811839580536
930,LGH020002,"[0.028646, 0.992593, 0.044792, 0.012963]",train,dbscam_euclidean,0,False,True,0.42435422539711
930,LGH020002,"[0.721354, 0.3875, 0.019792, 0.034259]",train,dbscam_euclidean,0,False,True,0.3470629155635834
930,LGH020002,"[0.611979, 0.411111, 0.007292, 0.022222]",train,dbscam_euclidean,0,False,True,0.4885251224040985
930,LGH020002,"[0.590885, 0.499074, 0.030729, 0.042593]",train,dbscam_euclidean,0,False,True,0.2652433514595032
930,LGH020002,"[0.623437, 0.462037, 0.0125, 0.02963]",train,dbscam_euclidean,0,False,True,0.3862912952899933
930,LGH020002,"[0.483073, 0.718519, 0.051562, 0.048148]",train,dbscam_euclidean,0,False,True,0.27716314792633057
930,LGH020002,"[0.421875, 0.523611, 0.040625, 0.047222]",train,dbscam_euclidean,0,False,True,0.27346286177635193
930,LGH020002,"[0.522396, 0.388889, 0.017708, 0.02963]",train,dbscam_euclidean,0,False,True,0.421869695186615
930,LGH020002,"[0.663281, 0.502778, 0.017188, 0.044444]",train,dbscam_euclidean,0,False,True,0.2882193922996521
930,LGH020002,"[0.332292, 0.935185, 0.008333, 0.018519]",train,dbscam_euclidean,0,False,True,0.4870067834854126
930,LGH020002,"[0.50651, 0.583796, 0.019271, 0.036111]",train,dbscam_euclidean,0,False,True,0.35219112038612366
930,LGH020002,"[0.09349, 0.848148, 0.009896, 0.014815]",train,dbscam_euclidean,0,False,True,0.4545544683933258
930,LGH020002,"[0.960608, 0.669975, 0.077543, 0.140061]",train,dbscam_euclidean,0,False,True,0.5459131002426147
930,LGH020002,"[0.970223, 0.507306, 0.058313, 0.070582]",train,dbscam_euclidean,0,False,True,0.34919920563697815
930,LGH020002,"[0.85732, 0.459333, 0.114144, 0.062862]",train,dbscam_euclidean,0,False,True,0.5072208642959595
930,LGH020002,"[0.799938, 0.661152, 0.055211, 0.087124]",train,dbscam_euclidean,0,False,True,0.40450218319892883
600,LGH020002,"[0.728385, 0.936111, 0.024479, 0.059259]",train,dbscam_euclidean,0,False,True,0.33210310339927673
600,LGH020002,"[0.534635, 0.589815, 0.039062, 0.024074]",train,dbscam_euclidean,0,False,True,0.27747586369514465
600,LGH020002,"[0.61276, 0.94537, 0.102604, 0.098148]",train,dbscam_euclidean,0,False,True,0.6399977803230286
600,LGH020002,"[0.733333, 0.293056, 0.04375, 0.023148]",train,dbscam_euclidean,0,False,True,0.3026661276817322
600,LGH020002,"[0.526563, 0.298148, 0.028125, 0.018519]",train,dbscam_euclidean,0,False,True,0.2898889482021332
600,LGH020002,"[0.688021, 0.692593, 0.083333, 0.094444]",train,dbscam_euclidean,0,False,False,0.5849398970603943
600,LGH020002,"[0.626823, 0.776852, 0.024479, 0.027778]",train,dbscam_euclidean,0,False,True,0.3870706260204315
600,LGH020002,"[0.106771, 0.576389, 0.132292, 0.09537]",train,dbscam_euclidean,0,False,True,0.6349530816078186
600,LGH020002,"[0.457031, 0.29537, 0.024479, 0.042593]",train,dbscam_euclidean,0,False,True,0.2594262361526489
600,LGH020002,"[0.471615, 0.85787, 0.007812, 0.015741]",train,dbscam_euclidean,0,False,True,0.404812753200531
600,LGH020002,"[0.672135, 0.755556, 0.015104, 0.024074]",train,dbscam_euclidean,0,False,True,0.3623829483985901
600,LGH020002,"[0.908333, 0.136111, 0.034375, 0.024074]",train,dbscam_euclidean,0,False,True,0.25184980034828186
600,LGH020002,"[0.527344, 0.493056, 0.036979, 0.034259]",train,dbscam_euclidean,0,False,True,0.2503167986869812
600,LGH020002,"[0.476302, 0.590741, 0.008854, 0.02037]",train,dbscam_euclidean,0,False,True,0.41189250349998474
600,LGH020002,"[0.276302, 0.811574, 0.069271, 0.037963]",train,dbscam_euclidean,0,False,True,0.36259976029396057
600,LGH020002,"[0.765625, 0.793056, 0.017708, 0.026852]",train,dbscam_euclidean,0,False,True,0.31037309765815735
600,LGH020002,"[0.634115, 0.885648, 0.041146, 0.037963]",train,dbscam_euclidean,0,False,True,0.29143932461738586
600,LGH020002,"[0.566667, 0.778241, 0.029167, 0.050926]",train,dbscam_euclidean,0,False,True,0.26547515392303467
600,LGH020002,"[0.455208, 0.425463, 0.016667, 0.019444]",train,dbscam_euclidean,0,False,True,0.3657776117324829
600,LGH020002,"[0.528646, 0.851389, 0.01875, 0.062037]",train,dbscam_euclidean,0,False,True,0.2817336916923523
600,LGH020002,"[0.593229, 0.484259, 0.017708, 0.025926]",train,dbscam_euclidean,0,False,True,0.3450636863708496
600,LGH020002,"[0.686719, 0.727315, 0.044271, 0.025]",train,dbscam_euclidean,0,False,True,0.31115609407424927
600,LGH020002,"[0.429167, 0.455556, 0.007292, 0.037037]",train,dbscam_euclidean,0,False,True,0.43331465125083923
600,LGH020002,"[0.54375, 0.655093, 0.016667, 0.037963]",train,dbscam_euclidean,0,False,True,0.28384795784950256
600,LGH020002,"[0.195052, 0.659259, 0.048438, 0.035185]",train,dbscam_euclidean,0,False,True,0.27409833669662476
600,LGH020002,"[0.573177, 0.928241, 0.023438, 0.067593]",train,dbscam_euclidean,0,False,True,0.3313647210597992
600,LGH020002,"[0.469531, 0.407407, 0.026562, 0.033333]",train,dbscam_euclidean,0,False,True,0.24664023518562317
600,LGH020002,"[0.572656, 0.911111, 0.009896, 0.033333]",train,dbscam_euclidean,0,False,True,0.3856475055217743
600,LGH020002,"[0.125, 0.589815, 0.096875, 0.057407]",train,dbscam_euclidean,0,False,True,0.4792008399963379
600,LGH020002,"[0.346774, 0.887235, 0.050868, 0.060656]",train,dbscam_euclidean,0,False,True,0.3907299041748047
600,LGH020002,"[0.467742, 0.192997, 0.033499, 0.077199]",train,dbscam_euclidean,0,False,True,0.36132171750068665
600,LGH020002,"[0.569789, 0.188034, 0.042804, 0.054039]",train,dbscam_euclidean,0,False,True,0.33414262533187866
600,LGH020002,"[0.852357, 0.693686, 0.109181, 0.068376]",train,dbscam_euclidean,0,False,True,0.5802384614944458
1470,LGH020002,"[0.346094, 0.324537, 0.055729, 0.078704]",train,dbscam_euclidean,0,False,True,0.4552967846393585
1470,LGH020002,"[0.230208, 0.297222, 0.065625, 0.122222]",train,dbscam_euclidean,0,False,True,0.5602499842643738
1470,LGH020002,"[0.200781, 0.059259, 0.067187, 0.118519]",train,dbscam_euclidean,0,False,True,0.5568299889564514
1470,LGH020002,"[0.335938, 0.172222, 0.061458, 0.059259]",train,dbscam_euclidean,0,False,True,0.3198360502719879
1470,LGH020002,"[0.128646, 0.080093, 0.134375, 0.126852]",train,dbscam_euclidean,-1,True,False,
1470,LGH020002,"[0.518229, 0.185185, 0.026042, 0.094444]",train,dbscam_euclidean,0,False,True,0.37035688757896423
1470,LGH020002,"[0.698438, 0.26713, 0.082292, 0.071296]",train,dbscam_euclidean,0,False,True,0.4063800573348999
1470,LGH020002,"[0.853385, 0.29537, 0.066146, 0.062963]",train,dbscam_euclidean,0,False,True,0.3828330934047699
1470,LGH020002,"[0.872917, 0.201852, 0.058333, 0.085185]",train,dbscam_euclidean,0,False,True,0.4058995842933655
1470,LGH020002,"[0.245312, 0.657407, 0.069792, 0.048148]",train,dbscam_euclidean,0,False,True,0.3253246247768402
1470,LGH020002,"[0.971354, 0.335648, 0.05625, 0.039815]",train,dbscam_euclidean,0,False,True,0.26110079884529114
1470,LGH020002,"[0.521615, 0.490741, 0.040104, 0.061111]",train,dbscam_euclidean,0,False,True,0.3098835051059723
1470,LGH020002,"[0.772135, 0.109722, 0.060937, 0.087963]",train,dbscam_euclidean,0,False,True,0.5258035659790039
1470,LGH020002,"[0.15625, 0.341204, 0.065625, 0.034259]",train,dbscam_euclidean,0,False,True,0.2841760218143463
1470,LGH020002,"[0.7, 0.412037, 0.040625, 0.031481]",train,dbscam_euclidean,0,False,True,0.3073427081108093
1470,LGH020002,"[0.594531, 0.45463, 0.044271, 0.031481]",train,dbscam_euclidean,0,False,True,0.2824104130268097
1470,LGH020002,"[0.51901, 0.236574, 0.048438, 0.075]",train,dbscam_euclidean,0,False,True,0.3735281825065613
1470,LGH020002,"[0.697135, 0.295833, 0.050521, 0.037963]",train,dbscam_euclidean,0,False,True,0.2673448622226715
1470,LGH020002,"[0.209115, 0.196759, 0.088021, 0.060185]",train,dbscam_euclidean,0,False,True,0.4055251181125641
1470,LGH020002,"[0.485156, 0.98287, 0.052604, 0.032407]",train,dbscam_euclidean,0,False,True,0.2869756519794464
1470,LGH020002,"[0.595573, 0.349074, 0.048438, 0.022222]",train,dbscam_euclidean,0,False,True,0.3212035000324249
1470,LGH020002,"[0.329948, 0.349074, 0.030729, 0.051852]",train,dbscam_euclidean,0,False,True,0.26954883337020874
1470,LGH020002,"[0.883073, 0.381019, 0.060937, 0.065741]",train,dbscam_euclidean,0,False,True,0.3610685467720032
1470,LGH020002,"[0.174479, 0.587963, 0.071875, 0.046296]",train,dbscam_euclidean,0,False,True,0.29833266139030457
1470,LGH020002,"[0.010677, 0.030556, 0.021354, 0.031481]",train,dbscam_euclidean,0,False,True,0.36028048396110535
1470,LGH020002,"[0.69974, 0.038426, 0.021354, 0.052778]",train,dbscam_euclidean,0,False,True,0.3160119652748108
1470,LGH020002,"[0.730729, 0.364352, 0.079167, 0.075]",train,dbscam_euclidean,0,False,True,0.40739476680755615
1470,LGH020002,"[0.360938, 0.503241, 0.05, 0.036111]",train,dbscam_euclidean,0,False,True,0.23496532440185547
1470,LGH020002,"[0.376302, 0.281481, 0.022396, 0.027778]",train,dbscam_euclidean,0,False,True,0.30894652009010315
1470,LGH020002,"[0.847917, 0.258333, 0.063542, 0.064815]",train,dbscam_euclidean,0,False,True,0.3741181194782257
1470,LGH020002,"[0.960417, 0.1875, 0.078125, 0.113889]",train,dbscam_euclidean,0,False,True,0.509080708026886
1470,LGH020002,"[0.532813, 0.403704, 0.0375, 0.02963]",train,dbscam_euclidean,0,False,True,0.30809301137924194
1470,LGH020002,"[0.373177, 0.473611, 0.042188, 0.034259]",train,dbscam_euclidean,0,False,True,0.2485937476158142
1470,LGH020002,"[0.766667, 0.829167, 0.051042, 0.036111]",train,dbscam_euclidean,0,False,True,0.3401518166065216
1470,LGH020002,"[0.955729, 0.301852, 0.0875, 0.037037]",train,dbscam_euclidean,0,False,True,0.37828242778778076
1470,LGH020002,"[0.765365, 0.723611, 0.067187, 0.080556]",train,dbscam_euclidean,0,False,True,0.4293074905872345
1470,LGH020002,"[0.493229, 0.286111, 0.033333, 0.046296]",train,dbscam_euclidean,0,False,True,0.3272501528263092
1470,LGH020002,"[0.451823, 0.064815, 0.028646, 0.031481]",train,dbscam_euclidean,0,False,True,0.30580565333366394
1470,LGH020002,"[0.765104, 0.220833, 0.051042, 0.041667]",train,dbscam_euclidean,0,False,True,0.2583256959915161
1470,LGH020002,"[0.426302, 0.271759, 0.017188, 0.037963]",train,dbscam_euclidean,0,False,True,0.32999202609062195
1470,LGH020002,"[0.938021, 0.434259, 0.122917, 0.175926]",train,dbscam_euclidean,-1,True,False,
1470,LGH020002,"[0.859115, 0.025926, 0.028646, 0.051852]",train,dbscam_euclidean,0,False,True,0.30231383442878723
1470,LGH020002,"[0.138542, 0.033333, 0.075, 0.066667]",train,dbscam_euclidean,0,False,True,0.433327317237854
1470,LGH020002,"[0.38099, 0.453704, 0.050521, 0.055556]",train,dbscam_euclidean,0,False,True,0.303994745016098
1470,LGH020002,"[0.581771, 0.480556, 0.035417, 0.031481]",train,dbscam_euclidean,0,False,True,0.3222041130065918
1470,LGH020002,"[0.354687, 0.579167, 0.051042, 0.039815]",train,dbscam_euclidean,0,False,True,0.2748703360557556
1470,LGH020002,"[0.450521, 0.465741, 0.046875, 0.024074]",train,dbscam_euclidean,0,False,True,0.37017589807510376
1470,LGH020002,"[0.620313, 0.874074, 0.026042, 0.022222]",train,dbscam_euclidean,0,False,True,0.3618464767932892
1470,LGH020002,"[0.639583, 0.3375, 0.0375, 0.063889]",train,dbscam_euclidean,0,False,True,0.321822851896286
1470,LGH020002,"[0.65599, 0.496759, 0.024479, 0.019444]",train,dbscam_euclidean,0,False,True,0.3861542344093323
1470,LGH020002,"[0.932552, 0.362037, 0.059896, 0.025926]",train,dbscam_euclidean,0,False,True,0.32028231024742126
1470,LGH020002,"[0.486198, 0.504167, 0.018229, 0.032407]",train,dbscam_euclidean,0,False,True,0.3433140516281128
1470,LGH020002,"[0.778646, 0.396759, 0.069792, 0.050926]",train,dbscam_euclidean,0,False,True,0.33529266715049744
1470,LGH020002,"[0.872135, 0.341667, 0.075521, 0.040741]",train,dbscam_euclidean,0,False,True,0.3255247473716736
1470,LGH020002,"[0.810937, 0.372222, 0.047917, 0.02037]",train,dbscam_euclidean,0,False,True,0.4294419586658478
1470,LGH020002,"[0.44974, 0.350463, 0.028646, 0.052778]",train,dbscam_euclidean,0,False,True,0.23957329988479614
1470,LGH020002,"[0.508594, 0.019444, 0.008854, 0.038889]",train,dbscam_euclidean,0,False,True,0.4432865083217621
1470,LGH020002,"[0.328385, 0.988426, 0.008854, 0.021296]",train,dbscam_euclidean,0,False,True,0.4675487279891968
1470,LGH020002,"[0.329688, 0.612963, 0.06875, 0.05]",train,dbscam_euclidean,0,False,True,0.27491316199302673
1470,LGH020002,"[0.782813, 0.328241, 0.041667, 0.041667]",train,dbscam_euclidean,0,False,True,0.23294697701931
1470,LGH020002,"[0.566406, 0.365278, 0.009896, 0.028704]",train,dbscam_euclidean,0,False,True,0.4860762059688568
1470,LGH020002,"[0.613281, 0.617593, 0.025521, 0.062963]",train,dbscam_euclidean,0,False,True,0.25918060541152954
1470,LGH020002,"[0.21276, 0.340278, 0.017188, 0.015741]",train,dbscam_euclidean,0,False,True,0.42817768454551697
1470,LGH020002,"[0.697917, 0.088889, 0.038542, 0.07963]",train,dbscam_euclidean,0,False,True,0.33892741799354553
1470,LGH020002,"[0.330469, 0.029167, 0.010937, 0.058333]",train,dbscam_euclidean,0,False,True,0.41780540347099304
1470,LGH020002,"[0.497396, 0.563889, 0.020833, 0.025926]",train,dbscam_euclidean,0,False,True,0.39092162251472473
1470,LGH020002,"[0.791406, 0.981019, 0.030729, 0.036111]",train,dbscam_euclidean,0,False,True,0.30727243423461914
1470,LGH020002,"[0.149219, 0.669444, 0.009896, 0.053704]",train,dbscam_euclidean,0,False,True,0.4731340706348419
1470,LGH020002,"[0.428906, 0.533333, 0.023438, 0.072222]",train,dbscam_euclidean,0,False,True,0.3347107768058777
1470,LGH020002,"[0.796354, 0.209259, 0.05625, 0.066667]",train,dbscam_euclidean,0,False,True,0.3984965682029724
1470,LGH020002,"[0.821615, 0.1875, 0.047396, 0.034259]",train,dbscam_euclidean,0,False,True,0.27159374952316284
1470,LGH020002,"[0.458594, 0.381481, 0.020313, 0.016667]",train,dbscam_euclidean,0,False,True,0.4194154143333435
1470,LGH020002,"[0.148698, 0.653704, 0.008854, 0.022222]",train,dbscam_euclidean,0,False,True,0.48961663246154785
1470,LGH020002,"[0.395313, 0.628241, 0.022917, 0.067593]",train,dbscam_euclidean,0,False,True,0.3196123242378235
1470,LGH020002,"[0.428906, 0.989352, 0.015104, 0.019444]",train,dbscam_euclidean,0,False,True,0.41088739037513733
1470,LGH020002,"[0.702083, 0.648148, 0.0375, 0.068519]",train,dbscam_euclidean,0,False,True,0.31881237030029297
1470,LGH020002,"[0.685156, 0.122685, 0.063021, 0.147222]",train,dbscam_euclidean,0,False,True,0.6030358672142029
1470,LGH020002,"[0.052865, 0.389815, 0.105729, 0.116667]",train,dbscam_euclidean,0,False,False,0.6317667961120605
1470,LGH020002,"[0.489844, 0.993056, 0.029687, 0.012037]",train,dbscam_euclidean,0,False,True,0.43681013584136963
1470,LGH020002,"[0.377083, 0.844907, 0.008333, 0.013889]",train,dbscam_euclidean,0,False,True,0.45709696412086487
1470,LGH020002,"[0.442969, 0.343056, 0.063021, 0.078704]",train,dbscam_euclidean,0,False,True,0.4421681761741638
1470,LGH020002,"[0.632292, 0.381019, 0.03125, 0.023148]",train,dbscam_euclidean,0,False,True,0.33439210057258606
1470,LGH020002,"[0.631771, 0.578241, 0.076042, 0.071296]",train,dbscam_euclidean,0,False,True,0.41657495498657227
1470,LGH020002,"[0.491927, 0.365741, 0.046354, 0.022222]",train,dbscam_euclidean,0,False,True,0.3620309829711914
1470,LGH020002,"[0.427865, 0.445833, 0.036979, 0.019444]",train,dbscam_euclidean,0,False,True,0.3674517869949341
1470,LGH020002,"[0.19375, 0.890741, 0.009375, 0.016667]",train,dbscam_euclidean,0,False,True,0.4401143193244934
1470,LGH020002,"[0.611458, 0.280556, 0.0125, 0.037037]",train,dbscam_euclidean,0,False,True,0.4215928316116333
1470,LGH020002,"[0.229427, 0.221759, 0.014063, 0.012037]",train,dbscam_euclidean,0,False,True,0.4538479745388031
1470,LGH020002,"[0.49375, 0.2625, 0.0125, 0.019444]",train,dbscam_euclidean,0,False,True,0.4759541153907776
1470,LGH020002,"[0.483333, 0.324537, 0.021875, 0.069444]",train,dbscam_euclidean,0,False,True,0.35355284810066223
1470,LGH020002,"[0.473958, 0.693519, 0.010417, 0.014815]",train,dbscam_euclidean,0,False,True,0.4507516324520111
1470,LGH020002,"[0.455208, 0.326389, 0.040625, 0.047222]",train,dbscam_euclidean,0,False,True,0.29434889554977417
1470,LGH020002,"[0.045052, 0.350926, 0.090104, 0.038889]",train,dbscam_euclidean,0,False,True,0.3911459743976593
1470,LGH020002,"[0.636719, 0.555093, 0.021354, 0.025]",train,dbscam_euclidean,0,False,True,0.36038947105407715
1470,LGH020002,"[0.520052, 0.606481, 0.038021, 0.057407]",train,dbscam_euclidean,0,False,True,0.2651236057281494
1470,LGH020002,"[0.864323, 0.947685, 0.050521, 0.032407]",train,dbscam_euclidean,0,False,True,0.2963496744632721
1470,LGH020002,"[0.773883, 0.453267, 0.077543, 0.055142]",train,dbscam_euclidean,0,False,True,0.37769263982772827
1470,LGH020002,"[0.814516, 0.433416, 0.080645, 0.063965]",train,dbscam_euclidean,0,False,True,0.42098087072372437
1470,LGH020002,"[0.853908, 0.453819, 0.073821, 0.060656]",train,dbscam_euclidean,0,False,True,0.37924355268478394
1470,LGH020002,"[0.890819, 0.524952, 0.08933, 0.046319]",train,dbscam_euclidean,0,False,True,0.3677099943161011
1470,LGH020002,"[0.882134, 0.685415, 0.075682, 0.067273]",train,dbscam_euclidean,0,False,True,0.38394686579704285
1470,LGH020002,"[0.923697, 0.654535, 0.140199, 0.060656]",train,dbscam_euclidean,0,False,False,0.5455613136291504
1981,LGH020002,"[0.126042, 0.146759, 0.05625, 0.086111]",train,dbscam_euclidean,0,False,True,0.4423657953739166
1981,LGH020002,"[0.547917, 0.051852, 0.045833, 0.040741]",train,dbscam_euclidean,0,False,True,0.2755834758281708
1981,LGH020002,"[0.917969, 0.196296, 0.077604, 0.088889]",train,dbscam_euclidean,0,False,True,0.5051739811897278
1981,LGH020002,"[0.808594, 0.321759, 0.054688, 0.065741]",train,dbscam_euclidean,0,False,True,0.3606918454170227
1981,LGH020002,"[0.535677, 0.157407, 0.035937, 0.048148]",train,dbscam_euclidean,0,False,True,0.26502710580825806
1981,LGH020002,"[0.266146, 0.043981, 0.040625, 0.087963]",train,dbscam_euclidean,0,False,True,0.40017950534820557
1981,LGH020002,"[0.542708, 0.411111, 0.060417, 0.042593]",train,dbscam_euclidean,0,False,True,0.27581942081451416
1981,LGH020002,"[0.271094, 0.096296, 0.114062, 0.159259]",train,dbscam_euclidean,-1,True,False,
1981,LGH020002,"[0.629687, 0.356944, 0.034375, 0.056481]",train,dbscam_euclidean,0,False,True,0.2932753562927246
1981,LGH020002,"[0.664583, 0.219907, 0.053125, 0.115741]",train,dbscam_euclidean,0,False,True,0.496369332075119
1981,LGH020002,"[0.814323, 0.351852, 0.053646, 0.053704]",train,dbscam_euclidean,0,False,True,0.3139766752719879
1981,LGH020002,"[0.322135, 0.718519, 0.060937, 0.055556]",train,dbscam_euclidean,0,False,True,0.33021819591522217
1981,LGH020002,"[0.127604, 0.259259, 0.041667, 0.02963]",train,dbscam_euclidean,0,False,True,0.21945837140083313
1981,LGH020002,"[0.855729, 0.368056, 0.01875, 0.019444]",train,dbscam_euclidean,0,False,True,0.3766748905181885
1981,LGH020002,"[0.342187, 0.051852, 0.054167, 0.062963]",train,dbscam_euclidean,0,False,True,0.41059526801109314
1981,LGH020002,"[0.334115, 0.218056, 0.024479, 0.049074]",train,dbscam_euclidean,0,False,True,0.25324711203575134
1981,LGH020002,"[0.802344, 0.421296, 0.044271, 0.048148]",train,dbscam_euclidean,0,False,True,0.2539829611778259
1981,LGH020002,"[0.554167, 0.314352, 0.022917, 0.069444]",train,dbscam_euclidean,0,False,True,0.3093283772468567
1981,LGH020002,"[0.119792, 0.3, 0.057292, 0.092593]",train,dbscam_euclidean,0,False,True,0.44071418046951294
1981,LGH020002,"[0.928646, 0.104167, 0.083333, 0.128704]",train,dbscam_euclidean,0,False,True,0.6442201733589172
1981,LGH020002,"[0.240365, 0.163426, 0.052604, 0.091667]",train,dbscam_euclidean,0,False,True,0.4395366907119751
1981,LGH020002,"[0.177865, 0.48287, 0.116146, 0.100926]",train,dbscam_euclidean,0,False,False,0.6506552696228027
1981,LGH020002,"[0.821615, 0.193981, 0.052604, 0.034259]",train,dbscam_euclidean,0,False,True,0.24867990612983704
1981,LGH020002,"[0.83099, 0.256019, 0.046354, 0.039815]",train,dbscam_euclidean,0,False,True,0.2126503586769104
1981,LGH020002,"[0.509115, 0.149537, 0.007812, 0.047222]",train,dbscam_euclidean,0,False,True,0.4626123011112213
1981,LGH020002,"[0.651823, 0.120833, 0.043229, 0.041667]",train,dbscam_euclidean,0,False,True,0.30229711532592773
1981,LGH020002,"[0.927604, 0.716204, 0.042708, 0.025]",train,dbscam_euclidean,0,False,True,0.3288697898387909
1981,LGH020002,"[0.310417, 0.346296, 0.055208, 0.055556]",train,dbscam_euclidean,0,False,True,0.27511462569236755
1981,LGH020002,"[0.020313, 0.091667, 0.03125, 0.022222]",train,dbscam_euclidean,0,False,True,0.32479190826416016
1981,LGH020002,"[0.905208, 0.503704, 0.077083, 0.059259]",train,dbscam_euclidean,0,False,True,0.3420780599117279
1981,LGH020002,"[0.314583, 0.599074, 0.078125, 0.103704]",train,dbscam_euclidean,0,False,True,0.5169258713722229
1981,LGH020002,"[0.733854, 0.400926, 0.055208, 0.024074]",train,dbscam_euclidean,0,False,True,0.35506877303123474
1981,LGH020002,"[0.279427, 0.501852, 0.022396, 0.031481]",train,dbscam_euclidean,0,False,True,0.2495945543050766
1981,LGH020002,"[0.657552, 0.169907, 0.031771, 0.093519]",train,dbscam_euclidean,0,False,True,0.3881652355194092
1981,LGH020002,"[0.4375, 0.466204, 0.048958, 0.052778]",train,dbscam_euclidean,0,False,True,0.25023651123046875
1981,LGH020002,"[0.377604, 0.289352, 0.045833, 0.113889]",train,dbscam_euclidean,0,False,True,0.521950900554657
1981,LGH020002,"[0.85026, 0.700463, 0.038021, 0.026852]",train,dbscam_euclidean,0,False,True,0.3101939857006073
1981,LGH020002,"[0.601823, 0.638426, 0.034896, 0.026852]",train,dbscam_euclidean,0,False,True,0.29792046546936035
1981,LGH020002,"[0.351562, 0.099074, 0.0375, 0.048148]",train,dbscam_euclidean,0,False,True,0.24546515941619873
1981,LGH020002,"[0.407031, 0.975926, 0.030729, 0.027778]",train,dbscam_euclidean,0,False,True,0.32631751894950867
1981,LGH020002,"[0.099479, 0.575, 0.048958, 0.038889]",train,dbscam_euclidean,0,False,True,0.22766457498073578
1981,LGH020002,"[0.625, 0.273611, 0.01875, 0.019444]",train,dbscam_euclidean,0,False,True,0.39398035407066345
1981,LGH020002,"[0.558333, 0.652315, 0.036458, 0.034259]",train,dbscam_euclidean,0,False,True,0.24138323962688446
1981,LGH020002,"[0.263021, 0.56713, 0.030208, 0.09537]",train,dbscam_euclidean,0,False,True,0.34598204493522644
1981,LGH020002,"[0.441406, 0.515278, 0.051562, 0.036111]",train,dbscam_euclidean,0,False,True,0.21788810193538666
1981,LGH020002,"[0.160417, 0.381481, 0.025, 0.059259]",train,dbscam_euclidean,0,False,True,0.342214971780777
1981,LGH020002,"[0.134115, 0.448148, 0.028646, 0.031481]",train,dbscam_euclidean,0,False,True,0.27723753452301025
1981,LGH020002,"[0.103385, 0.036574, 0.146354, 0.073148]",train,dbscam_euclidean,-1,True,False,
1981,LGH020002,"[0.933594, 0.647685, 0.067187, 0.032407]",train,dbscam_euclidean,0,False,True,0.2785373032093048
1981,LGH020002,"[0.449219, 0.391204, 0.029687, 0.021296]",train,dbscam_euclidean,0,False,True,0.3537723422050476
1981,LGH020002,"[0.423438, 0.375926, 0.044792, 0.038889]",train,dbscam_euclidean,0,False,True,0.23579342663288116
1981,LGH020002,"[0.767188, 0.45787, 0.052083, 0.026852]",train,dbscam_euclidean,0,False,True,0.36100712418556213
1981,LGH020002,"[0.890625, 0.441204, 0.107292, 0.089815]",train,dbscam_euclidean,0,False,True,0.4960296154022217
1981,LGH020002,"[0.186979, 0.599537, 0.020833, 0.041667]",train,dbscam_euclidean,0,False,True,0.26256313920021057
1981,LGH020002,"[0.417708, 0.779167, 0.0625, 0.065741]",train,dbscam_euclidean,0,False,True,0.36548760533332825
1981,LGH020002,"[0.80599, 0.227778, 0.057813, 0.033333]",train,dbscam_euclidean,0,False,True,0.2655949294567108
1981,LGH020002,"[0.172396, 0.034259, 0.009375, 0.012963]",train,dbscam_euclidean,0,False,True,0.4303063750267029
1981,LGH020002,"[0.488021, 0.426389, 0.039583, 0.017593]",train,dbscam_euclidean,0,False,True,0.39409297704696655
1981,LGH020002,"[0.249219, 0.34537, 0.033854, 0.02963]",train,dbscam_euclidean,0,False,True,0.2657642066478729
1981,LGH020002,"[0.670573, 0.614815, 0.053646, 0.064815]",train,dbscam_euclidean,0,False,True,0.29372555017471313
1981,LGH020002,"[0.877083, 0.988889, 0.026042, 0.02037]",train,dbscam_euclidean,0,False,True,0.3439684808254242
1981,LGH020002,"[0.314844, 0.55787, 0.022396, 0.025]",train,dbscam_euclidean,0,False,True,0.40602269768714905
1981,LGH020002,"[0.440625, 0.555556, 0.041667, 0.038889]",train,dbscam_euclidean,0,False,True,0.2308647632598877
1981,LGH020002,"[0.015104, 0.176389, 0.030208, 0.052778]",train,dbscam_euclidean,0,False,True,0.25149673223495483
1981,LGH020002,"[0.17474, 0.521759, 0.024479, 0.028704]",train,dbscam_euclidean,0,False,True,0.2865975499153137
1981,LGH020002,"[0.445312, 0.474537, 0.033333, 0.034259]",train,dbscam_euclidean,0,False,True,0.2612629234790802
1981,LGH020002,"[0.690625, 0.836111, 0.014583, 0.007407]",train,dbscam_euclidean,0,False,True,0.5068511962890625
1981,LGH020002,"[0.230729, 0.625926, 0.045833, 0.024074]",train,dbscam_euclidean,0,False,True,0.3762715756893158
1981,LGH020002,"[0.43776, 0.4, 0.052604, 0.038889]",train,dbscam_euclidean,0,False,True,0.23468804359436035
1981,LGH020002,"[0.639062, 0.15, 0.0375, 0.033333]",train,dbscam_euclidean,0,False,True,0.2912168502807617
1981,LGH020002,"[0.422135, 0.40787, 0.059896, 0.039815]",train,dbscam_euclidean,0,False,True,0.3147127032279968
1981,LGH020002,"[0.242708, 0.096759, 0.058333, 0.086111]",train,dbscam_euclidean,0,False,True,0.43661630153656006
1981,LGH020002,"[0.986719, 0.731019, 0.025521, 0.063889]",train,dbscam_euclidean,0,False,True,0.31435033679008484
1981,LGH020002,"[0.10625, 0.275926, 0.030208, 0.046296]",train,dbscam_euclidean,0,False,True,0.2531493008136749
1981,LGH020002,"[0.521875, 0.575, 0.014583, 0.022222]",train,dbscam_euclidean,0,False,True,0.4251532256603241
1981,LGH020002,"[0.089323, 0.013426, 0.119271, 0.026852]",train,dbscam_euclidean,-1,True,False,
1981,LGH020002,"[0.858073, 0.858333, 0.044271, 0.02963]",train,dbscam_euclidean,0,False,True,0.2906734049320221
1981,LGH020002,"[0.182812, 0.728704, 0.032292, 0.048148]",train,dbscam_euclidean,0,False,True,0.25664207339286804
1981,LGH020002,"[0.7625, 0.203704, 0.05, 0.040741]",train,dbscam_euclidean,0,False,True,0.23392793536186218
1981,LGH020002,"[0.988021, 0.245833, 0.022917, 0.069444]",train,dbscam_euclidean,0,False,True,0.3036307394504547
1981,LGH020002,"[0.022396, 0.378704, 0.044792, 0.035185]",train,dbscam_euclidean,0,False,True,0.2955542802810669
1981,LGH020002,"[0.671094, 0.166204, 0.011979, 0.034259]",train,dbscam_euclidean,0,False,True,0.41453298926353455
1981,LGH020002,"[0.79974, 0.863889, 0.068229, 0.088889]",train,dbscam_euclidean,0,False,True,0.4178469181060791
1981,LGH020002,"[0.161198, 0.048611, 0.030729, 0.050926]",train,dbscam_euclidean,0,False,True,0.3054924011230469
1981,LGH020002,"[0.205469, 0.914352, 0.151562, 0.115741]",train,dbscam_euclidean,0,False,False,0.6202065348625183
1981,LGH020002,"[0.045833, 0.059259, 0.027083, 0.016667]",train,dbscam_euclidean,0,False,True,0.3450014591217041
1981,LGH020002,"[0.984115, 0.386111, 0.030729, 0.048148]",train,dbscam_euclidean,0,False,True,0.24825643002986908
1981,LGH020002,"[0.318229, 0.151852, 0.020833, 0.05]",train,dbscam_euclidean,0,False,True,0.2743322253227234
1981,LGH020002,"[0.01276, 0.333333, 0.025521, 0.033333]",train,dbscam_euclidean,0,False,True,0.27558454871177673
1981,LGH020002,"[0.390104, 0.753241, 0.009375, 0.017593]",train,dbscam_euclidean,0,False,True,0.43983644247055054
1981,LGH020002,"[0.166667, 0.104167, 0.009375, 0.019444]",train,dbscam_euclidean,0,False,True,0.4510248303413391
1981,LGH020002,"[0.017188, 0.936574, 0.034375, 0.023148]",train,dbscam_euclidean,0,False,True,0.32197755575180054
1981,LGH020002,"[0.571354, 0.434722, 0.046875, 0.050926]",train,dbscam_euclidean,0,False,True,0.2925492823123932
1981,LGH020002,"[0.311458, 0.102315, 0.0125, 0.019444]",train,dbscam_euclidean,0,False,True,0.4437648355960846
1981,LGH020002,"[0.022396, 0.356481, 0.044792, 0.07963]",train,dbscam_euclidean,0,False,True,0.39418360590934753
1981,LGH020002,"[0.653385, 0.362963, 0.028646, 0.033333]",train,dbscam_euclidean,0,False,True,0.2664846181869507
1981,LGH020002,"[0.871875, 0.457407, 0.066667, 0.053704]",train,dbscam_euclidean,0,False,True,0.28368034958839417
1981,LGH020002,"[0.782813, 0.434259, 0.083333, 0.074074]",train,dbscam_euclidean,0,False,True,0.4281427562236786
1981,LGH020002,"[0.010937, 0.498611, 0.013542, 0.036111]",train,dbscam_euclidean,0,False,True,0.40271618962287903
1981,LGH020002,"[0.268229, 0.583796, 0.019792, 0.062037]",train,dbscam_euclidean,0,False,True,0.2633371353149414
1290,LGH020002,"[0.672396, 0.260185, 0.0375, 0.024074]",val,dbscam_euclidean,0,False,True,0.35202518105506897
1290,LGH020002,"[0.839583, 0.400463, 0.090625, 0.100926]",val,dbscam_euclidean,-1,True,False,
1290,LGH020002,"[0.782813, 0.327778, 0.035417, 0.07963]",val,dbscam_euclidean,0,False,True,0.4256456792354584
1290,LGH020002,"[0.939844, 0.034722, 0.036979, 0.069444]",val,dbscam_euclidean,0,False,True,0.3919323682785034
1290,LGH020002,"[0.601823, 0.3, 0.044271, 0.081481]",val,dbscam_euclidean,0,False,True,0.4482850134372711
1290,LGH020002,"[0.898958, 0.340741, 0.054167, 0.035185]",val,dbscam_euclidean,0,False,True,0.30639341473579407
1290,LGH020002,"[0.76224, 0.750463, 0.049479, 0.034259]",val,dbscam_euclidean,0,False,True,0.22561423480510712
1290,LGH020002,"[0.655729, 0.064815, 0.044792, 0.024074]",val,dbscam_euclidean,0,False,True,0.26071155071258545
1290,LGH020002,"[0.16901, 0.505093, 0.066146, 0.021296]",val,dbscam_euclidean,0,False,True,0.325368732213974
1290,LGH020002,"[0.546354, 0.090278, 0.008333, 0.075]",val,dbscam_euclidean,0,False,True,0.47086209058761597
1290,LGH020002,"[0.414323, 0.864352, 0.021354, 0.032407]",val,dbscam_euclidean,0,False,True,0.2239237129688263
1290,LGH020002,"[0.597135, 0.501389, 0.026562, 0.021296]",val,dbscam_euclidean,0,False,True,0.35949283838272095
1290,LGH020002,"[0.85599, 0.318981, 0.061979, 0.049074]",val,dbscam_euclidean,0,False,True,0.3633015751838684
1290,LGH020002,"[0.911979, 0.864815, 0.091667, 0.037037]",val,dbscam_euclidean,0,False,True,0.4494561553001404
1290,LGH020002,"[0.532031, 0.648148, 0.019271, 0.038889]",val,dbscam_euclidean,0,False,True,0.19624236226081848
1290,LGH020002,"[0.677083, 0.328704, 0.032292, 0.085185]",val,dbscam_euclidean,0,False,True,0.4452364146709442
1290,LGH020002,"[0.38151, 0.258333, 0.018229, 0.014815]",val,dbscam_euclidean,0,False,True,0.34813982248306274
1290,LGH020002,"[0.159635, 0.313426, 0.091146, 0.078704]",val,dbscam_euclidean,0,False,True,0.5680479407310486
1290,LGH020002,"[0.769531, 0.384259, 0.041146, 0.024074]",val,dbscam_euclidean,0,False,True,0.2670360207557678
1290,LGH020002,"[0.614844, 0.788426, 0.026562, 0.034259]",val,dbscam_euclidean,0,False,True,0.21330052614212036
1290,LGH020002,"[0.884896, 0.245833, 0.026042, 0.032407]",val,dbscam_euclidean,0,False,True,0.25560906529426575
1290,LGH020002,"[0.224219, 0.422222, 0.047396, 0.025926]",val,dbscam_euclidean,0,False,True,0.24206599593162537
1290,LGH020002,"[0.589323, 0.541204, 0.049479, 0.050926]",val,dbscam_euclidean,0,False,True,0.3515884578227997
1290,LGH020002,"[0.664844, 0.703241, 0.016146, 0.039815]",val,dbscam_euclidean,0,False,True,0.27588951587677
1290,LGH020002,"[0.442448, 0.353704, 0.049479, 0.062963]",val,dbscam_euclidean,0,False,True,0.3826092481613159
1290,LGH020002,"[0.896094, 0.371759, 0.055729, 0.032407]",val,dbscam_euclidean,0,False,True,0.3113701343536377
1290,LGH020002,"[0.485677, 0.559722, 0.025521, 0.019444]",val,dbscam_euclidean,0,False,True,0.39270710945129395
1290,LGH020002,"[0.723437, 0.471759, 0.047917, 0.019444]",val,dbscam_euclidean,0,False,True,0.33439376950263977
1290,LGH020002,"[0.925, 0.702778, 0.090625, 0.068519]",val,dbscam_euclidean,0,False,True,0.5145872235298157
1290,LGH020002,"[0.251042, 0.55463, 0.035417, 0.037037]",val,dbscam_euclidean,0,False,True,0.28455859422683716
1290,LGH020002,"[0.428125, 0.634259, 0.015625, 0.031481]",val,dbscam_euclidean,0,False,True,0.2912639379501343
1290,LGH020002,"[0.429948, 0.444444, 0.026562, 0.02037]",val,dbscam_euclidean,0,False,True,0.28818270564079285
1290,LGH020002,"[0.58151, 0.447685, 0.029687, 0.032407]",val,dbscam_euclidean,0,False,True,0.2509813606739044
1290,LGH020002,"[0.341146, 0.526852, 0.04375, 0.035185]",val,dbscam_euclidean,0,False,True,0.22136573493480682
1290,LGH020002,"[0.266927, 0.869907, 0.044271, 0.041667]",val,dbscam_euclidean,0,False,True,0.25013336539268494
1290,LGH020002,"[0.4375, 0.607407, 0.055208, 0.035185]",val,dbscam_euclidean,0,False,True,0.27299439907073975
1290,LGH020002,"[0.695573, 0.756481, 0.043229, 0.024074]",val,dbscam_euclidean,0,False,True,0.34810665249824524
1290,LGH020002,"[0.58151, 0.762963, 0.046354, 0.02963]",val,dbscam_euclidean,0,False,True,0.258424311876297
1290,LGH020002,"[0.486719, 0.509259, 0.049479, 0.055556]",val,dbscam_euclidean,0,False,True,0.3432290554046631
1290,LGH020002,"[0.771875, 0.181481, 0.015625, 0.048148]",val,dbscam_euclidean,0,False,True,0.3042365312576294
1290,LGH020002,"[0.678646, 0.5, 0.033333, 0.024074]",val,dbscam_euclidean,0,False,True,0.35664603114128113
1290,LGH020002,"[0.611719, 0.391204, 0.038021, 0.026852]",val,dbscam_euclidean,0,False,True,0.2465520054101944
1290,LGH020002,"[0.316927, 0.360185, 0.035937, 0.044444]",val,dbscam_euclidean,0,False,True,0.2502516210079193
1290,LGH020002,"[0.854167, 0.118056, 0.04375, 0.047222]",val,dbscam_euclidean,0,False,True,0.3146169185638428
1290,LGH020002,"[0.716406, 0.376389, 0.038021, 0.026852]",val,dbscam_euclidean,0,False,True,0.2668914198875427
1290,LGH020002,"[0.623958, 0.628241, 0.027083, 0.034259]",val,dbscam_euclidean,0,False,True,0.2668553590774536
1290,LGH020002,"[0.326302, 0.428704, 0.064062, 0.053704]",val,dbscam_euclidean,0,False,True,0.5002634525299072
1290,LGH020002,"[0.835677, 0.772685, 0.042188, 0.015741]",val,dbscam_euclidean,0,False,True,0.2940168082714081
1290,LGH020002,"[0.698438, 0.058796, 0.040625, 0.030556]",val,dbscam_euclidean,0,False,True,0.238678440451622
1290,LGH020002,"[0.575781, 0.699537, 0.028646, 0.026852]",val,dbscam_euclidean,0,False,True,0.19893111288547516
1290,LGH020002,"[0.702083, 0.668519, 0.046875, 0.040741]",val,dbscam_euclidean,0,False,True,0.2842220962047577
1290,LGH020002,"[0.64349, 0.510648, 0.016146, 0.015741]",val,dbscam_euclidean,0,False,True,0.4295996427536011
1290,LGH020002,"[0.642448, 0.451389, 0.038021, 0.023148]",val,dbscam_euclidean,0,False,True,0.2669259309768677
1290,LGH020002,"[0.957552, 0.371759, 0.083854, 0.060185]",val,dbscam_euclidean,0,False,True,0.5112901926040649
1290,LGH020002,"[0.324479, 0.163426, 0.016667, 0.026852]",val,dbscam_euclidean,0,False,True,0.33932092785835266
1290,LGH020002,"[0.519271, 0.906944, 0.029167, 0.052778]",val,dbscam_euclidean,0,False,True,0.2803118824958801
1290,LGH020002,"[0.09974, 0.256019, 0.030729, 0.028704]",val,dbscam_euclidean,0,False,True,0.25323542952537537
1290,LGH020002,"[0.550521, 0.815741, 0.019792, 0.024074]",val,dbscam_euclidean,0,False,True,0.29829227924346924
1290,LGH020002,"[0.316146, 0.456944, 0.025, 0.023148]",val,dbscam_euclidean,0,False,True,0.2852526605129242
1290,LGH020002,"[0.661198, 0.824074, 0.035937, 0.077778]",val,dbscam_euclidean,0,False,True,0.4227502644062042
1290,LGH020002,"[0.707812, 0.631481, 0.05, 0.033333]",val,dbscam_euclidean,0,False,True,0.28716135025024414
1290,LGH020002,"[0.582292, 0.858796, 0.032292, 0.043519]",val,dbscam_euclidean,0,False,True,0.295403391122818
1290,LGH020002,"[0.2625, 0.394444, 0.025, 0.025926]",val,dbscam_euclidean,0,False,True,0.2463899850845337
1290,LGH020002,"[0.397396, 0.765278, 0.026042, 0.041667]",val,dbscam_euclidean,0,False,True,0.26233184337615967
1290,LGH020002,"[0.947917, 0.162037, 0.011458, 0.016667]",val,dbscam_euclidean,0,False,True,0.37509071826934814
1290,LGH020002,"[0.527083, 0.72037, 0.023958, 0.037037]",val,dbscam_euclidean,0,False,True,0.23608897626399994
1290,LGH020002,"[0.354427, 0.285648, 0.011979, 0.017593]",val,dbscam_euclidean,0,False,True,0.4139880836009979
1290,LGH020002,"[0.413542, 0.44213, 0.058333, 0.025]",val,dbscam_euclidean,0,False,True,0.2600357234477997
1290,LGH020002,"[0.620052, 0.413426, 0.025521, 0.021296]",val,dbscam_euclidean,0,False,True,0.35345131158828735
1290,LGH020002,"[0.679688, 0.675, 0.034375, 0.085185]",val,dbscam_euclidean,0,False,True,0.46463361382484436
1290,LGH020002,"[0.378646, 0.416667, 0.025, 0.022222]",val,dbscam_euclidean,0,False,True,0.27777549624443054
1290,LGH020002,"[0.580469, 0.726852, 0.034896, 0.038889]",val,dbscam_euclidean,0,False,True,0.2705548405647278
1290,LGH020002,"[0.709896, 0.566204, 0.008333, 0.015741]",val,dbscam_euclidean,0,False,True,0.45756950974464417
1290,LGH020002,"[0.4, 0.437963, 0.032292, 0.018519]",val,dbscam_euclidean,0,False,True,0.3042882978916168
1290,LGH020002,"[0.947917, 0.014352, 0.016667, 0.028704]",val,dbscam_euclidean,0,False,True,0.2942979633808136
1290,LGH020002,"[0.572917, 0.621296, 0.033333, 0.038889]",val,dbscam_euclidean,0,False,True,0.23550167679786682
1290,LGH020002,"[0.614062, 0.852778, 0.008333, 0.02963]",val,dbscam_euclidean,0,False,True,0.42595967650413513
1290,LGH020002,"[0.672396, 0.559259, 0.058333, 0.033333]",val,dbscam_euclidean,0,False,True,0.3275095224380493
1290,LGH020002,"[0.634115, 0.65787, 0.040104, 0.023148]",val,dbscam_euclidean,0,False,True,0.27097877860069275
1290,LGH020002,"[0.627083, 0.3875, 0.067708, 0.062037]",val,dbscam_euclidean,0,False,True,0.38488733768463135
1290,LGH020002,"[0.69974, 0.596296, 0.046354, 0.02037]",val,dbscam_euclidean,0,False,True,0.34356823563575745
1290,LGH020002,"[0.632812, 0.619907, 0.04375, 0.050926]",val,dbscam_euclidean,0,False,True,0.3133663237094879
1290,LGH020002,"[0.760677, 0.286574, 0.014063, 0.052778]",val,dbscam_euclidean,0,False,True,0.4024989604949951
1290,LGH020002,"[0.502865, 0.441667, 0.033854, 0.035185]",val,dbscam_euclidean,0,False,True,0.2274370789527893
1290,LGH020002,"[0.68099, 0.493981, 0.040104, 0.047222]",val,dbscam_euclidean,0,False,True,0.26238948106765747
1290,LGH020002,"[0.558594, 0.50787, 0.038021, 0.052778]",val,dbscam_euclidean,0,False,True,0.3008369505405426
1290,LGH020002,"[0.655729, 0.520833, 0.040625, 0.036111]",val,dbscam_euclidean,0,False,True,0.3090721368789673
1290,LGH020002,"[0.467187, 0.643519, 0.027083, 0.040741]",val,dbscam_euclidean,0,False,True,0.2472708821296692
1290,LGH020002,"[0.570833, 0.734722, 0.015625, 0.021296]",val,dbscam_euclidean,0,False,True,0.3249792158603668
1290,LGH020002,"[0.640625, 0.608796, 0.028125, 0.028704]",val,dbscam_euclidean,0,False,True,0.2129397839307785
1290,LGH020002,"[0.3125, 0.937963, 0.010417, 0.014815]",val,dbscam_euclidean,0,False,True,0.38958442211151123
1290,LGH020002,"[0.648958, 0.608796, 0.011458, 0.028704]",val,dbscam_euclidean,0,False,True,0.33643418550491333
1290,LGH020002,"[0.865885, 0.985648, 0.026562, 0.025]",val,dbscam_euclidean,0,False,True,0.2401571273803711
1290,LGH020002,"[0.735417, 0.668056, 0.033333, 0.036111]",val,dbscam_euclidean,0,False,True,0.26886677742004395
1290,LGH020002,"[0.897953, 0.534877, 0.093672, 0.06617]",val,dbscam_euclidean,0,False,True,0.5293969511985779
1290,LGH020002,"[0.891439, 0.449959, 0.1067, 0.037497]",val,dbscam_euclidean,0,False,True,0.47463732957839966
1290,LGH020002,"[0.954404, 0.43121, 0.083747, 0.035291]",val,dbscam_euclidean,0,False,True,0.3396252691745758
1290,LGH020002,"[0.899814, 0.635236, 0.103598, 0.057348]",val,dbscam_euclidean,0,False,True,0.5228482484817505
1800,LGH020002,"[0.523438, 0.772222, 0.021875, 0.037037]",val,dbscam_euclidean,0,False,True,0.290903240442276
1800,LGH020002,"[0.230729, 0.416204, 0.059375, 0.119444]",val,dbscam_euclidean,0,False,True,0.5322060585021973
1800,LGH020002,"[0.214062, 0.894907, 0.042708, 0.089815]",val,dbscam_euclidean,0,False,True,0.3953046202659607
1800,LGH020002,"[0.129427, 0.391667, 0.026562, 0.094444]",val,dbscam_euclidean,0,False,True,0.32727718353271484
1800,LGH020002,"[0.422135, 0.224074, 0.030729, 0.051852]",val,dbscam_euclidean,0,False,True,0.286805659532547
1800,LGH020002,"[0.138542, 0.222685, 0.010417, 0.052778]",val,dbscam_euclidean,0,False,True,0.3981016278266907
1800,LGH020002,"[0.897656, 0.812037, 0.068229, 0.07963]",val,dbscam_euclidean,0,False,True,0.45177963376045227
1800,LGH020002,"[0.389062, 0.914815, 0.01875, 0.059259]",val,dbscam_euclidean,0,False,True,0.3032750189304352
1800,LGH020002,"[0.95625, 0.974537, 0.040625, 0.049074]",val,dbscam_euclidean,0,False,True,0.27462905645370483
1800,LGH020002,"[0.844271, 0.108333, 0.052083, 0.027778]",val,dbscam_euclidean,0,False,True,0.2723773419857025
1800,LGH020002,"[0.319271, 0.602315, 0.033333, 0.026852]",val,dbscam_euclidean,0,False,True,0.37951260805130005
1800,LGH020002,"[0.433594, 0.171296, 0.019271, 0.07037]",val,dbscam_euclidean,0,False,True,0.31909364461898804
1800,LGH020002,"[0.425781, 0.539815, 0.016146, 0.012963]",val,dbscam_euclidean,0,False,True,0.412259578704834
1800,LGH020002,"[0.208073, 0.170833, 0.057813, 0.036111]",val,dbscam_euclidean,0,False,True,0.2845001518726349
1800,LGH020002,"[0.807031, 0.70463, 0.022396, 0.083333]",val,dbscam_euclidean,0,False,True,0.3143685460090637
1800,LGH020002,"[0.9875, 0.294907, 0.015625, 0.028704]",val,dbscam_euclidean,0,False,True,0.35554376244544983
1800,LGH020002,"[0.727865, 0.706019, 0.020313, 0.017593]",val,dbscam_euclidean,0,False,True,0.375153511762619
1800,LGH020002,"[0.082812, 0.489352, 0.033333, 0.065741]",val,dbscam_euclidean,0,False,True,0.375727117061615
1800,LGH020002,"[0.409115, 0.65787, 0.043229, 0.021296]",val,dbscam_euclidean,0,False,True,0.3461802303791046
1800,LGH020002,"[0.065365, 0.82037, 0.030729, 0.025926]",val,dbscam_euclidean,0,False,True,0.2545821964740753
1800,LGH020002,"[0.489063, 0.710648, 0.027083, 0.036111]",val,dbscam_euclidean,0,False,True,0.28482726216316223
1800,LGH020002,"[0.695052, 0.05, 0.028646, 0.055556]",val,dbscam_euclidean,0,False,True,0.2685410678386688
1800,LGH020002,"[0.365885, 0.67963, 0.024479, 0.040741]",val,dbscam_euclidean,0,False,True,0.2125372588634491
1800,LGH020002,"[0.717187, 0.752315, 0.030208, 0.015741]",val,dbscam_euclidean,0,False,True,0.3601476550102234
1800,LGH020002,"[0.061198, 0.646759, 0.058854, 0.037963]",val,dbscam_euclidean,0,False,True,0.32373470067977905
1800,LGH020002,"[0.586458, 0.666204, 0.022917, 0.032407]",val,dbscam_euclidean,0,False,True,0.291690856218338
1800,LGH020002,"[0.37526, 0.966667, 0.010937, 0.022222]",val,dbscam_euclidean,0,False,True,0.453098863363266
1800,LGH020002,"[0.017448, 0.775463, 0.034896, 0.050926]",val,dbscam_euclidean,0,False,True,0.2578292787075043
1800,LGH020002,"[0.479687, 0.860648, 0.019792, 0.032407]",val,dbscam_euclidean,0,False,True,0.3831481337547302
1800,LGH020002,"[0.596615, 0.725926, 0.028646, 0.025926]",val,dbscam_euclidean,0,False,True,0.33667728304862976
1800,LGH020002,"[0.400521, 0.961111, 0.023958, 0.031481]",val,dbscam_euclidean,0,False,True,0.2391543686389923
1800,LGH020002,"[0.073438, 0.736111, 0.010417, 0.016667]",val,dbscam_euclidean,0,False,True,0.38117340207099915
1800,LGH020002,"[0.977083, 0.274537, 0.0375, 0.063889]",val,dbscam_euclidean,0,False,True,0.34060221910476685
1800,LGH020002,"[0.679591, 0.586711, 0.05397, 0.105873]",val,dbscam_euclidean,0,False,True,0.47691628336906433
1800,LGH020002,"[0.701923, 0.779708, 0.060174, 0.086022]",val,dbscam_euclidean,0,False,True,0.47421374917030334
1800,LGH020002,"[0.44603, 0.783568, 0.028536, 0.080507]",val,dbscam_euclidean,0,False,True,0.3040796220302582
1800,LGH020002,"[0.362903, 0.80783, 0.037221, 0.065068]",val,dbscam_euclidean,0,False,True,0.30992433428764343
1800,LGH020002,"[0.515819, 0.439482, 0.03536, 0.08933]",val,dbscam_euclidean,0,False,True,0.3892301917076111
1800,LGH020002,"[0.548697, 0.303832, 0.037841, 0.058451]",val,dbscam_euclidean,0,False,True,0.2797446548938751
2190,LGH020002,"[0.953385, 0.020833, 0.083854, 0.041667]",val,dbscam_euclidean,0,False,True,0.3222694396972656
2190,LGH020002,"[0.720573, 0.386111, 0.061979, 0.035185]",val,dbscam_euclidean,0,False,True,0.2788345217704773
2190,LGH020002,"[0.064062, 0.305093, 0.128125, 0.084259]",val,dbscam_euclidean,0,False,True,0.5668042898178101
2190,LGH020002,"[0.18125, 0.071296, 0.020833, 0.142593]",val,dbscam_euclidean,-1,True,False,
2190,LGH020002,"[0.328646, 0.255093, 0.048958, 0.047222]",val,dbscam_euclidean,0,False,True,0.2742520868778229
2190,LGH020002,"[0.561719, 0.24213, 0.038021, 0.078704]",val,dbscam_euclidean,0,False,True,0.3750075399875641
2190,LGH020002,"[0.055729, 0.584722, 0.111458, 0.060185]",val,dbscam_euclidean,0,False,True,0.5453113913536072
2190,LGH020002,"[0.671354, 0.420833, 0.0625, 0.036111]",val,dbscam_euclidean,0,False,True,0.31616514921188354
2190,LGH020002,"[0.635156, 0.512037, 0.065104, 0.033333]",val,dbscam_euclidean,0,False,True,0.39447087049484253
2190,LGH020002,"[0.815885, 0.25, 0.083854, 0.098148]",val,dbscam_euclidean,-1,True,False,
2190,LGH020002,"[0.896094, 0.375, 0.063021, 0.051852]",val,dbscam_euclidean,0,False,True,0.2685661315917969
2190,LGH020002,"[0.796354, 0.728704, 0.039583, 0.077778]",val,dbscam_euclidean,0,False,True,0.38498345017433167
2190,LGH020002,"[0.471094, 0.390278, 0.025521, 0.025]",val,dbscam_euclidean,0,False,True,0.32095324993133545
2190,LGH020002,"[0.211198, 0.772222, 0.043229, 0.064815]",val,dbscam_euclidean,0,False,True,0.3165541887283325
2190,LGH020002,"[0.738542, 0.722222, 0.066667, 0.07963]",val,dbscam_euclidean,0,False,True,0.46671944856643677
2190,LGH020002,"[0.35651, 0.462037, 0.054688, 0.042593]",val,dbscam_euclidean,0,False,True,0.2687795162200928
2190,LGH020002,"[0.969271, 0.724074, 0.060417, 0.062963]",val,dbscam_euclidean,0,False,True,0.3783861994743347
2190,LGH020002,"[0.910937, 0.122222, 0.05625, 0.024074]",val,dbscam_euclidean,0,False,True,0.37190917134284973
2190,LGH020002,"[0.07526, 0.038889, 0.040104, 0.077778]",val,dbscam_euclidean,0,False,True,0.36322975158691406
2190,LGH020002,"[0.363542, 0.346759, 0.040625, 0.058333]",val,dbscam_euclidean,0,False,True,0.2869773805141449
2190,LGH020002,"[0.653125, 0.588426, 0.023958, 0.017593]",val,dbscam_euclidean,0,False,True,0.4405943751335144
2190,LGH020002,"[0.257812, 0.347222, 0.042708, 0.035185]",val,dbscam_euclidean,0,False,True,0.2237412929534912
2190,LGH020002,"[0.704948, 0.788426, 0.046354, 0.084259]",val,dbscam_euclidean,0,False,True,0.39323461055755615
2190,LGH020002,"[0.38099, 0.436574, 0.041146, 0.021296]",val,dbscam_euclidean,0,False,True,0.35099509358406067
2190,LGH020002,"[0.019271, 0.461574, 0.038542, 0.028704]",val,dbscam_euclidean,0,False,True,0.3239074647426605
2190,LGH020002,"[0.685677, 0.256944, 0.052604, 0.023148]",val,dbscam_euclidean,0,False,True,0.3592483103275299
2190,LGH020002,"[0.534115, 0.461574, 0.032813, 0.036111]",val,dbscam_euclidean,0,False,True,0.23367926478385925
2190,LGH020002,"[0.242708, 0.05, 0.01875, 0.02963]",val,dbscam_euclidean,0,False,True,0.29165148735046387
2190,LGH020002,"[0.651042, 0.269444, 0.028125, 0.055556]",val,dbscam_euclidean,0,False,True,0.27649518847465515
2190,LGH020002,"[0.296094, 0.29537, 0.046354, 0.059259]",val,dbscam_euclidean,0,False,True,0.3082190454006195
2190,LGH020002,"[0.466927, 0.015278, 0.013021, 0.026852]",val,dbscam_euclidean,0,False,True,0.4240805208683014
2190,LGH020002,"[0.734115, 0.786111, 0.029687, 0.057407]",val,dbscam_euclidean,0,False,True,0.28355029225349426
2190,LGH020002,"[0.479687, 0.049074, 0.038542, 0.094444]",val,dbscam_euclidean,0,False,True,0.4602205455303192
2190,LGH020002,"[0.44974, 0.461111, 0.033854, 0.022222]",val,dbscam_euclidean,0,False,True,0.38928166031837463
2190,LGH020002,"[0.049479, 0.922685, 0.027083, 0.036111]",val,dbscam_euclidean,0,False,True,0.2766125500202179
2190,LGH020002,"[0.052865, 0.865741, 0.014063, 0.016667]",val,dbscam_euclidean,0,False,True,0.4119931161403656
2190,LGH020002,"[0.829427, 0.725926, 0.063021, 0.040741]",val,dbscam_euclidean,0,False,True,0.27809983491897583
2190,LGH020002,"[0.670052, 0.454167, 0.038021, 0.028704]",val,dbscam_euclidean,0,False,True,0.25151196122169495
2190,LGH020002,"[0.235937, 0.11713, 0.015625, 0.025]",val,dbscam_euclidean,0,False,True,0.40217286348342896
2190,LGH020002,"[0.651563, 0.617593, 0.0125, 0.024074]",val,dbscam_euclidean,0,False,True,0.45358315110206604
2190,LGH020002,"[0.410938, 0.344444, 0.017708, 0.042593]",val,dbscam_euclidean,0,False,True,0.2823227345943451
2190,LGH020002,"[0.75599, 0.976389, 0.021354, 0.04537]",val,dbscam_euclidean,0,False,True,0.23204226791858673
2190,LGH020002,"[0.325521, 0.29537, 0.027083, 0.022222]",val,dbscam_euclidean,0,False,True,0.30124691128730774
2190,LGH020002,"[0.535677, 0.491204, 0.050521, 0.028704]",val,dbscam_euclidean,0,False,True,0.3396899998188019
2190,LGH020002,"[0.983333, 0.73287, 0.032292, 0.043519]",val,dbscam_euclidean,0,False,True,0.322477251291275
2190,LGH020002,"[0.011458, 0.277315, 0.022917, 0.028704]",val,dbscam_euclidean,0,False,True,0.2560466527938843
2190,LGH020002,"[0.445573, 0.362963, 0.018229, 0.02037]",val,dbscam_euclidean,0,False,True,0.37224286794662476
2190,LGH020002,"[0.627865, 0.602315, 0.059896, 0.056481]",val,dbscam_euclidean,0,False,True,0.3250497579574585
2190,LGH020002,"[0.541927, 0.537037, 0.030729, 0.027778]",val,dbscam_euclidean,0,False,True,0.30028727650642395
2190,LGH020002,"[0.101042, 0.574074, 0.021875, 0.040741]",val,dbscam_euclidean,0,False,True,0.2549765706062317
2190,LGH020002,"[0.447135, 0.373148, 0.022396, 0.040741]",val,dbscam_euclidean,0,False,True,0.2610432803630829
2190,LGH020002,"[0.674479, 0.269444, 0.076042, 0.055556]",val,dbscam_euclidean,0,False,True,0.3830837309360504
2190,LGH020002,"[0.941667, 0.0625, 0.10625, 0.125]",val,dbscam_euclidean,-1,True,False,
2190,LGH020002,"[0.05599, 0.544907, 0.111979, 0.141667]",val,dbscam_euclidean,0,False,False,0.6835870742797852
2190,LGH020002,"[0.970313, 0.963889, 0.007292, 0.018519]",val,dbscam_euclidean,0,False,True,0.4614156484603882
690,LGH020002,"[0.229427, 0.115741, 0.086979, 0.231481]",val,dbscam_euclidean,-1,True,False,
690,LGH020002,"[0.659896, 0.131019, 0.065625, 0.117593]",val,dbscam_euclidean,0,False,True,0.4888753294944763
690,LGH020002,"[0.501823, 0.395833, 0.045312, 0.09537]",val,dbscam_euclidean,0,False,True,0.3708920180797577
690,LGH020002,"[0.734896, 0.219444, 0.045833, 0.083333]",val,dbscam_euclidean,0,False,True,0.35530000925064087
690,LGH020002,"[0.730729, 0.366667, 0.044792, 0.024074]",val,dbscam_euclidean,0,False,True,0.3758642375469208
690,LGH020002,"[0.567448, 0.371296, 0.067187, 0.1]",val,dbscam_euclidean,0,False,True,0.47311097383499146
690,LGH020002,"[0.408333, 0.39213, 0.061458, 0.099074]",val,dbscam_euclidean,0,False,True,0.43862006068229675
690,LGH020002,"[0.65651, 0.565741, 0.042188, 0.07963]",val,dbscam_euclidean,0,False,True,0.3283393383026123
690,LGH020002,"[0.627865, 0.42963, 0.032813, 0.07963]",val,dbscam_euclidean,0,False,True,0.3371216058731079
690,LGH020002,"[0.640104, 0.340278, 0.051042, 0.037963]",val,dbscam_euclidean,0,False,True,0.2737369239330292
690,LGH020002,"[0.434896, 0.330556, 0.059375, 0.112963]",val,dbscam_euclidean,0,False,True,0.4987563490867615
690,LGH020002,"[0.701042, 0.445833, 0.038542, 0.047222]",val,dbscam_euclidean,0,False,True,0.31353020668029785
690,LGH020002,"[0.584375, 0.595833, 0.021875, 0.021296]",val,dbscam_euclidean,0,False,True,0.3733389675617218
690,LGH020002,"[0.75599, 0.416667, 0.055729, 0.037037]",val,dbscam_euclidean,0,False,True,0.2927120625972748
690,LGH020002,"[0.967969, 0.888426, 0.063021, 0.073148]",val,dbscam_euclidean,0,False,True,0.4060012102127075
690,LGH020002,"[0.705469, 0.34537, 0.069271, 0.068519]",val,dbscam_euclidean,0,False,True,0.3726559579372406
690,LGH020002,"[0.458073, 0.253704, 0.051562, 0.12963]",val,dbscam_euclidean,0,False,True,0.48751354217529297
690,LGH020002,"[0.396094, 0.25463, 0.066146, 0.248148]",val,dbscam_euclidean,-1,True,False,
690,LGH020002,"[0.576562, 0.469444, 0.057292, 0.07037]",val,dbscam_euclidean,0,False,True,0.3049154579639435
690,LGH020002,"[0.144792, 0.531944, 0.098958, 0.04537]",val,dbscam_euclidean,0,False,True,0.3900640904903412
690,LGH020002,"[0.341146, 0.327778, 0.053125, 0.044444]",val,dbscam_euclidean,0,False,True,0.2884048521518707
690,LGH020002,"[0.299479, 0.10787, 0.038542, 0.143519]",val,dbscam_euclidean,0,False,True,0.4660874009132385
690,LGH020002,"[0.877865, 0.268981, 0.042188, 0.036111]",val,dbscam_euclidean,0,False,True,0.2651650905609131
690,LGH020002,"[0.740365, 0.286574, 0.040104, 0.062037]",val,dbscam_euclidean,0,False,True,0.32559412717819214
690,LGH020002,"[0.577865, 0.436574, 0.089063, 0.069444]",val,dbscam_euclidean,0,False,True,0.42449694871902466
690,LGH020002,"[0.163542, 0.64213, 0.146875, 0.089815]",val,dbscam_euclidean,0,False,False,0.5722366571426392
690,LGH020002,"[0.702865, 0.485648, 0.068229, 0.037963]",val,dbscam_euclidean,0,False,True,0.32637515664100647
690,LGH020002,"[0.565104, 0.540741, 0.039583, 0.035185]",val,dbscam_euclidean,0,False,True,0.28154364228248596
690,LGH020002,"[0.548698, 0.275926, 0.033854, 0.081481]",val,dbscam_euclidean,0,False,True,0.3077954351902008
690,LGH020002,"[0.41875, 0.929167, 0.060417, 0.137963]",val,dbscam_euclidean,0,False,True,0.5052306652069092
690,LGH020002,"[0.882812, 0.341204, 0.057292, 0.062037]",val,dbscam_euclidean,0,False,True,0.3219097852706909
690,LGH020002,"[0.870833, 0.204167, 0.033333, 0.060185]",val,dbscam_euclidean,0,False,True,0.2846362590789795
690,LGH020002,"[0.7875, 0.249537, 0.083333, 0.089815]",val,dbscam_euclidean,0,False,True,0.4899749159812927
690,LGH020002,"[0.471094, 0.731019, 0.024479, 0.075]",val,dbscam_euclidean,0,False,True,0.29977309703826904
690,LGH020002,"[0.019531, 0.283333, 0.027604, 0.037037]",val,dbscam_euclidean,0,False,True,0.3440935015678406
690,LGH020002,"[0.670052, 0.633333, 0.031771, 0.025926]",val,dbscam_euclidean,0,False,True,0.3498249650001526
690,LGH020002,"[0.917188, 0.704167, 0.079167, 0.032407]",val,dbscam_euclidean,0,False,True,0.3501962721347809
690,LGH020002,"[0.417187, 0.467593, 0.073958, 0.112963]",val,dbscam_euclidean,0,False,True,0.5089907050132751
690,LGH020002,"[0.666927, 0.75787, 0.022396, 0.032407]",val,dbscam_euclidean,0,False,True,0.31337419152259827
690,LGH020002,"[0.828385, 0.13287, 0.009896, 0.023148]",val,dbscam_euclidean,0,False,True,0.4938249886035919
690,LGH020002,"[0.969792, 0.288889, 0.059375, 0.098148]",val,dbscam_euclidean,0,False,True,0.40992769598960876
690,LGH020002,"[0.701562, 0.40787, 0.039583, 0.041667]",val,dbscam_euclidean,0,False,True,0.31366023421287537
690,LGH020002,"[0.197135, 0.340278, 0.011979, 0.013889]",val,dbscam_euclidean,0,False,True,0.4563044309616089
690,LGH020002,"[0.484375, 0.200463, 0.0125, 0.071296]",val,dbscam_euclidean,0,False,True,0.4592430293560028
690,LGH020002,"[0.324479, 0.587037, 0.053125, 0.035185]",val,dbscam_euclidean,0,False,True,0.3006035089492798
690,LGH020002,"[0.175781, 0.107407, 0.015104, 0.009259]",val,dbscam_euclidean,0,False,True,0.45279499888420105
690,LGH020002,"[0.313542, 0.594444, 0.029167, 0.018519]",val,dbscam_euclidean,0,False,True,0.4227191209793091
690,LGH020002,"[0.641146, 0.473611, 0.04375, 0.021296]",val,dbscam_euclidean,0,False,True,0.35416585206985474
690,LGH020002,"[0.86224, 0.190741, 0.067187, 0.087037]",val,dbscam_euclidean,0,False,True,0.40013042092323303
690,LGH020002,"[0.202604, 0.986111, 0.058333, 0.024074]",val,dbscam_euclidean,0,False,True,0.38719409704208374
690,LGH020002,"[0.69401, 0.851852, 0.010937, 0.02037]",val,dbscam_euclidean,0,False,True,0.4877167344093323
690,LGH020002,"[0.732812, 0.397222, 0.048958, 0.085185]",val,dbscam_euclidean,0,False,True,0.3855418264865875
690,LGH020002,"[0.952865, 0.290741, 0.026562, 0.011111]",val,dbscam_euclidean,0,False,True,0.5068283677101135
690,LGH020002,"[0.905208, 0.346296, 0.013542, 0.014815]",val,dbscam_euclidean,0,False,True,0.4664553701877594
690,LGH020002,"[0.568229, 0.569444, 0.011458, 0.038889]",val,dbscam_euclidean,0,False,True,0.48756614327430725
690,LGH020002,"[0.986458, 0.288426, 0.026042, 0.017593]",val,dbscam_euclidean,0,False,True,0.406581848859787
690,LGH020002,"[0.690365, 0.611574, 0.006771, 0.023148]",val,dbscam_euclidean,0,False,True,0.47036421298980713
690,LGH020002,"[0.746354, 0.269907, 0.028125, 0.030556]",val,dbscam_euclidean,0,False,True,0.35230395197868347
690,LGH020002,"[0.904687, 0.331944, 0.014583, 0.043519]",val,dbscam_euclidean,0,False,True,0.3401755094528198
690,LGH020002,"[0.619417, 0.796802, 0.034119, 0.076096]",val,dbscam_euclidean,0,False,True,0.37318190932273865
1860,LGH020002,"[0.376042, 0.893056, 0.067708, 0.117593]",val,dbscam_euclidean,0,False,False,0.6185750961303711
1860,LGH020002,"[0.220573, 0.942593, 0.074479, 0.048148]",val,dbscam_euclidean,0,False,True,0.33494189381599426
1860,LGH020002,"[0.490625, 0.606944, 0.036458, 0.030556]",val,dbscam_euclidean,0,False,True,0.25106340646743774
1860,LGH020002,"[0.046875, 0.276852, 0.09375, 0.187037]",val,dbscam_euclidean,-1,True,False,
1860,LGH020002,"[0.604427, 0.433796, 0.040104, 0.063889]",val,dbscam_euclidean,0,False,True,0.3004179894924164
1860,LGH020002,"[0.689844, 0.453704, 0.021354, 0.02963]",val,dbscam_euclidean,0,False,True,0.32128918170928955
1860,LGH020002,"[0.435156, 0.604167, 0.046354, 0.028704]",val,dbscam_euclidean,0,False,True,0.30418944358825684
1860,LGH020002,"[0.283073, 0.981019, 0.036979, 0.036111]",val,dbscam_euclidean,0,False,True,0.24116282165050507
1860,LGH020002,"[0.740104, 0.752778, 0.053125, 0.055556]",val,dbscam_euclidean,0,False,True,0.30944108963012695
1860,LGH020002,"[0.460417, 0.633333, 0.05, 0.040741]",val,dbscam_euclidean,0,False,True,0.20380207896232605
1860,LGH020002,"[0.222656, 0.773148, 0.048438, 0.048148]",val,dbscam_euclidean,0,False,True,0.23977254331111908
1860,LGH020002,"[0.881771, 0.852315, 0.058333, 0.067593]",val,dbscam_euclidean,0,False,True,0.35487931966781616
1860,LGH020002,"[0.598698, 0.5875, 0.025521, 0.019444]",val,dbscam_euclidean,0,False,True,0.39416226744651794
1860,LGH020002,"[0.452865, 0.907407, 0.046354, 0.085185]",val,dbscam_euclidean,0,False,True,0.39079049229621887
1860,LGH020002,"[0.188542, 0.044907, 0.047917, 0.034259]",val,dbscam_euclidean,0,False,True,0.23566587269306183
1860,LGH020002,"[0.66224, 0.812037, 0.054688, 0.035185]",val,dbscam_euclidean,0,False,True,0.26420047879219055
1860,LGH020002,"[0.220833, 0.63287, 0.044792, 0.026852]",val,dbscam_euclidean,0,False,True,0.2899499535560608
1860,LGH020002,"[0.429167, 0.452315, 0.04375, 0.058333]",val,dbscam_euclidean,0,False,True,0.3453909754753113
1860,LGH020002,"[0.636458, 0.397222, 0.028125, 0.05]",val,dbscam_euclidean,0,False,True,0.2992953360080719
1860,LGH020002,"[0.69349, 0.625463, 0.036979, 0.026852]",val,dbscam_euclidean,0,False,True,0.2853788435459137
1860,LGH020002,"[0.33125, 0.649074, 0.060417, 0.038889]",val,dbscam_euclidean,0,False,True,0.27477186918258667
1860,LGH020002,"[0.542188, 0.499537, 0.042708, 0.026852]",val,dbscam_euclidean,0,False,True,0.2770055830478668
1860,LGH020002,"[0.89375, 0.72963, 0.053125, 0.061111]",val,dbscam_euclidean,0,False,True,0.33584919571876526
1860,LGH020002,"[0.61849, 0.510648, 0.035937, 0.049074]",val,dbscam_euclidean,0,False,True,0.32297083735466003
1860,LGH020002,"[0.981771, 0.967593, 0.035417, 0.057407]",val,dbscam_euclidean,0,False,True,0.25783678889274597
1860,LGH020002,"[0.56276, 0.34537, 0.024479, 0.018519]",val,dbscam_euclidean,0,False,True,0.4019677937030792
1860,LGH020002,"[0.760677, 0.958796, 0.061979, 0.080556]",val,dbscam_euclidean,0,False,True,0.4523110091686249
1860,LGH020002,"[0.311719, 0.279167, 0.013021, 0.023148]",val,dbscam_euclidean,0,False,True,0.45124879479408264
1860,LGH020002,"[0.410677, 0.261574, 0.009896, 0.030556]",val,dbscam_euclidean,0,False,True,0.48190736770629883
1860,LGH020002,"[0.807552, 0.790741, 0.046354, 0.048148]",val,dbscam_euclidean,0,False,True,0.26727214455604553
1860,LGH020002,"[0.855208, 0.87963, 0.04375, 0.068519]",val,dbscam_euclidean,0,False,True,0.3098064661026001
1860,LGH020002,"[0.930469, 0.40787, 0.031771, 0.026852]",val,dbscam_euclidean,0,False,True,0.24626167118549347
1860,LGH020002,"[0.45599, 0.721296, 0.018229, 0.048148]",val,dbscam_euclidean,0,False,True,0.3919309377670288
1860,LGH020002,"[0.417448, 0.701852, 0.030729, 0.040741]",val,dbscam_euclidean,0,False,True,0.21742726862430573
1860,LGH020002,"[0.238542, 0.266204, 0.011458, 0.013889]",val,dbscam_euclidean,0,False,True,0.42577341198921204
1860,LGH020002,"[0.269271, 0.448611, 0.0375, 0.039815]",val,dbscam_euclidean,0,False,True,0.26935261487960815
1860,LGH020002,"[0.732292, 0.488889, 0.026042, 0.02963]",val,dbscam_euclidean,0,False,True,0.27247390151023865
1860,LGH020002,"[0.680469, 0.505093, 0.055729, 0.078704]",val,dbscam_euclidean,0,False,True,0.36961808800697327
1860,LGH020002,"[0.826302, 0.9625, 0.059896, 0.073148]",val,dbscam_euclidean,0,False,True,0.39363664388656616
1860,LGH020002,"[0.876042, 0.802315, 0.032292, 0.05463]",val,dbscam_euclidean,0,False,True,0.23404468595981598
1860,LGH020002,"[0.990625, 0.764815, 0.017708, 0.035185]",val,dbscam_euclidean,0,False,True,0.3210585117340088
1860,LGH020002,"[0.442188, 0.575, 0.057292, 0.038889]",val,dbscam_euclidean,0,False,True,0.29001516103744507
1860,LGH020002,"[0.079167, 0.35, 0.028125, 0.042593]",val,dbscam_euclidean,0,False,True,0.24941954016685486
1860,LGH020002,"[0.584115, 0.551389, 0.030729, 0.021296]",val,dbscam_euclidean,0,False,True,0.3089525103569031
1860,LGH020002,"[0.669792, 0.650463, 0.047917, 0.039815]",val,dbscam_euclidean,0,False,True,0.2355278879404068
1860,LGH020002,"[0.570573, 0.465741, 0.015104, 0.02037]",val,dbscam_euclidean,0,False,True,0.46186167001724243
1860,LGH020002,"[0.478906, 0.569907, 0.029687, 0.021296]",val,dbscam_euclidean,0,False,True,0.4475369155406952
1860,LGH020002,"[0.721354, 0.703241, 0.033333, 0.028704]",val,dbscam_euclidean,0,False,True,0.2279711812734604
1860,LGH020002,"[0.41224, 0.730093, 0.039062, 0.026852]",val,dbscam_euclidean,0,False,True,0.2845415771007538
1860,LGH020002,"[0.504427, 0.751389, 0.029687, 0.019444]",val,dbscam_euclidean,0,False,True,0.3476353585720062
1860,LGH020002,"[0.327865, 0.90787, 0.021354, 0.032407]",val,dbscam_euclidean,0,False,True,0.3039950728416443
1860,LGH020002,"[0.057031, 0.203704, 0.013021, 0.014815]",val,dbscam_euclidean,0,False,True,0.43822818994522095
1860,LGH020002,"[0.671875, 0.593981, 0.070833, 0.034259]",val,dbscam_euclidean,0,False,True,0.2881304621696472
1860,LGH020002,"[0.522656, 0.682407, 0.059896, 0.053704]",val,dbscam_euclidean,0,False,True,0.3026122450828552
1860,LGH020002,"[0.264062, 0.870833, 0.076042, 0.082407]",val,dbscam_euclidean,0,False,True,0.5140035152435303
1860,LGH020002,"[0.727865, 0.42963, 0.047396, 0.103704]",val,dbscam_euclidean,0,False,True,0.42030787467956543
1860,LGH020002,"[0.566146, 0.583333, 0.058333, 0.061111]",val,dbscam_euclidean,0,False,True,0.35267752408981323
1860,LGH020002,"[0.364583, 0.693056, 0.065625, 0.065741]",val,dbscam_euclidean,0,False,True,0.3686974346637726
1860,LGH020002,"[0.403385, 0.60463, 0.014063, 0.05]",val,dbscam_euclidean,0,False,True,0.3973492980003357
1860,LGH020002,"[0.877865, 0.978241, 0.049479, 0.041667]",val,dbscam_euclidean,0,False,True,0.28777897357940674
1860,LGH020002,"[0.546354, 0.518519, 0.028125, 0.018519]",val,dbscam_euclidean,0,False,True,0.3546786904335022
1860,LGH020002,"[0.709375, 0.765278, 0.022917, 0.04537]",val,dbscam_euclidean,0,False,True,0.23197883367538452
1860,LGH020002,"[0.921094, 0.731944, 0.029687, 0.041667]",val,dbscam_euclidean,0,False,True,0.25298580527305603
1860,LGH020002,"[0.596615, 0.711111, 0.045312, 0.042593]",val,dbscam_euclidean,0,False,True,0.2283429354429245
1860,LGH020002,"[0.595313, 0.678704, 0.03125, 0.024074]",val,dbscam_euclidean,0,False,True,0.2720220386981964
1860,LGH020002,"[0.355208, 0.849074, 0.009375, 0.014815]",val,dbscam_euclidean,0,False,True,0.45625725388526917
1860,LGH020002,"[0.983333, 0.852315, 0.032292, 0.04537]",val,dbscam_euclidean,0,False,True,0.2721068561077118
1860,LGH020002,"[0.313021, 0.676852, 0.032292, 0.022222]",val,dbscam_euclidean,0,False,True,0.3741082549095154
1860,LGH020002,"[0.314844, 0.616667, 0.076563, 0.051852]",val,dbscam_euclidean,0,False,True,0.3460046648979187
1860,LGH020002,"[0.42526, 0.522685, 0.019271, 0.015741]",val,dbscam_euclidean,0,False,True,0.42768701910972595
1860,LGH020002,"[0.691667, 0.876852, 0.034375, 0.038889]",val,dbscam_euclidean,0,False,True,0.24580886960029602
1860,LGH020002,"[0.178646, 0.596296, 0.03125, 0.02963]",val,dbscam_euclidean,0,False,True,0.26745694875717163
1860,LGH020002,"[0.580208, 0.50463, 0.021875, 0.044444]",val,dbscam_euclidean,0,False,True,0.2867317795753479
1860,LGH020002,"[0.627083, 0.431019, 0.016667, 0.017593]",val,dbscam_euclidean,0,False,True,0.4652811884880066
1860,LGH020002,"[0.865385, 0.390405, 0.060794, 0.061759]",val,dbscam_euclidean,0,False,True,0.3989918529987335
1860,LGH020002,"[0.89268, 0.540943, 0.065757, 0.100358]",val,dbscam_euclidean,0,False,True,0.4915986955165863
1860,LGH020002,"[0.909429, 0.647367, 0.068238, 0.072787]",val,dbscam_euclidean,0,False,True,0.3891422152519226
1860,LGH020002,"[0.815136, 0.671078, 0.057072, 0.062862]",val,dbscam_euclidean,0,False,True,0.38320910930633545
1860,LGH020002,"[0.765199, 0.655087, 0.039082, 0.072787]",val,dbscam_euclidean,0,False,True,0.3185743987560272
1860,LGH020002,"[0.334057, 0.754894, 0.084988, 0.058451]",val,dbscam_euclidean,0,False,True,0.39616453647613525
1860,LGH020002,"[0.39361, 0.758754, 0.031638, 0.039702]",val,dbscam_euclidean,0,False,True,0.21580804884433746
1860,LGH020002,"[0.199442, 0.429005, 0.032878, 0.061759]",val,dbscam_euclidean,0,False,True,0.32884079217910767
1860,LGH020002,"[0.236663, 0.356217, 0.032878, 0.041908]",val,dbscam_euclidean,0,False,True,0.2496715486049652
1860,LGH020002,"[0.074752, 0.65619, 0.058933, 0.039702]",val,dbscam_euclidean,0,False,True,0.35145941376686096
1860,LGH020002,"[0.075993, 0.904329, 0.149504, 0.156603]",val,dbscam_euclidean,-1,True,False,
1860,LGH020002,"[0.088089, 0.9319, 0.143921, 0.116901]",val,dbscam_euclidean,-1,True,False,
2130,LGH020002,"[0.961719, 0.256944, 0.058854, 0.028704]",val,dbscam_euclidean,0,False,True,0.25887829065322876
2130,LGH020002,"[0.36849, 0.009259, 0.047396, 0.018519]",val,dbscam_euclidean,0,False,True,0.37660765647888184
2130,LGH020002,"[0.665625, 0.333796, 0.035417, 0.089815]",val,dbscam_euclidean,0,False,True,0.3941120505332947
2130,LGH020002,"[0.120313, 0.201852, 0.075, 0.051852]",val,dbscam_euclidean,0,False,True,0.3947741687297821
2130,LGH020002,"[0.28125, 0.109259, 0.057292, 0.02963]",val,dbscam_euclidean,0,False,True,0.25915732979774475
2130,LGH020002,"[0.335417, 0.225, 0.051042, 0.025926]",val,dbscam_euclidean,0,False,True,0.39937877655029297
2130,LGH020002,"[0.29375, 0.068981, 0.075, 0.034259]",val,dbscam_euclidean,0,False,True,0.3464370667934418
2130,LGH020002,"[0.19401, 0.485185, 0.082812, 0.072222]",val,dbscam_euclidean,0,False,True,0.43360477685928345
2130,LGH020002,"[0.50599, 0.9625, 0.009896, 0.073148]",val,dbscam_euclidean,0,False,True,0.4711346924304962
2130,LGH020002,"[0.255729, 0.608796, 0.102083, 0.09537]",val,dbscam_euclidean,0,False,True,0.5822948217391968
2130,LGH020002,"[0.683594, 0.794444, 0.045312, 0.088889]",val,dbscam_euclidean,0,False,True,0.4070570468902588
2130,LGH020002,"[0.411979, 0.685648, 0.048958, 0.028704]",val,dbscam_euclidean,0,False,True,0.32550501823425293
2130,LGH020002,"[0.489063, 0.63287, 0.047917, 0.030556]",val,dbscam_euclidean,0,False,True,0.3418383300304413
2130,LGH020002,"[0.322135, 0.488889, 0.041146, 0.074074]",val,dbscam_euclidean,0,False,True,0.3185548782348633
2130,LGH020002,"[0.416927, 0.365278, 0.047396, 0.063889]",val,dbscam_euclidean,0,False,True,0.2925024628639221
2130,LGH020002,"[0.355469, 0.489815, 0.064062, 0.075926]",val,dbscam_euclidean,0,False,True,0.3678217828273773
2130,LGH020002,"[0.539583, 0.946759, 0.011458, 0.071296]",val,dbscam_euclidean,0,False,True,0.41057372093200684
2130,LGH020002,"[0.647656, 0.605556, 0.048438, 0.094444]",val,dbscam_euclidean,0,False,True,0.375402569770813
2130,LGH020002,"[0.929167, 0.331019, 0.091667, 0.026852]",val,dbscam_euclidean,0,False,True,0.38661307096481323
2130,LGH020002,"[0.95, 0.967593, 0.042708, 0.062963]",val,dbscam_euclidean,0,False,True,0.29335394501686096
2130,LGH020002,"[0.825, 0.840278, 0.054167, 0.034259]",val,dbscam_euclidean,0,False,True,0.24292656779289246
2130,LGH020002,"[0.108854, 0.909722, 0.170833, 0.178704]",val,dbscam_euclidean,0,False,False,0.6887547969818115
2130,LGH020002,"[0.439844, 0.656019, 0.043229, 0.039815]",val,dbscam_euclidean,0,False,True,0.3631640672683716
2130,LGH020002,"[0.377083, 0.66713, 0.053125, 0.09537]",val,dbscam_euclidean,0,False,True,0.4497860372066498
2130,LGH020002,"[0.770312, 0.253704, 0.054167, 0.031481]",val,dbscam_euclidean,0,False,True,0.26707401871681213
2130,LGH020002,"[0.784115, 0.834259, 0.065104, 0.124074]",val,dbscam_euclidean,0,False,True,0.4914768636226654
2130,LGH020002,"[0.970313, 0.415278, 0.058333, 0.030556]",val,dbscam_euclidean,0,False,True,0.250329852104187
2130,LGH020002,"[0.365625, 0.381944, 0.039583, 0.049074]",val,dbscam_euclidean,0,False,True,0.2480173408985138
2130,LGH020002,"[0.972135, 0.80463, 0.054688, 0.072222]",val,dbscam_euclidean,0,False,True,0.36556804180145264
2130,LGH020002,"[0.504687, 0.168519, 0.034375, 0.057407]",val,dbscam_euclidean,0,False,True,0.22707542777061462
2130,LGH020002,"[0.709635, 0.387963, 0.011979, 0.02963]",val,dbscam_euclidean,0,False,True,0.4630716145038605
2130,LGH020002,"[0.699219, 0.665278, 0.023438, 0.032407]",val,dbscam_euclidean,0,False,True,0.259761244058609
2130,LGH020002,"[0.829688, 0.35463, 0.025, 0.02963]",val,dbscam_euclidean,0,False,True,0.27817147970199585
2130,LGH020002,"[0.748958, 0.827315, 0.058333, 0.097222]",val,dbscam_euclidean,0,False,True,0.4586648941040039
2130,LGH020002,"[0.580729, 0.494907, 0.0375, 0.047222]",val,dbscam_euclidean,0,False,True,0.27025675773620605
2130,LGH020002,"[0.167708, 0.846759, 0.032292, 0.052778]",val,dbscam_euclidean,0,False,True,0.2870267629623413
2130,LGH020002,"[0.47526, 0.703241, 0.034896, 0.025]",val,dbscam_euclidean,0,False,True,0.3551900386810303
2130,LGH020002,"[0.98151, 0.816204, 0.035937, 0.037963]",val,dbscam_euclidean,0,False,True,0.286452054977417
2130,LGH020002,"[0.814583, 0.2625, 0.034375, 0.032407]",val,dbscam_euclidean,0,False,True,0.2604195773601532
2130,LGH020002,"[0.645833, 0.676852, 0.044792, 0.059259]",val,dbscam_euclidean,0,False,True,0.25186386704444885
2130,LGH020002,"[0.592448, 0.57963, 0.029687, 0.05]",val,dbscam_euclidean,0,False,True,0.2654949724674225
2130,LGH020002,"[0.644531, 0.638889, 0.039062, 0.053704]",val,dbscam_euclidean,0,False,True,0.2710230052471161
2130,LGH020002,"[0.755729, 0.679167, 0.021875, 0.10463]",val,dbscam_euclidean,0,False,True,0.43447771668434143
2130,LGH020002,"[0.63125, 0.134259, 0.039583, 0.109259]",val,dbscam_euclidean,0,False,True,0.4307972192764282
2130,LGH020002,"[0.083333, 0.394444, 0.05625, 0.027778]",val,dbscam_euclidean,0,False,True,0.25941866636276245
2130,LGH020002,"[0.408854, 0.31713, 0.022917, 0.032407]",val,dbscam_euclidean,0,False,True,0.3010843098163605
2130,LGH020002,"[0.590885, 0.78287, 0.035937, 0.047222]",val,dbscam_euclidean,0,False,True,0.20936022698879242
2130,LGH020002,"[0.727344, 0.65463, 0.034896, 0.035185]",val,dbscam_euclidean,0,False,True,0.25116026401519775
2130,LGH020002,"[0.573438, 0.599537, 0.019792, 0.032407]",val,dbscam_euclidean,0,False,True,0.3324817717075348
2130,LGH020002,"[0.627604, 0.977778, 0.014583, 0.042593]",val,dbscam_euclidean,0,False,True,0.3254094123840332
2130,LGH020002,"[0.710417, 0.116204, 0.026042, 0.019444]",val,dbscam_euclidean,0,False,True,0.39780741930007935
2130,LGH020002,"[0.296354, 0.585185, 0.021875, 0.048148]",val,dbscam_euclidean,0,False,True,0.24575428664684296
2130,LGH020002,"[0.697135, 0.690741, 0.027604, 0.033333]",val,dbscam_euclidean,0,False,True,0.26569730043411255
2130,LGH020002,"[0.865625, 0.816667, 0.08125, 0.074074]",val,dbscam_euclidean,0,False,True,0.45634034276008606
2130,LGH020002,"[0.270573, 0.497222, 0.032813, 0.024074]",val,dbscam_euclidean,0,False,True,0.40051567554473877
2130,LGH020002,"[0.542969, 0.529167, 0.034896, 0.026852]",val,dbscam_euclidean,0,False,True,0.3212139308452606
2130,LGH020002,"[0.523177, 0.5375, 0.043229, 0.036111]",val,dbscam_euclidean,0,False,True,0.24579690396785736
2130,LGH020002,"[0.550521, 0.323611, 0.009375, 0.015741]",val,dbscam_euclidean,0,False,True,0.48725447058677673
2130,LGH020002,"[0.178646, 0.873611, 0.032292, 0.017593]",val,dbscam_euclidean,0,False,True,0.4216288924217224
2130,LGH020002,"[0.7875, 0.846759, 0.04375, 0.071296]",val,dbscam_euclidean,0,False,True,0.3018532395362854
1830,LGH020002,"[0.148958, 0.140278, 0.05625, 0.176852]",val,dbscam_euclidean,-1,True,False,
1830,LGH020002,"[0.991146, 0.944444, 0.016667, 0.037037]",val,dbscam_euclidean,0,False,True,0.3015638589859009
1830,LGH020002,"[0.590104, 0.588426, 0.055208, 0.047222]",val,dbscam_euclidean,0,False,True,0.3449898362159729
1830,LGH020002,"[0.664844, 0.11713, 0.019271, 0.030556]",val,dbscam_euclidean,0,False,True,0.28583353757858276
1830,LGH020002,"[0.105729, 0.89213, 0.05625, 0.049074]",val,dbscam_euclidean,0,False,True,0.30163833498954773
1830,LGH020002,"[0.236198, 0.548148, 0.072396, 0.027778]",val,dbscam_euclidean,0,False,True,0.4059353172779083
1830,LGH020002,"[0.661979, 0.618981, 0.040625, 0.032407]",val,dbscam_euclidean,0,False,True,0.33814743161201477
1830,LGH020002,"[0.088802, 0.263426, 0.065104, 0.067593]",val,dbscam_euclidean,0,False,True,0.42213866114616394
1830,LGH020002,"[0.773177, 0.786574, 0.038021, 0.056481]",val,dbscam_euclidean,0,False,True,0.2764498293399811
1830,LGH020002,"[0.160677, 0.613889, 0.061979, 0.101852]",val,dbscam_euclidean,0,False,True,0.5010566115379333
1830,LGH020002,"[0.522917, 0.708796, 0.01875, 0.032407]",val,dbscam_euclidean,0,False,True,0.3443182706832886
1830,LGH020002,"[0.332031, 0.009259, 0.022396, 0.018519]",val,dbscam_euclidean,0,False,True,0.3894703686237335
1830,LGH020002,"[0.364323, 0.47963, 0.018229, 0.081481]",val,dbscam_euclidean,0,False,True,0.2957722246646881
1830,LGH020002,"[0.167969, 0.95787, 0.075521, 0.082407]",val,dbscam_euclidean,0,False,True,0.4621218144893646
1830,LGH020002,"[0.519271, 0.787963, 0.021875, 0.025926]",val,dbscam_euclidean,0,False,True,0.3225868046283722
1830,LGH020002,"[0.085938, 0.662963, 0.113542, 0.05]",val,dbscam_euclidean,0,False,True,0.4944807291030884
1830,LGH020002,"[0.422917, 0.52963, 0.040625, 0.033333]",val,dbscam_euclidean,0,False,True,0.3445606529712677
1830,LGH020002,"[0.060156, 0.9625, 0.042188, 0.073148]",val,dbscam_euclidean,0,False,True,0.4222767651081085
1830,LGH020002,"[0.476302, 0.426852, 0.010937, 0.033333]",val,dbscam_euclidean,0,False,True,0.40054216980934143
1830,LGH020002,"[0.011458, 0.678241, 0.022917, 0.037963]",val,dbscam_euclidean,0,False,True,0.2726387083530426
1830,LGH020002,"[0.766146, 0.731019, 0.042708, 0.076852]",val,dbscam_euclidean,0,False,True,0.35311102867126465
1830,LGH020002,"[0.24974, 0.771296, 0.067187, 0.061111]",val,dbscam_euclidean,0,False,True,0.3344525396823883
1830,LGH020002,"[0.046094, 0.031481, 0.072396, 0.062963]",val,dbscam_euclidean,0,False,True,0.3948605954647064
1830,LGH020002,"[0.554948, 0.481019, 0.009896, 0.013889]",val,dbscam_euclidean,0,False,True,0.4081403315067291
1830,LGH020002,"[0.392708, 0.652315, 0.011458, 0.025]",val,dbscam_euclidean,0,False,True,0.4248150885105133
1830,LGH020002,"[0.021094, 0.225463, 0.038021, 0.065741]",val,dbscam_euclidean,0,False,True,0.3473975360393524
1830,LGH020002,"[0.049479, 0.882407, 0.098958, 0.07037]",val,dbscam_euclidean,0,False,True,0.46508997678756714
1830,LGH020002,"[0.240625, 0.681944, 0.03125, 0.028704]",val,dbscam_euclidean,0,False,True,0.2868213951587677
1830,LGH020002,"[0.696875, 0.666204, 0.030208, 0.023148]",val,dbscam_euclidean,0,False,True,0.31694695353507996
1830,LGH020002,"[0.788542, 0.924074, 0.038542, 0.02963]",val,dbscam_euclidean,0,False,True,0.31458815932273865
1830,LGH020002,"[0.845833, 0.84537, 0.051042, 0.055556]",val,dbscam_euclidean,0,False,True,0.29718682169914246
1830,LGH020002,"[0.170052, 0.571759, 0.034896, 0.023148]",val,dbscam_euclidean,0,False,True,0.3554143011569977
1830,LGH020002,"[0.469531, 0.648611, 0.048438, 0.123148]",val,dbscam_euclidean,0,False,True,0.4557061195373535
1830,LGH020002,"[0.701562, 0.558333, 0.023958, 0.033333]",val,dbscam_euclidean,0,False,True,0.28654372692108154
1830,LGH020002,"[0.233594, 0.690741, 0.045312, 0.046296]",val,dbscam_euclidean,0,False,True,0.23175548017024994
1830,LGH020002,"[0.193229, 0.690741, 0.007292, 0.02963]",val,dbscam_euclidean,0,False,True,0.4585733115673065
1830,LGH020002,"[0.463281, 0.795833, 0.018229, 0.039815]",val,dbscam_euclidean,0,False,True,0.35218510031700134
1830,LGH020002,"[0.540885, 0.340741, 0.029687, 0.038889]",val,dbscam_euclidean,0,False,True,0.2448982149362564
1830,LGH020002,"[0.672135, 0.549537, 0.009896, 0.015741]",val,dbscam_euclidean,0,False,True,0.44375744462013245
1830,LGH020002,"[0.970833, 0.080093, 0.057292, 0.032407]",val,dbscam_euclidean,0,False,True,0.3083691895008087
1830,LGH020002,"[0.430208, 0.733796, 0.021875, 0.060185]",val,dbscam_euclidean,0,False,True,0.29574283957481384
1830,LGH020002,"[0.425781, 0.681481, 0.021354, 0.042593]",val,dbscam_euclidean,0,False,True,0.24684901535511017
1830,LGH020002,"[0.485156, 0.786574, 0.026562, 0.028704]",val,dbscam_euclidean,0,False,True,0.28362324833869934
1830,LGH020002,"[0.352344, 0.725463, 0.032813, 0.100926]",val,dbscam_euclidean,0,False,True,0.3470859229564667
1830,LGH020002,"[0.217188, 0.697685, 0.0125, 0.032407]",val,dbscam_euclidean,0,False,True,0.3557838797569275
1830,LGH020002,"[0.567969, 0.598148, 0.010937, 0.027778]",val,dbscam_euclidean,0,False,True,0.3955153226852417
1830,LGH020002,"[0.673177, 0.449074, 0.010937, 0.02037]",val,dbscam_euclidean,0,False,True,0.4614233076572418
1830,LGH020002,"[0.473438, 0.668519, 0.040625, 0.038889]",val,dbscam_euclidean,0,False,True,0.23653307557106018
1830,LGH020002,"[0.029687, 0.947685, 0.059375, 0.102778]",val,dbscam_euclidean,0,False,True,0.4311816394329071
1830,LGH020002,"[0.917969, 0.808796, 0.073438, 0.086111]",val,dbscam_euclidean,0,False,True,0.48067185282707214
1830,LGH020002,"[0.602047, 0.226082, 0.045285, 0.088227]",val,dbscam_euclidean,0,False,True,0.40862005949020386
1830,LGH020002,"[0.638958, 0.069479, 0.031017, 0.108078]",val,dbscam_euclidean,0,False,True,0.4329339265823364
1830,LGH020002,"[0.941377, 0.658947, 0.116005, 0.113593]",val,dbscam_euclidean,-1,True,False,
1830,LGH020002,"[0.593983, 0.834298, 0.042804, 0.065068]",val,dbscam_euclidean,0,False,True,0.27396729588508606
2100,LGH020002,"[0.879687, 0.408796, 0.10625, 0.080556]",val,dbscam_euclidean,0,False,True,0.5318413376808167
2100,LGH020002,"[0.579948, 0.024074, 0.026562, 0.048148]",val,dbscam_euclidean,0,False,True,0.28019094467163086
2100,LGH020002,"[0.390104, 0.019444, 0.014583, 0.038889]",val,dbscam_euclidean,0,False,True,0.3020324409008026
2100,LGH020002,"[0.294531, 0.173611, 0.058854, 0.058333]",val,dbscam_euclidean,0,False,True,0.31989720463752747
2100,LGH020002,"[0.799479, 0.711574, 0.045833, 0.060185]",val,dbscam_euclidean,0,False,True,0.3229697346687317
2100,LGH020002,"[0.411458, 0.247222, 0.04375, 0.059259]",val,dbscam_euclidean,0,False,True,0.29522156715393066
2100,LGH020002,"[0.953906, 0.909259, 0.091146, 0.140741]",val,dbscam_euclidean,0,False,True,0.6385726928710938
2100,LGH020002,"[0.96849, 0.306944, 0.061979, 0.030556]",val,dbscam_euclidean,0,False,True,0.3049560487270355
2100,LGH020002,"[0.69375, 0.347685, 0.021875, 0.030556]",val,dbscam_euclidean,0,False,True,0.2701021730899811
2100,LGH020002,"[0.738542, 0.212963, 0.05, 0.048148]",val,dbscam_euclidean,0,False,True,0.3131331205368042
2100,LGH020002,"[0.898698, 0.122222, 0.077604, 0.038889]",val,dbscam_euclidean,0,False,True,0.3011402487754822
2100,LGH020002,"[0.63099, 0.062037, 0.027604, 0.124074]",val,dbscam_euclidean,0,False,True,0.399753600358963
2100,LGH020002,"[0.653906, 0.309259, 0.038021, 0.05]",val,dbscam_euclidean,0,False,True,0.28962400555610657
2100,LGH020002,"[0.386458, 0.439815, 0.053125, 0.025926]",val,dbscam_euclidean,0,False,True,0.35411614179611206
2100,LGH020002,"[0.621354, 0.432407, 0.053125, 0.068519]",val,dbscam_euclidean,0,False,True,0.3625677227973938
2100,LGH020002,"[0.377604, 0.719444, 0.035417, 0.027778]",val,dbscam_euclidean,0,False,True,0.24770404398441315
2100,LGH020002,"[0.436198, 0.440278, 0.049479, 0.041667]",val,dbscam_euclidean,0,False,True,0.24233682453632355
2100,LGH020002,"[0.727083, 0.071296, 0.076042, 0.053704]",val,dbscam_euclidean,0,False,True,0.4254095256328583
2100,LGH020002,"[0.326823, 0.744444, 0.044271, 0.183333]",val,dbscam_euclidean,0,False,False,0.635674774646759
2100,LGH020002,"[0.573438, 0.381944, 0.027083, 0.076852]",val,dbscam_euclidean,0,False,True,0.3265436291694641
2100,LGH020002,"[0.482292, 0.361111, 0.026042, 0.040741]",val,dbscam_euclidean,0,False,True,0.22122208774089813
2100,LGH020002,"[0.392188, 0.593981, 0.03125, 0.028704]",val,dbscam_euclidean,0,False,True,0.28399965167045593
2100,LGH020002,"[0.88125, 0.340278, 0.064583, 0.030556]",val,dbscam_euclidean,0,False,True,0.29797059297561646
2100,LGH020002,"[0.351042, 0.560648, 0.077083, 0.089815]",val,dbscam_euclidean,0,False,True,0.5471246838569641
2100,LGH020002,"[0.53099, 0.291204, 0.050521, 0.032407]",val,dbscam_euclidean,0,False,True,0.32072553038597107
2100,LGH020002,"[0.84375, 0.296759, 0.05, 0.037963]",val,dbscam_euclidean,0,False,True,0.2565920054912567
2100,LGH020002,"[0.72526, 0.436574, 0.053646, 0.04537]",val,dbscam_euclidean,0,False,True,0.261111319065094
2100,LGH020002,"[0.300521, 0.619907, 0.025, 0.037963]",val,dbscam_euclidean,0,False,True,0.271655797958374
2100,LGH020002,"[0.290104, 0.049074, 0.00625, 0.025926]",val,dbscam_euclidean,0,False,True,0.485860139131546
2100,LGH020002,"[0.479948, 0.098148, 0.026562, 0.025926]",val,dbscam_euclidean,0,False,True,0.27708297967910767
2100,LGH020002,"[0.149219, 0.405093, 0.023438, 0.025]",val,dbscam_euclidean,0,False,True,0.31433242559432983
2100,LGH020002,"[0.702344, 0.460185, 0.050521, 0.031481]",val,dbscam_euclidean,0,False,True,0.2846057713031769
2100,LGH020002,"[0.674219, 0.026852, 0.019271, 0.02963]",val,dbscam_euclidean,0,False,True,0.3363913893699646
2100,LGH020002,"[0.435417, 0.573611, 0.032292, 0.065741]",val,dbscam_euclidean,0,False,True,0.28255122900009155
2100,LGH020002,"[0.607031, 0.666204, 0.018229, 0.028704]",val,dbscam_euclidean,0,False,True,0.4195239543914795
2100,LGH020002,"[0.626823, 0.777315, 0.038021, 0.058333]",val,dbscam_euclidean,0,False,True,0.27012622356414795
2100,LGH020002,"[0.066146, 0.253704, 0.132292, 0.105556]",val,dbscam_euclidean,-1,True,False,
2100,LGH020002,"[0.732552, 0.156481, 0.032813, 0.025926]",val,dbscam_euclidean,0,False,True,0.27879995107650757
2100,LGH020002,"[0.3875, 0.139352, 0.058333, 0.052778]",val,dbscam_euclidean,0,False,True,0.2855667471885681
2100,LGH020002,"[0.705208, 0.77963, 0.061458, 0.066667]",val,dbscam_euclidean,0,False,True,0.36191898584365845
2100,LGH020002,"[0.353385, 0.19537, 0.006771, 0.027778]",val,dbscam_euclidean,0,False,True,0.47046732902526855
2100,LGH020002,"[0.763281, 0.305093, 0.052604, 0.043519]",val,dbscam_euclidean,0,False,True,0.27103257179260254
2100,LGH020002,"[0.4375, 0.290741, 0.017708, 0.044444]",val,dbscam_euclidean,0,False,True,0.34531891345977783
2100,LGH020002,"[0.538021, 0.454167, 0.034375, 0.063889]",val,dbscam_euclidean,0,False,True,0.30583250522613525
2100,LGH020002,"[0.451823, 0.474074, 0.021354, 0.022222]",val,dbscam_euclidean,0,False,True,0.38831576704978943
2100,LGH020002,"[0.783854, 0.352778, 0.039583, 0.042593]",val,dbscam_euclidean,0,False,True,0.25517746806144714
2100,LGH020002,"[0.492188, 0.086574, 0.038542, 0.041667]",val,dbscam_euclidean,0,False,True,0.2642751634120941
2100,LGH020002,"[0.772396, 0.368981, 0.067708, 0.063889]",val,dbscam_euclidean,0,False,True,0.38728469610214233
2100,LGH020002,"[0.509375, 0.512963, 0.023958, 0.046296]",val,dbscam_euclidean,0,False,True,0.23810172080993652
2100,LGH020002,"[0.82526, 0.852315, 0.016146, 0.028704]",val,dbscam_euclidean,0,False,True,0.35209038853645325
2100,LGH020002,"[0.710938, 0.651389, 0.040625, 0.075]",val,dbscam_euclidean,0,False,True,0.2892804443836212
2100,LGH020002,"[0.4625, 0.565278, 0.039583, 0.050926]",val,dbscam_euclidean,0,False,True,0.2404300719499588
2100,LGH020002,"[0.544271, 0.615278, 0.060417, 0.063889]",val,dbscam_euclidean,0,False,True,0.32054272294044495
2100,LGH020002,"[0.055208, 0.502778, 0.046875, 0.033333]",val,dbscam_euclidean,0,False,True,0.24416382610797882
2100,LGH020002,"[0.655729, 0.622222, 0.059375, 0.053704]",val,dbscam_euclidean,0,False,True,0.34087517857551575
2100,LGH020002,"[0.070833, 0.398148, 0.007292, 0.022222]",val,dbscam_euclidean,0,False,True,0.4808168113231659
2100,LGH020002,"[0.498958, 0.591204, 0.01875, 0.039815]",val,dbscam_euclidean,0,False,True,0.3792068660259247
2100,LGH020002,"[0.678906, 0.537037, 0.043229, 0.033333]",val,dbscam_euclidean,0,False,True,0.31670108437538147
2100,LGH020002,"[0.692969, 0.29213, 0.013021, 0.013889]",val,dbscam_euclidean,0,False,True,0.4421018958091736
2100,LGH020002,"[0.705469, 0.741204, 0.054688, 0.089815]",val,dbscam_euclidean,0,False,True,0.38273385167121887
2100,LGH020002,"[0.636719, 0.658333, 0.048438, 0.051852]",val,dbscam_euclidean,0,False,True,0.2372499704360962
2100,LGH020002,"[0.48151, 0.523611, 0.029687, 0.028704]",val,dbscam_euclidean,0,False,True,0.2734729051589966
2100,LGH020002,"[0.706771, 0.089815, 0.016667, 0.033333]",val,dbscam_euclidean,0,False,True,0.32177087664604187
2100,LGH020002,"[0.711198, 0.588426, 0.027604, 0.032407]",val,dbscam_euclidean,0,False,True,0.23075100779533386
2100,LGH020002,"[0.151823, 0.447685, 0.036979, 0.021296]",val,dbscam_euclidean,0,False,True,0.3565574884414673
2100,LGH020002,"[0.432031, 0.832407, 0.008854, 0.016667]",val,dbscam_euclidean,0,False,True,0.42629578709602356
2100,LGH020002,"[0.441927, 0.234722, 0.039062, 0.082407]",val,dbscam_euclidean,0,False,True,0.4126586616039276
2100,LGH020002,"[0.252083, 0.156944, 0.009375, 0.017593]",val,dbscam_euclidean,0,False,True,0.4402558207511902
2100,LGH020002,"[0.508594, 0.581481, 0.033854, 0.061111]",val,dbscam_euclidean,0,False,True,0.285554975271225
2100,LGH020002,"[0.120573, 0.27037, 0.023438, 0.014815]",val,dbscam_euclidean,0,False,True,0.37554794549942017
2100,LGH020002,"[0.411719, 0.148611, 0.009896, 0.026852]",val,dbscam_euclidean,0,False,True,0.424474835395813
2100,LGH020002,"[0.828646, 0.843519, 0.022917, 0.048148]",val,dbscam_euclidean,0,False,True,0.27291473746299744
2100,LGH020002,"[0.926179, 0.491315, 0.062035, 0.058451]",val,dbscam_euclidean,0,False,True,0.3329918384552002
2100,LGH020002,"[0.94603, 0.549766, 0.1067, 0.102564]",val,dbscam_euclidean,0,False,True,0.558044970035553
1530,LGH020002,"[0.625, 0.106019, 0.05, 0.136111]",val,dbscam_euclidean,0,False,False,0.5936298370361328
1530,LGH020002,"[0.786458, 0.709722, 0.053125, 0.023148]",val,dbscam_euclidean,0,False,True,0.3299579322338104
1530,LGH020002,"[0.384115, 0.457407, 0.064062, 0.038889]",val,dbscam_euclidean,0,False,True,0.31474965810775757
1530,LGH020002,"[0.54349, 0.224074, 0.031771, 0.07037]",val,dbscam_euclidean,0,False,True,0.35115671157836914
1530,LGH020002,"[0.689583, 0.205556, 0.077083, 0.111111]",val,dbscam_euclidean,0,False,True,0.6423017382621765
1530,LGH020002,"[0.782031, 0.12037, 0.052604, 0.07037]",val,dbscam_euclidean,0,False,True,0.41174718737602234
1530,LGH020002,"[0.332292, 0.33287, 0.071875, 0.134259]",val,dbscam_euclidean,0,False,True,0.6104557514190674
1530,LGH020002,"[0.349219, 0.116204, 0.025521, 0.052778]",val,dbscam_euclidean,0,False,True,0.2777436375617981
1530,LGH020002,"[0.416406, 0.327778, 0.056771, 0.12963]",val,dbscam_euclidean,0,False,True,0.5881776809692383
1530,LGH020002,"[0.230208, 0.403704, 0.054167, 0.038889]",val,dbscam_euclidean,0,False,True,0.24932986497879028
1530,LGH020002,"[0.894531, 0.299074, 0.078646, 0.066667]",val,dbscam_euclidean,0,False,True,0.4483255445957184
1530,LGH020002,"[0.24349, 0.160185, 0.031771, 0.055556]",val,dbscam_euclidean,0,False,True,0.26113176345825195
1530,LGH020002,"[0.833073, 0.414815, 0.021354, 0.042593]",val,dbscam_euclidean,0,False,True,0.27719151973724365
1530,LGH020002,"[0.370833, 0.193056, 0.039583, 0.078704]",val,dbscam_euclidean,0,False,True,0.3621438145637512
1530,LGH020002,"[0.158594, 0.431481, 0.053646, 0.027778]",val,dbscam_euclidean,0,False,True,0.30833864212036133
1530,LGH020002,"[0.392969, 0.169907, 0.023438, 0.047222]",val,dbscam_euclidean,0,False,True,0.3258628845214844
1530,LGH020002,"[0.496094, 0.261111, 0.035937, 0.018519]",val,dbscam_euclidean,0,False,True,0.43293219804763794
1530,LGH020002,"[0.173177, 0.329167, 0.039062, 0.034259]",val,dbscam_euclidean,0,False,True,0.2949705421924591
1530,LGH020002,"[0.049479, 0.075463, 0.098958, 0.139815]",val,dbscam_euclidean,0,False,False,0.6308830976486206
1530,LGH020002,"[0.966667, 0.35787, 0.065625, 0.060185]",val,dbscam_euclidean,0,False,True,0.3305414319038391
1530,LGH020002,"[0.766406, 0.322222, 0.030729, 0.057407]",val,dbscam_euclidean,0,False,True,0.3197765052318573
1530,LGH020002,"[0.575521, 0.506481, 0.061458, 0.064815]",val,dbscam_euclidean,0,False,True,0.32756033539772034
1530,LGH020002,"[0.822396, 0.191667, 0.06875, 0.087037]",val,dbscam_euclidean,0,False,True,0.44824275374412537
1530,LGH020002,"[0.101042, 0.374074, 0.115625, 0.037037]",val,dbscam_euclidean,0,False,False,0.5007373690605164
1530,LGH020002,"[0.015365, 0.384259, 0.030729, 0.051852]",val,dbscam_euclidean,0,False,True,0.28855642676353455
1530,LGH020002,"[0.044271, 0.324074, 0.058333, 0.064815]",val,dbscam_euclidean,0,False,True,0.3531101644039154
1530,LGH020002,"[0.693229, 0.339815, 0.05, 0.051852]",val,dbscam_euclidean,0,False,True,0.3030878007411957
1530,LGH020002,"[0.739844, 0.146296, 0.025521, 0.053704]",val,dbscam_euclidean,0,False,True,0.2949146628379822
1530,LGH020002,"[0.307552, 0.351852, 0.057813, 0.062963]",val,dbscam_euclidean,0,False,True,0.3762136995792389
1530,LGH020002,"[0.164583, 0.398611, 0.042708, 0.034259]",val,dbscam_euclidean,0,False,True,0.2788272500038147
1530,LGH020002,"[0.696094, 0.476389, 0.046354, 0.021296]",val,dbscam_euclidean,0,False,True,0.4025507867336273
1530,LGH020002,"[0.922135, 0.227315, 0.066146, 0.050926]",val,dbscam_euclidean,0,False,True,0.34583425521850586
1530,LGH020002,"[0.618229, 0.652778, 0.057292, 0.027778]",val,dbscam_euclidean,0,False,True,0.33387741446495056
1530,LGH020002,"[0.371875, 0.872685, 0.008333, 0.034259]",val,dbscam_euclidean,0,False,True,0.5044383406639099
1530,LGH020002,"[0.971354, 0.372222, 0.053125, 0.031481]",val,dbscam_euclidean,0,False,True,0.2892912030220032
1530,LGH020002,"[0.567969, 0.392593, 0.019271, 0.042593]",val,dbscam_euclidean,0,False,True,0.3328269422054291
1530,LGH020002,"[0.749479, 0.280093, 0.036458, 0.017593]",val,dbscam_euclidean,0,False,True,0.3819178640842438
1530,LGH020002,"[0.384375, 0.983796, 0.016667, 0.030556]",val,dbscam_euclidean,0,False,True,0.36947789788246155
1530,LGH020002,"[0.175781, 0.477315, 0.067187, 0.075]",val,dbscam_euclidean,0,False,True,0.41831016540527344
1530,LGH020002,"[0.275, 0.075463, 0.064583, 0.047222]",val,dbscam_euclidean,0,False,True,0.3135397434234619
1530,LGH020002,"[0.046354, 0.703241, 0.092708, 0.076852]",val,dbscam_euclidean,0,False,True,0.5268676280975342
1530,LGH020002,"[0.597135, 0.065278, 0.025521, 0.025]",val,dbscam_euclidean,0,False,True,0.30831456184387207
1530,LGH020002,"[0.685417, 0.398611, 0.04375, 0.017593]",val,dbscam_euclidean,0,False,True,0.3800256550312042
1530,LGH020002,"[0.964583, 0.705556, 0.069792, 0.044444]",val,dbscam_euclidean,0,False,True,0.32447394728660583
1530,LGH020002,"[0.686979, 0.576852, 0.027083, 0.024074]",val,dbscam_euclidean,0,False,True,0.35498717427253723
1530,LGH020002,"[0.116667, 0.468519, 0.057292, 0.044444]",val,dbscam_euclidean,0,False,True,0.23734961450099945
1530,LGH020002,"[0.083854, 0.399537, 0.041667, 0.015741]",val,dbscam_euclidean,0,False,True,0.4066503942012787
1530,LGH020002,"[0.273177, 0.946759, 0.017188, 0.030556]",val,dbscam_euclidean,0,False,True,0.37413841485977173
1530,LGH020002,"[0.652604, 0.264352, 0.013542, 0.026852]",val,dbscam_euclidean,0,False,True,0.412049263715744
1530,LGH020002,"[0.939323, 0.718519, 0.019271, 0.018519]",val,dbscam_euclidean,0,False,True,0.46859538555145264
1530,LGH020002,"[0.290885, 0.956481, 0.017188, 0.031481]",val,dbscam_euclidean,0,False,True,0.3534189760684967
1530,LGH020002,"[0.284896, 0.815278, 0.065625, 0.052778]",val,dbscam_euclidean,0,False,True,0.31228601932525635
1530,LGH020002,"[0.434896, 0.736574, 0.013542, 0.017593]",val,dbscam_euclidean,0,False,True,0.46056637167930603
1530,LGH020002,"[0.661458, 0.243981, 0.020833, 0.036111]",val,dbscam_euclidean,0,False,True,0.3183215856552124
1530,LGH020002,"[0.784115, 0.906481, 0.033854, 0.051852]",val,dbscam_euclidean,0,False,True,0.2680743932723999
1530,LGH020002,"[0.847917, 0.781481, 0.053125, 0.081481]",val,dbscam_euclidean,0,False,True,0.4765584170818329
1530,LGH020002,"[0.335156, 0.043056, 0.017188, 0.026852]",val,dbscam_euclidean,0,False,True,0.37001240253448486
1530,LGH020002,"[0.697396, 0.851389, 0.023958, 0.073148]",val,dbscam_euclidean,0,False,True,0.29188263416290283
1530,LGH020002,"[0.213281, 0.459722, 0.030729, 0.026852]",val,dbscam_euclidean,0,False,True,0.3161587715148926
1530,LGH020002,"[0.707552, 0.546759, 0.017188, 0.036111]",val,dbscam_euclidean,0,False,True,0.3735358417034149
1530,LGH020002,"[0.961719, 0.784722, 0.019271, 0.026852]",val,dbscam_euclidean,0,False,True,0.34836071729660034
1530,LGH020002,"[0.733594, 0.258333, 0.042188, 0.066667]",val,dbscam_euclidean,0,False,True,0.3337573707103729
1530,LGH020002,"[0.778846, 0.455473, 0.05397, 0.046319]",val,dbscam_euclidean,0,False,True,0.26365697383880615
1530,LGH020002,"[0.831266, 0.464296, 0.039702, 0.046319]",val,dbscam_euclidean,0,False,True,0.24622195959091187
1530,LGH020002,"[0.900744, 0.505101, 0.075682, 0.061759]",val,dbscam_euclidean,0,False,True,0.36933642625808716
1530,LGH020002,"[0.905707, 0.414116, 0.07196, 0.038599]",val,dbscam_euclidean,0,False,True,0.3163808286190033
1530,LGH020002,"[0.979839, 0.530466, 0.037841, 0.061759]",val,dbscam_euclidean,0,False,True,0.30978864431381226
2160,LGH020002,"[0.07474, 0.318056, 0.149479, 0.076852]",val,dbscam_euclidean,0,False,True,0.5021960735321045
2160,LGH020002,"[0.063542, 0.203241, 0.115625, 0.036111]",val,dbscam_euclidean,0,False,False,0.46154654026031494
2160,LGH020002,"[0.942708, 0.377778, 0.069792, 0.051852]",val,dbscam_euclidean,0,False,True,0.35445836186408997
2160,LGH020002,"[0.48724, 0.04537, 0.045312, 0.090741]",val,dbscam_euclidean,0,False,True,0.4505698084831238
2160,LGH020002,"[0.949219, 0.332407, 0.086979, 0.046296]",val,dbscam_euclidean,0,False,True,0.34174585342407227
2160,LGH020002,"[0.616667, 0.620833, 0.065625, 0.063889]",val,dbscam_euclidean,0,False,True,0.3657423257827759
2160,LGH020002,"[0.058594, 0.081944, 0.039062, 0.047222]",val,dbscam_euclidean,0,False,True,0.2743174135684967
2160,LGH020002,"[0.215625, 0.797685, 0.130208, 0.132407]",val,dbscam_euclidean,0,False,False,0.6680735945701599
2160,LGH020002,"[0.129688, 0.639352, 0.134375, 0.126852]",val,dbscam_euclidean,-1,True,False,
2160,LGH020002,"[0.14375, 0.012963, 0.069792, 0.025926]",val,dbscam_euclidean,0,False,True,0.33039146661758423
2160,LGH020002,"[0.223698, 0.656019, 0.042188, 0.073148]",val,dbscam_euclidean,0,False,True,0.3552061915397644
2160,LGH020002,"[0.722917, 0.44213, 0.032292, 0.073148]",val,dbscam_euclidean,0,False,True,0.2611442506313324
2160,LGH020002,"[0.266667, 0.052778, 0.011458, 0.066667]",val,dbscam_euclidean,0,False,True,0.42813819646835327
2160,LGH020002,"[0.252344, 0.42963, 0.035937, 0.022222]",val,dbscam_euclidean,0,False,True,0.33192178606987
2160,LGH020002,"[0.438802, 0.232407, 0.020313, 0.066667]",val,dbscam_euclidean,0,False,True,0.3081793785095215
2160,LGH020002,"[0.290885, 0.150926, 0.021354, 0.057407]",val,dbscam_euclidean,0,False,True,0.267985463142395
2160,LGH020002,"[0.414583, 0.318981, 0.038542, 0.047222]",val,dbscam_euclidean,0,False,True,0.25940752029418945
2160,LGH020002,"[0.546875, 0.431019, 0.035417, 0.041667]",val,dbscam_euclidean,0,False,True,0.26194289326667786
2160,LGH020002,"[0.607552, 0.15787, 0.014063, 0.043519]",val,dbscam_euclidean,0,False,True,0.3307204246520996
2160,LGH020002,"[0.49375, 0.378704, 0.032292, 0.038889]",val,dbscam_euclidean,0,False,True,0.27925431728363037
2160,LGH020002,"[0.804427, 0.846759, 0.042188, 0.056481]",val,dbscam_euclidean,0,False,True,0.30271297693252563
2160,LGH020002,"[0.524479, 0.526852, 0.0375, 0.037037]",val,dbscam_euclidean,0,False,True,0.2673114836215973
2160,LGH020002,"[0.417448, 0.385648, 0.034896, 0.041667]",val,dbscam_euclidean,0,False,True,0.2394719421863556
2160,LGH020002,"[0.895052, 0.730556, 0.042188, 0.044444]",val,dbscam_euclidean,0,False,True,0.29428014159202576
2160,LGH020002,"[0.910937, 0.780556, 0.0875, 0.068519]",val,dbscam_euclidean,0,False,True,0.408684641122818
2160,LGH020002,"[0.547396, 0.47963, 0.045833, 0.040741]",val,dbscam_euclidean,0,False,True,0.25610440969467163
2160,LGH020002,"[0.748177, 0.388426, 0.019271, 0.030556]",val,dbscam_euclidean,0,False,True,0.34669482707977295
2160,LGH020002,"[0.526042, 0.583333, 0.054167, 0.055556]",val,dbscam_euclidean,0,False,True,0.31660953164100647
2160,LGH020002,"[0.671875, 0.583333, 0.045833, 0.02963]",val,dbscam_euclidean,0,False,True,0.254734605550766
2160,LGH020002,"[0.866406, 0.324074, 0.013021, 0.040741]",val,dbscam_euclidean,0,False,True,0.3162028193473816
2160,LGH020002,"[0.833594, 0.963889, 0.056771, 0.07037]",val,dbscam_euclidean,0,False,True,0.39660173654556274
2160,LGH020002,"[0.17526, 0.324537, 0.017188, 0.030556]",val,dbscam_euclidean,0,False,True,0.3306625485420227
2160,LGH020002,"[0.135417, 0.729167, 0.013542, 0.017593]",val,dbscam_euclidean,0,False,True,0.409546434879303
2160,LGH020002,"[0.665885, 0.364815, 0.006771, 0.018519]",val,dbscam_euclidean,0,False,True,0.4343712031841278
2160,LGH020002,"[0.252083, 0.111574, 0.025, 0.04537]",val,dbscam_euclidean,0,False,True,0.3060731887817383
2160,LGH020002,"[0.750781, 0.325463, 0.022396, 0.041667]",val,dbscam_euclidean,0,False,True,0.2576727867126465
2160,LGH020002,"[0.00651, 0.29213, 0.013021, 0.028704]",val,dbscam_euclidean,0,False,True,0.3754829168319702
2160,LGH020002,"[0.342969, 0.55463, 0.069271, 0.057407]",val,dbscam_euclidean,0,False,True,0.35172876715660095
2160,LGH020002,"[0.414062, 0.459722, 0.040625, 0.026852]",val,dbscam_euclidean,0,False,True,0.3265282213687897
2160,LGH020002,"[0.589583, 0.64537, 0.05, 0.042593]",val,dbscam_euclidean,0,False,True,0.24979880452156067
2160,LGH020002,"[0.707552, 0.570833, 0.015104, 0.017593]",val,dbscam_euclidean,0,False,True,0.450508713722229
2160,LGH020002,"[0.582031, 0.731019, 0.040104, 0.073148]",val,dbscam_euclidean,0,False,True,0.364677369594574
2160,LGH020002,"[0.707292, 0.6375, 0.038542, 0.028704]",val,dbscam_euclidean,0,False,True,0.30086857080459595
2160,LGH020002,"[0.235937, 0.383333, 0.060417, 0.016667]",val,dbscam_euclidean,0,False,True,0.4006332755088806
2160,LGH020002,"[0.239844, 0.360185, 0.015104, 0.022222]",val,dbscam_euclidean,0,False,True,0.3982158601284027
2160,LGH020002,"[0.572135, 0.809259, 0.007812, 0.018519]",val,dbscam_euclidean,0,False,True,0.4476507902145386
2160,LGH020002,"[0.471094, 0.009259, 0.014063, 0.018519]",val,dbscam_euclidean,0,False,True,0.41018831729888916
2160,LGH020002,"[0.636979, 0.567593, 0.033333, 0.025926]",val,dbscam_euclidean,0,False,True,0.299328476190567
2160,LGH020002,"[0.950781, 0.086574, 0.006771, 0.017593]",val,dbscam_euclidean,0,False,True,0.43384629487991333
2160,LGH020002,"[0.389583, 0.456481, 0.009375, 0.027778]",val,dbscam_euclidean,0,False,True,0.4350650906562805
2160,LGH020002,"[0.95651, 0.422222, 0.085938, 0.125926]",val,dbscam_euclidean,0,False,True,0.5940262675285339
2160,LGH020002,"[0.272656, 0.777315, 0.013021, 0.021296]",val,dbscam_euclidean,0,False,True,0.4500528573989868
2160,LGH020002,"[0.697656, 0.766204, 0.059896, 0.130556]",val,dbscam_euclidean,0,False,True,0.49692389369010925
2160,LGH020002,"[0.730459, 0.940171, 0.057692, 0.109181]",val,dbscam_euclidean,0,False,True,0.45403891801834106
2160,LGH020002,"[0.752792, 0.762614, 0.047767, 0.102564]",val,dbscam_euclidean,0,False,True,0.42759326100349426
2160,LGH020002,"[0.932382, 0.926937, 0.059553, 0.100358]",val,dbscam_euclidean,0,False,True,0.44821926951408386
2160,LGH020002,"[0.884305, 0.431762, 0.050248, 0.082713]",val,dbscam_euclidean,0,False,True,0.421861469745636
1020,LGH020002,"[0.359115, 0.190278, 0.104688, 0.123148]",val,dbscam_euclidean,-1,True,False,
1020,LGH020002,"[0.405208, 0.101852, 0.045833, 0.103704]",val,dbscam_euclidean,0,False,False,0.5310325622558594
1020,LGH020002,"[0.572917, 0.405556, 0.066667, 0.048148]",val,dbscam_euclidean,0,False,True,0.3870258033275604
1020,LGH020002,"[0.471875, 0.269444, 0.047917, 0.135185]",val,dbscam_euclidean,0,False,False,0.5373329520225525
1020,LGH020002,"[0.805208, 0.1, 0.05625, 0.046296]",val,dbscam_euclidean,0,False,True,0.34388789534568787
1020,LGH020002,"[0.353646, 0.271759, 0.090625, 0.056481]",val,dbscam_euclidean,0,False,True,0.5306079387664795
1020,LGH020002,"[0.73099, 0.475, 0.072396, 0.031481]",val,dbscam_euclidean,0,False,True,0.34586426615715027
1020,LGH020002,"[0.479167, 0.024537, 0.01875, 0.049074]",val,dbscam_euclidean,0,False,True,0.2698647677898407
1020,LGH020002,"[0.624479, 0.279167, 0.048958, 0.060185]",val,dbscam_euclidean,0,False,True,0.30710890889167786
1020,LGH020002,"[0.675, 0.33287, 0.047917, 0.036111]",val,dbscam_euclidean,0,False,True,0.2522704005241394
1020,LGH020002,"[0.03151, 0.213426, 0.045312, 0.034259]",val,dbscam_euclidean,0,False,True,0.2577492594718933
1020,LGH020002,"[0.431771, 0.353704, 0.05, 0.033333]",val,dbscam_euclidean,0,False,True,0.34371256828308105
1020,LGH020002,"[0.339844, 0.538426, 0.043229, 0.026852]",val,dbscam_euclidean,0,False,True,0.20348763465881348
1020,LGH020002,"[0.558073, 0.207407, 0.011979, 0.077778]",val,dbscam_euclidean,0,False,True,0.42721110582351685
1020,LGH020002,"[0.575521, 0.26713, 0.034375, 0.067593]",val,dbscam_euclidean,0,False,True,0.34444132447242737
1020,LGH020002,"[0.438542, 0.2, 0.026042, 0.025926]",val,dbscam_euclidean,0,False,True,0.3133460581302643
1020,LGH020002,"[0.754948, 0.404167, 0.059896, 0.036111]",val,dbscam_euclidean,0,False,True,0.26033639907836914
1020,LGH020002,"[0.272656, 0.353241, 0.051562, 0.032407]",val,dbscam_euclidean,0,False,True,0.2747665345668793
1020,LGH020002,"[0.533073, 0.44213, 0.058854, 0.034259]",val,dbscam_euclidean,0,False,True,0.27601906657218933
1020,LGH020002,"[0.463281, 0.291204, 0.023438, 0.017593]",val,dbscam_euclidean,0,False,True,0.34317049384117126
1020,LGH020002,"[0.45651, 0.31713, 0.038021, 0.019444]",val,dbscam_euclidean,0,False,True,0.38108712434768677
1020,LGH020002,"[0.534896, 0.2, 0.0125, 0.075926]",val,dbscam_euclidean,0,False,True,0.3597024381160736
1020,LGH020002,"[0.933073, 0.175926, 0.049479, 0.024074]",val,dbscam_euclidean,0,False,True,0.26648861169815063
1020,LGH020002,"[0.650781, 0.173148, 0.032813, 0.031481]",val,dbscam_euclidean,0,False,True,0.25313878059387207
1020,LGH020002,"[0.532813, 0.576389, 0.03125, 0.017593]",val,dbscam_euclidean,0,False,True,0.3437742590904236
1020,LGH020002,"[0.269531, 0.313426, 0.031771, 0.019444]",val,dbscam_euclidean,0,False,True,0.26519906520843506
1020,LGH020002,"[0.024479, 0.030093, 0.040625, 0.056481]",val,dbscam_euclidean,0,False,True,0.36668241024017334
1020,LGH020002,"[0.272135, 0.01713, 0.016146, 0.034259]",val,dbscam_euclidean,0,False,True,0.26655659079551697
1020,LGH020002,"[0.834635, 0.181944, 0.023438, 0.058333]",val,dbscam_euclidean,0,False,True,0.352761834859848
1020,LGH020002,"[0.890365, 0.12963, 0.052604, 0.035185]",val,dbscam_euclidean,0,False,True,0.30942896008491516
1020,LGH020002,"[0.238542, 0.253704, 0.040625, 0.02037]",val,dbscam_euclidean,0,False,True,0.24814003705978394
1020,LGH020002,"[0.272917, 0.04213, 0.051042, 0.084259]",val,dbscam_euclidean,0,False,True,0.45907217264175415
1020,LGH020002,"[0.23125, 0.709722, 0.010417, 0.021296]",val,dbscam_euclidean,0,False,True,0.4428960382938385
1020,LGH020002,"[0.485417, 0.332407, 0.038542, 0.02037]",val,dbscam_euclidean,0,False,True,0.3047947585582733
1020,LGH020002,"[0.448698, 0.047685, 0.071354, 0.073148]",val,dbscam_euclidean,0,False,True,0.5560900568962097
1020,LGH020002,"[0.608854, 0.277315, 0.016667, 0.010185]",val,dbscam_euclidean,0,False,True,0.43657806515693665
1020,LGH020002,"[0.703385, 0.398611, 0.032813, 0.019444]",val,dbscam_euclidean,0,False,True,0.25481781363487244
1020,LGH020002,"[0.506771, 0.978704, 0.034375, 0.025926]",val,dbscam_euclidean,0,False,True,0.3036181330680847
1020,LGH020002,"[0.40625, 0.206019, 0.035417, 0.028704]",val,dbscam_euclidean,0,False,True,0.226399764418602
1020,LGH020002,"[0.067448, 0.847685, 0.013021, 0.019444]",val,dbscam_euclidean,0,False,True,0.3842480480670929
1020,LGH020002,"[0.522917, 0.276852, 0.017708, 0.022222]",val,dbscam_euclidean,0,False,True,0.33055686950683594
1020,LGH020002,"[0.706771, 0.410185, 0.039583, 0.042593]",val,dbscam_euclidean,0,False,True,0.2774823009967804
1020,LGH020002,"[0.409896, 0.477778, 0.036458, 0.025926]",val,dbscam_euclidean,0,False,True,0.2476239800453186
1020,LGH020002,"[0.615104, 0.176852, 0.008333, 0.055556]",val,dbscam_euclidean,0,False,True,0.4281255304813385
1020,LGH020002,"[0.148698, 0.72963, 0.008854, 0.014815]",val,dbscam_euclidean,0,False,True,0.4203774929046631
1020,LGH020002,"[0.290625, 0.536574, 0.027083, 0.017593]",val,dbscam_euclidean,0,False,True,0.30250999331474304
1020,LGH020002,"[0.824479, 0.22963, 0.034375, 0.042593]",val,dbscam_euclidean,0,False,True,0.2880951166152954
1020,LGH020002,"[0.573438, 0.344444, 0.067708, 0.17037]",val,dbscam_euclidean,-1,True,False,
1020,LGH020002,"[0.828125, 0.201852, 0.041667, 0.098148]",val,dbscam_euclidean,0,False,True,0.4441232681274414
1020,LGH020002,"[0.653226, 0.440033, 0.037221, 0.037497]",val,dbscam_euclidean,0,False,True,0.26736605167388916
1020,LGH020002,"[0.740074, 0.19024, 0.037221, 0.043011]",val,dbscam_euclidean,0,False,True,0.2899623215198517
1020,LGH020002,"[0.55397, 0.09319, 0.024814, 0.091536]",val,dbscam_euclidean,0,False,True,0.353238970041275
720,LGH020002,"[0.841927, 0.231481, 0.061979, 0.07037]",val,dbscam_euclidean,0,False,True,0.3409283757209778
720,LGH020002,"[0.232813, 0.102778, 0.13125, 0.205556]",val,dbscam_euclidean,-1,True,False,
720,LGH020002,"[0.861719, 0.157407, 0.065104, 0.072222]",val,dbscam_euclidean,0,False,True,0.3577170968055725
720,LGH020002,"[0.686458, 0.16713, 0.092708, 0.115741]",val,dbscam_euclidean,-1,True,False,
720,LGH020002,"[0.476823, 0.343981, 0.061979, 0.078704]",val,dbscam_euclidean,0,False,True,0.40927475690841675
720,LGH020002,"[0.928385, 0.302315, 0.140104, 0.05463]",val,dbscam_euclidean,-1,True,False,
720,LGH020002,"[0.774479, 0.319907, 0.048958, 0.049074]",val,dbscam_euclidean,0,False,True,0.2537700831890106
720,LGH020002,"[0.766146, 0.153704, 0.05, 0.092593]",val,dbscam_euclidean,0,False,True,0.39331817626953125
720,LGH020002,"[0.725781, 0.291667, 0.046354, 0.042593]",val,dbscam_euclidean,0,False,True,0.27264532446861267
720,LGH020002,"[0.350781, 0.437963, 0.035937, 0.077778]",val,dbscam_euclidean,0,False,True,0.2948034703731537
720,LGH020002,"[0.936198, 0.231944, 0.126562, 0.069444]",val,dbscam_euclidean,-1,True,False,
720,LGH020002,"[0.653385, 0.358333, 0.045312, 0.035185]",val,dbscam_euclidean,0,False,True,0.3119676411151886
720,LGH020002,"[0.746875, 0.228241, 0.057292, 0.049074]",val,dbscam_euclidean,0,False,True,0.282134085893631
720,LGH020002,"[0.860156, 0.098148, 0.077604, 0.131481]",val,dbscam_euclidean,0,False,False,0.5656116604804993
720,LGH020002,"[0.10651, 0.074074, 0.084896, 0.103704]",val,dbscam_euclidean,0,False,False,0.5950457453727722
720,LGH020002,"[0.698177, 0.591667, 0.052604, 0.027778]",val,dbscam_euclidean,0,False,True,0.33888542652130127
720,LGH020002,"[0.542708, 0.411111, 0.053125, 0.064815]",val,dbscam_euclidean,0,False,True,0.3391816318035126
720,LGH020002,"[0.560156, 0.140278, 0.018229, 0.123148]",val,dbscam_euclidean,0,False,False,0.43260839581489563
720,LGH020002,"[0.114062, 0.376389, 0.036458, 0.023148]",val,dbscam_euclidean,0,False,True,0.3726610541343689
720,LGH020002,"[0.507812, 0.233333, 0.038542, 0.096296]",val,dbscam_euclidean,0,False,True,0.35525035858154297
720,LGH020002,"[0.149219, 0.820833, 0.094271, 0.108333]",val,dbscam_euclidean,-1,True,False,
720,LGH020002,"[0.667708, 0.04537, 0.0125, 0.016667]",val,dbscam_euclidean,0,False,True,0.47335585951805115
720,LGH020002,"[0.567969, 0.489815, 0.017188, 0.02963]",val,dbscam_euclidean,0,False,True,0.44247323274612427
720,LGH020002,"[0.650781, 0.718981, 0.015104, 0.017593]",val,dbscam_euclidean,0,False,True,0.4426533877849579
720,LGH020002,"[0.286979, 0.793056, 0.027083, 0.056481]",val,dbscam_euclidean,0,False,True,0.2987411618232727
720,LGH020002,"[0.977344, 0.978704, 0.044271, 0.040741]",val,dbscam_euclidean,0,False,True,0.2858782708644867
720,LGH020002,"[0.54401, 0.668056, 0.052604, 0.080556]",val,dbscam_euclidean,0,False,True,0.3264116048812866
720,LGH020002,"[0.01224, 0.434259, 0.024479, 0.046296]",val,dbscam_euclidean,0,False,True,0.2915745675563812
720,LGH020002,"[0.729167, 0.316667, 0.013542, 0.016667]",val,dbscam_euclidean,0,False,True,0.4558495581150055
720,LGH020002,"[0.864583, 0.887037, 0.011458, 0.022222]",val,dbscam_euclidean,0,False,True,0.487738698720932
720,LGH020002,"[0.029687, 0.647222, 0.059375, 0.05]",val,dbscam_euclidean,0,False,True,0.31555965542793274
720,LGH020002,"[0.683854, 0.481944, 0.075, 0.036111]",val,dbscam_euclidean,0,False,True,0.32729372382164
720,LGH020002,"[0.886198, 0.050926, 0.025521, 0.037037]",val,dbscam_euclidean,0,False,True,0.2985844612121582
720,LGH020002,"[0.627344, 0.465741, 0.007812, 0.018519]",val,dbscam_euclidean,0,False,True,0.48511049151420593
720,LGH020002,"[0.394271, 0.043056, 0.04375, 0.086111]",val,dbscam_euclidean,0,False,True,0.36551883816719055
720,LGH020002,"[0.357292, 0.044444, 0.019792, 0.088889]",val,dbscam_euclidean,0,False,True,0.29226768016815186
720,LGH020002,"[0.834057, 0.430108, 0.047767, 0.086022]",val,dbscam_euclidean,0,False,True,0.34352314472198486
720,LGH020002,"[0.884615, 0.451061, 0.048387, 0.057348]",val,dbscam_euclidean,0,False,True,0.2907034158706665
720,LGH020002,"[0.433933, 0.811139, 0.032878, 0.076096]",val,dbscam_euclidean,0,False,True,0.2995009124279022
720,LGH020002,"[0.404156, 0.34188, 0.020471, 0.063965]",val,dbscam_euclidean,0,False,True,0.33655300736427307
1740,LGH020002,"[0.208594, 0.054167, 0.073438, 0.108333]",val,dbscam_euclidean,-1,True,False,
1740,LGH020002,"[0.02474, 0.490741, 0.049479, 0.046296]",val,dbscam_euclidean,0,False,True,0.28102177381515503
1740,LGH020002,"[0.50651, 0.736574, 0.038021, 0.015741]",val,dbscam_euclidean,0,False,True,0.402485191822052
1740,LGH020002,"[0.198698, 0.113889, 0.058854, 0.096296]",val,dbscam_euclidean,0,False,False,0.5364603400230408
1740,LGH020002,"[0.198177, 0.356019, 0.067187, 0.049074]",val,dbscam_euclidean,0,False,True,0.2940847873687744
1740,LGH020002,"[0.738542, 0.955093, 0.047917, 0.087963]",val,dbscam_euclidean,0,False,True,0.41873496770858765
1740,LGH020002,"[0.410938, 0.640278, 0.064583, 0.034259]",val,dbscam_euclidean,0,False,True,0.31551432609558105
1740,LGH020002,"[0.322917, 0.688426, 0.065625, 0.037963]",val,dbscam_euclidean,0,False,True,0.35206228494644165
1740,LGH020002,"[0.798958, 0.860648, 0.065625, 0.039815]",val,dbscam_euclidean,0,False,True,0.2766928970813751
1740,LGH020002,"[0.634896, 0.818981, 0.058333, 0.047222]",val,dbscam_euclidean,0,False,True,0.29836800694465637
1740,LGH020002,"[0.50651, 0.986111, 0.020313, 0.025926]",val,dbscam_euclidean,0,False,True,0.32492923736572266
1740,LGH020002,"[0.533073, 0.544907, 0.034896, 0.025]",val,dbscam_euclidean,0,False,True,0.2831210494041443
1740,LGH020002,"[0.139583, 0.925, 0.111458, 0.148148]",val,dbscam_euclidean,-1,True,False,
1740,LGH020002,"[0.352865, 0.556481, 0.030729, 0.038889]",val,dbscam_euclidean,0,False,True,0.2502169609069824
1740,LGH020002,"[0.352344, 0.425463, 0.033854, 0.05463]",val,dbscam_euclidean,0,False,True,0.26650816202163696
1740,LGH020002,"[0.709115, 0.769444, 0.028646, 0.037037]",val,dbscam_euclidean,0,False,True,0.2674824893474579
1740,LGH020002,"[0.520052, 0.766667, 0.022396, 0.044444]",val,dbscam_euclidean,0,False,True,0.3737315833568573
1740,LGH020002,"[0.4625, 0.39537, 0.03125, 0.061111]",val,dbscam_euclidean,0,False,True,0.3276260495185852
1740,LGH020002,"[0.489844, 0.381944, 0.026562, 0.036111]",val,dbscam_euclidean,0,False,True,0.241024911403656
1740,LGH020002,"[0.211719, 0.809259, 0.009896, 0.018519]",val,dbscam_euclidean,0,False,True,0.4970433712005615
1740,LGH020002,"[0.947135, 0.718519, 0.098437, 0.075926]",val,dbscam_euclidean,0,False,True,0.5151302814483643
1740,LGH020002,"[0.410156, 0.731944, 0.040104, 0.071296]",val,dbscam_euclidean,0,False,True,0.29787328839302063
1740,LGH020002,"[0.7875, 0.962037, 0.011458, 0.018519]",val,dbscam_euclidean,0,False,True,0.41061297059059143
1740,LGH020002,"[0.939323, 0.957407, 0.023438, 0.025926]",val,dbscam_euclidean,0,False,True,0.3128836154937744
1740,LGH020002,"[0.091927, 0.539815, 0.030729, 0.024074]",val,dbscam_euclidean,0,False,True,0.2781359553337097
1740,LGH020002,"[0.673958, 0.750463, 0.015625, 0.023148]",val,dbscam_euclidean,0,False,True,0.40416762232780457
1740,LGH020002,"[0.732292, 0.01713, 0.016667, 0.019444]",val,dbscam_euclidean,0,False,True,0.427100270986557
1740,LGH020002,"[0.595313, 0.250463, 0.010417, 0.05463]",val,dbscam_euclidean,0,False,True,0.43020305037498474
1740,LGH020002,"[0.411198, 0.922222, 0.040104, 0.07963]",val,dbscam_euclidean,0,False,True,0.33462730050086975
1740,LGH020002,"[0.453385, 0.084259, 0.004687, 0.024074]",val,dbscam_euclidean,0,False,True,0.4822196960449219
1740,LGH020002,"[0.4125, 0.881481, 0.04375, 0.035185]",val,dbscam_euclidean,0,False,True,0.2526620328426361
1740,LGH020002,"[0.332031, 0.959259, 0.006771, 0.024074]",val,dbscam_euclidean,0,False,True,0.4415295124053955
1740,LGH020002,"[0.433073, 0.665741, 0.027604, 0.02037]",val,dbscam_euclidean,0,False,True,0.4104298949241638
1740,LGH020002,"[0.596875, 0.851389, 0.034375, 0.025]",val,dbscam_euclidean,0,False,True,0.3383195400238037
1740,LGH020002,"[0.040365, 0.774537, 0.080729, 0.086111]",val,dbscam_euclidean,0,False,True,0.5138476490974426
1740,LGH020002,"[0.425781, 0.485185, 0.035937, 0.057407]",val,dbscam_euclidean,0,False,True,0.28154030442237854
1740,LGH020002,"[0.550781, 0.87037, 0.049479, 0.055556]",val,dbscam_euclidean,0,False,True,0.31564128398895264
1740,LGH020002,"[0.942708, 0.808333, 0.046875, 0.05]",val,dbscam_euclidean,0,False,True,0.29239723086357117
1740,LGH020002,"[0.542184, 0.923077, 0.073201, 0.077199]",val,dbscam_euclidean,0,False,True,0.43308380246162415
1740,LGH020002,"[0.325372, 0.783016, 0.07134, 0.063965]",val,dbscam_euclidean,0,False,True,0.4062403738498688
1740,LGH020002,"[0.366935, 0.345189, 0.051489, 0.063965]",val,dbscam_euclidean,0,False,True,0.352218359708786
1740,LGH020002,"[0.538462, 0.457679, 0.024814, 0.059553]",val,dbscam_euclidean,0,False,True,0.25795280933380127
1740,LGH020002,"[0.572891, 0.483595, 0.020471, 0.056245]",val,dbscam_euclidean,0,False,True,0.21763324737548828
1740,LGH020002,"[0.550868, 0.581748, 0.045906, 0.043011]",val,dbscam_euclidean,0,False,True,0.23903672397136688
480,LGH020002,"[0.950781, 0.252778, 0.097396, 0.118519]",val,dbscam_euclidean,-1,True,False,
480,LGH020002,"[0.609635, 0.496759, 0.058854, 0.062037]",val,dbscam_euclidean,0,False,True,0.363023579120636
480,LGH020002,"[0.539844, 0.403704, 0.041146, 0.042593]",val,dbscam_euclidean,0,False,True,0.26570266485214233
480,LGH020002,"[0.640885, 0.559722, 0.052604, 0.037963]",val,dbscam_euclidean,0,False,True,0.2376379668712616
480,LGH020002,"[0.6875, 0.491667, 0.041667, 0.042593]",val,dbscam_euclidean,0,False,True,0.24716824293136597
480,LGH020002,"[0.58776, 0.565741, 0.049479, 0.066667]",val,dbscam_euclidean,0,False,True,0.28404462337493896
480,LGH020002,"[0.489844, 0.362037, 0.010937, 0.02037]",val,dbscam_euclidean,0,False,True,0.5088450312614441
480,LGH020002,"[0.496875, 0.586111, 0.0375, 0.103704]",val,dbscam_euclidean,0,False,True,0.3630158007144928
480,LGH020002,"[0.989844, 0.359722, 0.019271, 0.021296]",val,dbscam_euclidean,0,False,True,0.40586623549461365
480,LGH020002,"[0.210417, 0.183796, 0.0125, 0.023148]",val,dbscam_euclidean,0,False,True,0.41895464062690735
480,LGH020002,"[0.36276, 0.269907, 0.040104, 0.039815]",val,dbscam_euclidean,0,False,True,0.213663250207901
480,LGH020002,"[0.313802, 0.081944, 0.013021, 0.021296]",val,dbscam_euclidean,0,False,True,0.42321938276290894
480,LGH020002,"[0.584375, 0.349074, 0.03125, 0.092593]",val,dbscam_euclidean,0,False,True,0.3951491713523865
480,LGH020002,"[0.673958, 0.264352, 0.044792, 0.037963]",val,dbscam_euclidean,0,False,True,0.2531616985797882
480,LGH020002,"[0.545312, 0.450463, 0.044792, 0.021296]",val,dbscam_euclidean,0,False,True,0.3352096676826477
480,LGH020002,"[0.58776, 0.408333, 0.015104, 0.027778]",val,dbscam_euclidean,0,False,True,0.3810594379901886
480,LGH020002,"[0.018229, 0.122685, 0.036458, 0.037963]",val,dbscam_euclidean,0,False,True,0.2742883265018463
480,LGH020002,"[0.759375, 0.271296, 0.027083, 0.018519]",val,dbscam_euclidean,0,False,True,0.3659937381744385
480,LGH020002,"[0.651302, 0.723611, 0.019271, 0.080556]",val,dbscam_euclidean,0,False,True,0.3267817795276642
480,LGH020002,"[0.697656, 0.912037, 0.047396, 0.061111]",val,dbscam_euclidean,0,False,True,0.3329907953739166
480,LGH020002,"[0.611198, 0.725463, 0.045312, 0.050926]",val,dbscam_euclidean,0,False,True,0.243996724486351
480,LGH020002,"[0.734896, 0.265278, 0.075, 0.04537]",val,dbscam_euclidean,0,False,True,0.3787015974521637
480,LGH020002,"[0.665885, 0.601852, 0.042188, 0.042593]",val,dbscam_euclidean,0,False,True,0.2614973485469818
480,LGH020002,"[0.615625, 0.432407, 0.03125, 0.035185]",val,dbscam_euclidean,0,False,True,0.25252002477645874
480,LGH020002,"[0.33151, 0.653704, 0.006771, 0.025926]",val,dbscam_euclidean,0,False,True,0.4691738486289978
480,LGH020002,"[0.653646, 0.649074, 0.034375, 0.02037]",val,dbscam_euclidean,0,False,True,0.37338942289352417
480,LGH020002,"[0.714583, 0.894907, 0.0125, 0.021296]",val,dbscam_euclidean,0,False,True,0.44170552492141724
480,LGH020002,"[0.406638, 0.369451, 0.044045, 0.068376]",val,dbscam_euclidean,0,False,True,0.28512081503868103
480,LGH020002,"[0.747519, 0.400882, 0.074442, 0.051833]",val,dbscam_euclidean,0,False,True,0.36310747265815735
480,LGH020002,"[0.845844, 0.515026, 0.075062, 0.06617]",val,dbscam_euclidean,0,False,True,0.43592363595962524
480,LGH020002,"[0.949132, 0.517783, 0.076923, 0.047422]",val,dbscam_euclidean,0,False,True,0.3177962005138397
480,LGH020002,"[0.908499, 0.489109, 0.044045, 0.095947]",val,dbscam_euclidean,0,False,True,0.41102954745292664
480,LGH020002,"[0.930211, 0.850289, 0.087469, 0.123518]",val,dbscam_euclidean,0,False,False,0.5987253189086914
870,LGH020002,"[0.285417, 0.917593, 0.026042, 0.051852]",val,dbscam_euclidean,0,False,True,0.31419333815574646
870,LGH020002,"[0.624219, 0.970833, 0.021354, 0.04537]",val,dbscam_euclidean,0,False,True,0.3268686830997467
870,LGH020002,"[0.771094, 0.972222, 0.072396, 0.051852]",val,dbscam_euclidean,0,False,True,0.4267923831939697
870,LGH020002,"[0.988281, 0.84213, 0.022396, 0.028704]",val,dbscam_euclidean,0,False,True,0.208099827170372
870,LGH020002,"[0.513281, 0.842593, 0.022396, 0.025926]",val,dbscam_euclidean,0,False,True,0.2592037320137024
870,LGH020002,"[0.678385, 0.84537, 0.040104, 0.064815]",val,dbscam_euclidean,0,False,True,0.40558719635009766
870,LGH020002,"[0.73125, 0.483796, 0.041667, 0.028704]",val,dbscam_euclidean,0,False,True,0.24333785474300385
870,LGH020002,"[0.316146, 0.653241, 0.026042, 0.026852]",val,dbscam_euclidean,0,False,True,0.26094427704811096
870,LGH020002,"[0.728906, 0.699074, 0.044271, 0.035185]",val,dbscam_euclidean,0,False,True,0.31190332770347595
870,LGH020002,"[0.578906, 0.793519, 0.017188, 0.053704]",val,dbscam_euclidean,0,False,True,0.2519877851009369
870,LGH020002,"[0.882031, 0.739352, 0.026562, 0.043519]",val,dbscam_euclidean,0,False,True,0.26036712527275085
870,LGH020002,"[0.610938, 0.848148, 0.013542, 0.037037]",val,dbscam_euclidean,0,False,True,0.31259146332740784
870,LGH020002,"[0.569531, 0.730556, 0.005729, 0.027778]",val,dbscam_euclidean,0,False,True,0.39466163516044617
870,LGH020002,"[0.186458, 0.568519, 0.020833, 0.02963]",val,dbscam_euclidean,0,False,True,0.21075576543807983
870,LGH020002,"[0.98724, 0.736574, 0.024479, 0.025]",val,dbscam_euclidean,0,False,True,0.22589290142059326
870,LGH020002,"[0.45, 0.768056, 0.039583, 0.052778]",val,dbscam_euclidean,0,False,True,0.3133305013179779
870,LGH020002,"[0.445573, 0.816667, 0.028646, 0.042593]",val,dbscam_euclidean,0,False,True,0.2458108514547348
870,LGH020002,"[0.929688, 0.840741, 0.010417, 0.016667]",val,dbscam_euclidean,0,False,True,0.3266318440437317
870,LGH020002,"[0.770052, 0.859259, 0.031771, 0.040741]",val,dbscam_euclidean,0,False,True,0.27536091208457947
870,LGH020002,"[0.56875, 0.683796, 0.0125, 0.025]",val,dbscam_euclidean,0,False,True,0.3444661796092987
870,LGH020002,"[0.756771, 0.989815, 0.032292, 0.018519]",val,dbscam_euclidean,0,False,True,0.2619772255420685
2010,LGH020002,"[0.507031, 0.315741, 0.055729, 0.042593]",val,dbscam_euclidean,0,False,True,0.29525241255760193
2010,LGH020002,"[0.911458, 0.4125, 0.108333, 0.034259]",val,dbscam_euclidean,0,False,True,0.41470035910606384
2010,LGH020002,"[0.73151, 0.087037, 0.033854, 0.1]",val,dbscam_euclidean,0,False,True,0.40309008955955505
2010,LGH020002,"[0.284115, 0.496296, 0.055729, 0.031481]",val,dbscam_euclidean,0,False,True,0.2713225781917572
2010,LGH020002,"[0.954167, 0.02963, 0.073958, 0.059259]",val,dbscam_euclidean,0,False,True,0.4130794107913971
2010,LGH020002,"[0.565365, 0.358796, 0.052604, 0.032407]",val,dbscam_euclidean,0,False,True,0.2764523923397064
2010,LGH020002,"[0.266927, 0.549074, 0.125521, 0.072222]",val,dbscam_euclidean,0,False,False,0.5782647728919983
2010,LGH020002,"[0.885938, 0.014815, 0.044792, 0.02963]",val,dbscam_euclidean,0,False,True,0.24953317642211914
2010,LGH020002,"[0.513021, 0.126852, 0.0125, 0.103704]",val,dbscam_euclidean,0,False,True,0.4353081285953522
2010,LGH020002,"[0.459375, 0.056944, 0.054167, 0.05463]",val,dbscam_euclidean,0,False,True,0.33040985465049744
2010,LGH020002,"[0.522917, 0.441667, 0.060417, 0.031481]",val,dbscam_euclidean,0,False,True,0.3236559331417084
2010,LGH020002,"[0.509115, 0.393981, 0.055729, 0.043519]",val,dbscam_euclidean,0,False,True,0.3228389024734497
2010,LGH020002,"[0.190625, 0.489352, 0.0875, 0.047222]",val,dbscam_euclidean,0,False,True,0.3731684386730194
2010,LGH020002,"[0.319792, 0.290278, 0.036458, 0.030556]",val,dbscam_euclidean,0,False,True,0.2689253091812134
2010,LGH020002,"[0.708594, 0.232407, 0.041146, 0.044444]",val,dbscam_euclidean,0,False,True,0.31159281730651855
2010,LGH020002,"[0.683333, 0.502778, 0.040625, 0.035185]",val,dbscam_euclidean,0,False,True,0.24593430757522583
2010,LGH020002,"[0.735677, 0.390741, 0.040104, 0.038889]",val,dbscam_euclidean,0,False,True,0.23814992606639862
2010,LGH020002,"[0.284635, 0.100463, 0.014063, 0.023148]",val,dbscam_euclidean,0,False,True,0.38529276847839355
2010,LGH020002,"[0.376302, 0.113889, 0.023438, 0.022222]",val,dbscam_euclidean,0,False,True,0.31515762209892273
2010,LGH020002,"[0.96849, 0.081019, 0.061979, 0.119444]",val,dbscam_euclidean,0,False,True,0.5343411564826965
2010,LGH020002,"[0.263281, 0.606019, 0.033854, 0.065741]",val,dbscam_euclidean,0,False,True,0.3339185416698456
2010,LGH020002,"[0.985156, 0.099537, 0.028646, 0.084259]",val,dbscam_euclidean,0,False,True,0.3438622057437897
2010,LGH020002,"[0.480469, 0.231019, 0.014063, 0.065741]",val,dbscam_euclidean,0,False,True,0.38768938183784485
2010,LGH020002,"[0.820052, 0.780556, 0.040104, 0.016667]",val,dbscam_euclidean,0,False,True,0.3402366638183594
2010,LGH020002,"[0.202344, 0.063889, 0.027604, 0.014815]",val,dbscam_euclidean,0,False,True,0.400363951921463
2010,LGH020002,"[0.607031, 0.377778, 0.034896, 0.018519]",val,dbscam_euclidean,0,False,True,0.35269156098365784
2010,LGH020002,"[0.391406, 0.144444, 0.014063, 0.035185]",val,dbscam_euclidean,0,False,True,0.37842193245887756
2010,LGH020002,"[0.249479, 0.148611, 0.022917, 0.026852]",val,dbscam_euclidean,0,False,True,0.264731228351593
2010,LGH020002,"[0.424479, 0.490741, 0.06875, 0.038889]",val,dbscam_euclidean,0,False,True,0.35240402817726135
2010,LGH020002,"[0.25, 0.281019, 0.01875, 0.026852]",val,dbscam_euclidean,0,False,True,0.291729211807251
2010,LGH020002,"[0.366406, 0.344907, 0.038021, 0.026852]",val,dbscam_euclidean,0,False,True,0.29795965552330017
2010,LGH020002,"[0.538281, 0.051852, 0.046354, 0.061111]",val,dbscam_euclidean,0,False,True,0.35583850741386414
2010,LGH020002,"[0.301563, 0.301852, 0.027083, 0.074074]",val,dbscam_euclidean,0,False,True,0.3384111821651459
2010,LGH020002,"[0.972917, 0.301852, 0.053125, 0.088889]",val,dbscam_euclidean,0,False,True,0.4270794093608856
2010,LGH020002,"[0.034635, 0.427315, 0.069271, 0.069444]",val,dbscam_euclidean,0,False,True,0.4496825635433197
2010,LGH020002,"[0.571354, 0.483796, 0.039583, 0.030556]",val,dbscam_euclidean,0,False,True,0.3717324733734131
2010,LGH020002,"[0.867708, 0.357407, 0.013542, 0.024074]",val,dbscam_euclidean,0,False,True,0.4331386685371399
2010,LGH020002,"[0.799219, 0.154167, 0.036979, 0.025]",val,dbscam_euclidean,0,False,True,0.2888602316379547
2010,LGH020002,"[0.813542, 0.889815, 0.033333, 0.053704]",val,dbscam_euclidean,0,False,True,0.2672635614871979
2010,LGH020002,"[0.793229, 0.382407, 0.014583, 0.027778]",val,dbscam_euclidean,0,False,True,0.38985908031463623
2010,LGH020002,"[0.725781, 0.160185, 0.052604, 0.037037]",val,dbscam_euclidean,0,False,True,0.27560925483703613
2010,LGH020002,"[0.928906, 0.152315, 0.032813, 0.030556]",val,dbscam_euclidean,0,False,True,0.28572893142700195
2010,LGH020002,"[0.14375, 0.041204, 0.053125, 0.082407]",val,dbscam_euclidean,0,False,True,0.4420474171638489
2010,LGH020002,"[0.725521, 0.514352, 0.036458, 0.028704]",val,dbscam_euclidean,0,False,True,0.26116958260536194
2010,LGH020002,"[0.676562, 0.268056, 0.022917, 0.025]",val,dbscam_euclidean,0,False,True,0.36592841148376465
2010,LGH020002,"[0.33099, 0.832407, 0.055729, 0.07037]",val,dbscam_euclidean,0,False,True,0.36389079689979553
2010,LGH020002,"[0.939323, 0.052315, 0.103646, 0.10463]",val,dbscam_euclidean,0,False,False,0.6273778676986694
2010,LGH020002,"[0.25599, 0.704167, 0.055729, 0.126852]",val,dbscam_euclidean,0,False,True,0.528138279914856
2010,LGH020002,"[0.842187, 0.143056, 0.060417, 0.065741]",val,dbscam_euclidean,0,False,True,0.4005414843559265
2010,LGH020002,"[0.076563, 0.988889, 0.020833, 0.02037]",val,dbscam_euclidean,0,False,True,0.3784863352775574
2010,LGH020002,"[0.878906, 0.958796, 0.021354, 0.028704]",val,dbscam_euclidean,0,False,True,0.2868921160697937
2010,LGH020002,"[0.122656, 0.599537, 0.058854, 0.026852]",val,dbscam_euclidean,0,False,True,0.35860127210617065
2010,LGH020002,"[0.976042, 0.768056, 0.046875, 0.062037]",val,dbscam_euclidean,0,False,True,0.37127089500427246
2010,LGH020002,"[0.742448, 0.113426, 0.021354, 0.019444]",val,dbscam_euclidean,0,False,True,0.39008283615112305
2010,LGH020002,"[0.122135, 0.044444, 0.032813, 0.014815]",val,dbscam_euclidean,0,False,True,0.35960638523101807
2010,LGH020002,"[0.628646, 0.635648, 0.039583, 0.049074]",val,dbscam_euclidean,0,False,True,0.2652283310890198
2010,LGH020002,"[0.068229, 0.038426, 0.060417, 0.076852]",val,dbscam_euclidean,0,False,True,0.4224112629890442
2010,LGH020002,"[0.291927, 0.977315, 0.056771, 0.034259]",val,dbscam_euclidean,0,False,True,0.24269920587539673
2010,LGH020002,"[0.554948, 0.064815, 0.013021, 0.035185]",val,dbscam_euclidean,0,False,True,0.39079904556274414
2010,LGH020002,"[0.536458, 0.518981, 0.052083, 0.036111]",val,dbscam_euclidean,0,False,True,0.26140183210372925
2010,LGH020002,"[0.009635, 0.306944, 0.019271, 0.060185]",val,dbscam_euclidean,0,False,True,0.3036499321460724
2010,LGH020002,"[0.028385, 0.54537, 0.028646, 0.025926]",val,dbscam_euclidean,0,False,True,0.30230966210365295
2010,LGH020002,"[0.300521, 0.991667, 0.054167, 0.014815]",val,dbscam_euclidean,0,False,True,0.3630825877189636
2010,LGH020002,"[0.891146, 0.972685, 0.044792, 0.052778]",val,dbscam_euclidean,0,False,True,0.2529098093509674
2010,LGH020002,"[0.532292, 0.8625, 0.011458, 0.021296]",val,dbscam_euclidean,0,False,True,0.4261825382709503
2010,LGH020002,"[0.675521, 0.30463, 0.061458, 0.062963]",val,dbscam_euclidean,0,False,True,0.38119348883628845
2010,LGH020002,"[0.589583, 0.893056, 0.032292, 0.034259]",val,dbscam_euclidean,0,False,True,0.2847701907157898
2010,LGH020002,"[0.976042, 0.047685, 0.046875, 0.05463]",val,dbscam_euclidean,0,False,True,0.3423066735267639
2010,LGH020002,"[0.172917, 0.385185, 0.022917, 0.038889]",val,dbscam_euclidean,0,False,True,0.23810788989067078
2010,LGH020002,"[0.74375, 0.047685, 0.010417, 0.021296]",val,dbscam_euclidean,0,False,True,0.4749101400375366
2010,LGH020002,"[0.983594, 0.32037, 0.031771, 0.014815]",val,dbscam_euclidean,0,False,True,0.32066863775253296
2010,LGH020002,"[0.322656, 0.818519, 0.040104, 0.044444]",val,dbscam_euclidean,0,False,True,0.2716825604438782
2010,LGH020002,"[0.316146, 0.556019, 0.028125, 0.058333]",val,dbscam_euclidean,0,False,True,0.3459759056568146
2010,LGH020002,"[0.74974, 0.212963, 0.023438, 0.02963]",val,dbscam_euclidean,0,False,True,0.2482927441596985
2010,LGH020002,"[0.352604, 0.856019, 0.0125, 0.025]",val,dbscam_euclidean,0,False,True,0.4359780251979828
2010,LGH020002,"[0.772953, 0.417976, 0.060794, 0.039702]",val,dbscam_euclidean,0,False,True,0.2686920166015625
2040,LGH020002,"[0.726042, 0.175463, 0.060417, 0.047222]",val,dbscam_euclidean,0,False,True,0.3418143689632416
2040,LGH020002,"[0.110937, 0.206019, 0.111458, 0.071296]",val,dbscam_euclidean,0,False,True,0.5284277200698853
2040,LGH020002,"[0.697135, 0.310648, 0.063021, 0.04537]",val,dbscam_euclidean,0,False,True,0.37882646918296814
2040,LGH020002,"[0.83151, 0.117593, 0.078646, 0.111111]",val,dbscam_euclidean,0,False,True,0.5944398045539856
2040,LGH020002,"[0.344271, 0.240741, 0.059375, 0.048148]",val,dbscam_euclidean,0,False,True,0.31986290216445923
2040,LGH020002,"[0.411458, 0.122685, 0.022917, 0.025]",val,dbscam_euclidean,0,False,True,0.28458723425865173
2040,LGH020002,"[0.928906, 0.034259, 0.063021, 0.068519]",val,dbscam_euclidean,0,False,True,0.44987931847572327
2040,LGH020002,"[0.15026, 0.351389, 0.049479, 0.050926]",val,dbscam_euclidean,0,False,True,0.34027424454689026
2040,LGH020002,"[0.444271, 0.175926, 0.035417, 0.044444]",val,dbscam_euclidean,0,False,True,0.33395618200302124
2040,LGH020002,"[0.345573, 0.507407, 0.069271, 0.059259]",val,dbscam_euclidean,0,False,True,0.40109726786613464
2040,LGH020002,"[0.501563, 0.383796, 0.048958, 0.028704]",val,dbscam_euclidean,0,False,True,0.2602771818637848
2040,LGH020002,"[0.679167, 0.363889, 0.0625, 0.022222]",val,dbscam_euclidean,0,False,True,0.3894444704055786
2040,LGH020002,"[0.598698, 0.338889, 0.055729, 0.053704]",val,dbscam_euclidean,0,False,True,0.3406738340854645
2040,LGH020002,"[0.602344, 0.388889, 0.067187, 0.044444]",val,dbscam_euclidean,0,False,True,0.32347142696380615
2040,LGH020002,"[0.888542, 0.363889, 0.052083, 0.044444]",val,dbscam_euclidean,0,False,True,0.2949971556663513
2040,LGH020002,"[0.408073, 0.037963, 0.048438, 0.048148]",val,dbscam_euclidean,0,False,True,0.3267928957939148
2040,LGH020002,"[0.847656, 0.344907, 0.066146, 0.050926]",val,dbscam_euclidean,0,False,True,0.36337846517562866
2040,LGH020002,"[0.054948, 0.089352, 0.109896, 0.178704]",val,dbscam_euclidean,-1,True,False,
2040,LGH020002,"[0.845573, 0.292593, 0.068229, 0.051852]",val,dbscam_euclidean,0,False,True,0.3529409170150757
2040,LGH020002,"[0.976042, 0.108333, 0.046875, 0.055556]",val,dbscam_euclidean,0,False,True,0.3027765452861786
2040,LGH020002,"[0.775, 0.261111, 0.057292, 0.025926]",val,dbscam_euclidean,0,False,True,0.3204076588153839
2040,LGH020002,"[0.280729, 0.041667, 0.055208, 0.042593]",val,dbscam_euclidean,0,False,True,0.28476080298423767
2040,LGH020002,"[0.066146, 0.747685, 0.034375, 0.117593]",val,dbscam_euclidean,0,False,True,0.42098090052604675
2040,LGH020002,"[0.373437, 0.287963, 0.027083, 0.024074]",val,dbscam_euclidean,0,False,True,0.2983362376689911
2040,LGH020002,"[0.669531, 0.016667, 0.007812, 0.02963]",val,dbscam_euclidean,0,False,True,0.46680110692977905
2040,LGH020002,"[0.761719, 0.785185, 0.060937, 0.05]",val,dbscam_euclidean,0,False,True,0.3185780942440033
2040,LGH020002,"[0.760156, 0.275926, 0.040104, 0.044444]",val,dbscam_euclidean,0,False,True,0.2899986803531647
2040,LGH020002,"[0.728125, 0.235648, 0.034375, 0.049074]",val,dbscam_euclidean,0,False,True,0.27889755368232727
2040,LGH020002,"[0.842708, 0.221759, 0.025, 0.028704]",val,dbscam_euclidean,0,False,True,0.3108038306236267
2040,LGH020002,"[0.67526, 0.492593, 0.041146, 0.027778]",val,dbscam_euclidean,0,False,True,0.3651881217956543
2040,LGH020002,"[0.009375, 0.093056, 0.01875, 0.060185]",val,dbscam_euclidean,0,False,True,0.3043030798435211
2040,LGH020002,"[0.264844, 0.683796, 0.061979, 0.050926]",val,dbscam_euclidean,0,False,True,0.27863001823425293
2040,LGH020002,"[0.350521, 0.047685, 0.017708, 0.09537]",val,dbscam_euclidean,0,False,True,0.3947266638278961
2040,LGH020002,"[0.354948, 0.086574, 0.008854, 0.019444]",val,dbscam_euclidean,0,False,True,0.44335830211639404
2040,LGH020002,"[0.558073, 0.091204, 0.045312, 0.049074]",val,dbscam_euclidean,0,False,True,0.3374115526676178
2040,LGH020002,"[0.419792, 0.472685, 0.051042, 0.037963]",val,dbscam_euclidean,0,False,True,0.27950653433799744
2040,LGH020002,"[0.889583, 0.181481, 0.048958, 0.02963]",val,dbscam_euclidean,0,False,True,0.26302409172058105
2040,LGH020002,"[0.630729, 0.350926, 0.017708, 0.027778]",val,dbscam_euclidean,0,False,True,0.3566781282424927
2040,LGH020002,"[0.540104, 0.393056, 0.021875, 0.026852]",val,dbscam_euclidean,0,False,True,0.33227649331092834
2040,LGH020002,"[0.314583, 0.140278, 0.010417, 0.028704]",val,dbscam_euclidean,0,False,True,0.4633392095565796
2040,LGH020002,"[0.548698, 0.431944, 0.048438, 0.032407]",val,dbscam_euclidean,0,False,True,0.34702253341674805
2040,LGH020002,"[0.797396, 0.042593, 0.021875, 0.051852]",val,dbscam_euclidean,0,False,True,0.2553723156452179
2040,LGH020002,"[0.026042, 0.555093, 0.052083, 0.023148]",val,dbscam_euclidean,0,False,True,0.39320141077041626
2040,LGH020002,"[0.900521, 0.776852, 0.072917, 0.042593]",val,dbscam_euclidean,0,False,True,0.3427324891090393
2040,LGH020002,"[0.652604, 0.488889, 0.086458, 0.035185]",val,dbscam_euclidean,0,False,True,0.3370850384235382
2040,LGH020002,"[0.869792, 0.397222, 0.027083, 0.031481]",val,dbscam_euclidean,0,False,True,0.2646956741809845
2040,LGH020002,"[0.288021, 0.19213, 0.011458, 0.026852]",val,dbscam_euclidean,0,False,True,0.3789399266242981
2040,LGH020002,"[0.448437, 0.289815, 0.013542, 0.044444]",val,dbscam_euclidean,0,False,True,0.3263167142868042
2040,LGH020002,"[0.596354, 0.685648, 0.010417, 0.017593]",val,dbscam_euclidean,0,False,True,0.4135397672653198
2040,LGH020002,"[0.503646, 0.5, 0.016667, 0.022222]",val,dbscam_euclidean,0,False,True,0.38717642426490784
2040,LGH020002,"[0.927865, 0.386111, 0.090104, 0.035185]",val,dbscam_euclidean,0,False,True,0.3492007553577423
2040,LGH020002,"[0.899479, 0.278704, 0.030208, 0.031481]",val,dbscam_euclidean,0,False,True,0.27724701166152954
2040,LGH020002,"[0.151823, 0.475926, 0.024479, 0.022222]",val,dbscam_euclidean,0,False,True,0.3382270634174347
2040,LGH020002,"[0.93125, 0.192593, 0.00625, 0.035185]",val,dbscam_euclidean,0,False,True,0.457406610250473
2040,LGH020002,"[0.989844, 0.312037, 0.019271, 0.02963]",val,dbscam_euclidean,0,False,True,0.29578420519828796
2040,LGH020002,"[0.822396, 0.332407, 0.028125, 0.033333]",val,dbscam_euclidean,0,False,True,0.24158738553524017
2040,LGH020002,"[0.210417, 0.663426, 0.01875, 0.013889]",val,dbscam_euclidean,0,False,True,0.37318772077560425
2040,LGH020002,"[0.73151, 0.948611, 0.044271, 0.063889]",val,dbscam_euclidean,0,False,True,0.36864858865737915
2040,LGH020002,"[0.596875, 0.201389, 0.015625, 0.012037]",val,dbscam_euclidean,0,False,True,0.3653452694416046
2040,LGH020002,"[0.785937, 0.064352, 0.053125, 0.09537]",val,dbscam_euclidean,0,False,True,0.4980451166629791
2040,LGH020002,"[0.728646, 0.836111, 0.011458, 0.016667]",val,dbscam_euclidean,0,False,True,0.37859222292900085
2040,LGH020002,"[0.415104, 0.047222, 0.034375, 0.02963]",val,dbscam_euclidean,0,False,True,0.2254740595817566
2040,LGH020002,"[0.633594, 0.491204, 0.041146, 0.021296]",val,dbscam_euclidean,0,False,True,0.3149939179420471
2040,LGH020002,"[0.113021, 0.258796, 0.115625, 0.176852]",val,dbscam_euclidean,-1,True,False,
2040,LGH020002,"[0.153646, 0.681481, 0.014583, 0.011111]",val,dbscam_euclidean,0,False,True,0.4169996976852417
2040,LGH020002,"[0.565365, 0.100463, 0.030729, 0.030556]",val,dbscam_euclidean,0,False,True,0.27968287467956543
2040,LGH020002,"[0.782292, 0.081019, 0.045833, 0.041667]",val,dbscam_euclidean,0,False,True,0.29004374146461487
2040,LGH020002,"[0.258594, 0.166204, 0.010937, 0.015741]",val,dbscam_euclidean,0,False,True,0.41160672903060913
2040,LGH020002,"[0.226117, 0.833195, 0.039082, 0.12021]",val,dbscam_euclidean,0,False,True,0.44306713342666626
2040,LGH020002,"[0.92773, 0.655638, 0.093672, 0.091536]",val,dbscam_euclidean,0,False,True,0.5736392736434937
2040,LGH020002,"[0.855769, 0.426799, 0.078784, 0.037497]",val,dbscam_euclidean,0,False,True,0.3007594347000122
1260,LGH020002,"[0.749479, 0.146296, 0.06875, 0.137037]",val,dbscam_euclidean,-1,True,False,
1260,LGH020002,"[0.815365, 0.055093, 0.057813, 0.047222]",val,dbscam_euclidean,0,False,True,0.3090652525424957
1260,LGH020002,"[0.5875, 0.455093, 0.0375, 0.023148]",val,dbscam_euclidean,0,False,True,0.27851828932762146
1260,LGH020002,"[0.435937, 0.424074, 0.06875, 0.044444]",val,dbscam_euclidean,0,False,True,0.3808203935623169
1260,LGH020002,"[0.273958, 0.310185, 0.070833, 0.061111]",val,dbscam_euclidean,0,False,True,0.3666028678417206
1260,LGH020002,"[0.628906, 0.400926, 0.044271, 0.037037]",val,dbscam_euclidean,0,False,True,0.21650825440883636
1260,LGH020002,"[0.442188, 0.181944, 0.052083, 0.039815]",val,dbscam_euclidean,0,False,True,0.3454380929470062
1260,LGH020002,"[0.105208, 0.262037, 0.119792, 0.07963]",val,dbscam_euclidean,-1,True,False,
1260,LGH020002,"[0.521875, 0.234722, 0.046875, 0.052778]",val,dbscam_euclidean,0,False,True,0.365266352891922
1260,LGH020002,"[0.752604, 0.074537, 0.039583, 0.108333]",val,dbscam_euclidean,0,False,True,0.47240641713142395
1260,LGH020002,"[0.331771, 0.393056, 0.035417, 0.026852]",val,dbscam_euclidean,0,False,True,0.2239243984222412
1260,LGH020002,"[0.896094, 0.403241, 0.055729, 0.078704]",val,dbscam_euclidean,0,False,True,0.4417647421360016
1260,LGH020002,"[0.286719, 0.493519, 0.033854, 0.018519]",val,dbscam_euclidean,0,False,True,0.38140755891799927
1260,LGH020002,"[0.253906, 0.401389, 0.024479, 0.015741]",val,dbscam_euclidean,0,False,True,0.3939230442047119
1260,LGH020002,"[0.972135, 0.405556, 0.054688, 0.024074]",val,dbscam_euclidean,0,False,True,0.3497413098812103
1260,LGH020002,"[0.660677, 0.335185, 0.034896, 0.038889]",val,dbscam_euclidean,0,False,True,0.2666049003601074
1260,LGH020002,"[0.524479, 0.402315, 0.040625, 0.019444]",val,dbscam_euclidean,0,False,True,0.38782012462615967
1260,LGH020002,"[0.921615, 0.291667, 0.055729, 0.075926]",val,dbscam_euclidean,0,False,True,0.3787727653980255
1260,LGH020002,"[0.528125, 0.420833, 0.029167, 0.023148]",val,dbscam_euclidean,0,False,True,0.3199661374092102
1260,LGH020002,"[0.728906, 0.433333, 0.064062, 0.044444]",val,dbscam_euclidean,0,False,True,0.3487641513347626
1260,LGH020002,"[0.309635, 0.561111, 0.056771, 0.05]",val,dbscam_euclidean,0,False,True,0.3491266965866089
1260,LGH020002,"[0.043229, 0.583796, 0.086458, 0.069444]",val,dbscam_euclidean,0,False,True,0.44354376196861267
1260,LGH020002,"[0.877865, 0.139352, 0.065104, 0.025]",val,dbscam_euclidean,0,False,True,0.3014427423477173
1260,LGH020002,"[0.175521, 0.14213, 0.060417, 0.04537]",val,dbscam_euclidean,0,False,True,0.3448857367038727
1260,LGH020002,"[0.355469, 0.983796, 0.013021, 0.030556]",val,dbscam_euclidean,0,False,True,0.43854036927223206
1260,LGH020002,"[0.027344, 0.958796, 0.054688, 0.078704]",val,dbscam_euclidean,0,False,True,0.39077892899513245
1260,LGH020002,"[0.278906, 0.673611, 0.073438, 0.060185]",val,dbscam_euclidean,0,False,True,0.3624417781829834
1260,LGH020002,"[0.667969, 0.669907, 0.038021, 0.037963]",val,dbscam_euclidean,0,False,True,0.22016289830207825
1260,LGH020002,"[0.517969, 0.511111, 0.038021, 0.02037]",val,dbscam_euclidean,0,False,True,0.3511965274810791
1260,LGH020002,"[0.735938, 0.700926, 0.034375, 0.025926]",val,dbscam_euclidean,0,False,True,0.2635464370250702
1260,LGH020002,"[0.838802, 0.796759, 0.048438, 0.082407]",val,dbscam_euclidean,0,False,True,0.4270932376384735
1260,LGH020002,"[0.200781, 0.586574, 0.070312, 0.041667]",val,dbscam_euclidean,0,False,True,0.28883957862854004
1260,LGH020002,"[0.760156, 0.981019, 0.046354, 0.036111]",val,dbscam_euclidean,0,False,True,0.28069570660591125
1260,LGH020002,"[0.132292, 0.430093, 0.063542, 0.069444]",val,dbscam_euclidean,0,False,True,0.41695135831832886
1260,LGH020002,"[0.716146, 0.381481, 0.038542, 0.02963]",val,dbscam_euclidean,0,False,True,0.2612510621547699
1260,LGH020002,"[0.497656, 0.481944, 0.034896, 0.043519]",val,dbscam_euclidean,0,False,True,0.30113685131073
1260,LGH020002,"[0.583333, 0.683333, 0.033333, 0.064815]",val,dbscam_euclidean,0,False,True,0.30628806352615356
1260,LGH020002,"[0.440104, 0.405556, 0.05, 0.025926]",val,dbscam_euclidean,0,False,True,0.33782660961151123
1260,LGH020002,"[0.870052, 0.969907, 0.034896, 0.058333]",val,dbscam_euclidean,0,False,True,0.2951989769935608
1260,LGH020002,"[0.51849, 0.559259, 0.036979, 0.035185]",val,dbscam_euclidean,0,False,True,0.23111441731452942
1260,LGH020002,"[0.190885, 0.476852, 0.107813, 0.042593]",val,dbscam_euclidean,0,False,True,0.42871716618537903
1260,LGH020002,"[0.616146, 0.688426, 0.0375, 0.028704]",val,dbscam_euclidean,0,False,True,0.24131415784358978
1260,LGH020002,"[0.653646, 0.59537, 0.023958, 0.02037]",val,dbscam_euclidean,0,False,True,0.36379140615463257
1260,LGH020002,"[0.988021, 0.033333, 0.022917, 0.046296]",val,dbscam_euclidean,0,False,True,0.2851046621799469
1260,LGH020002,"[0.289323, 0.535185, 0.052604, 0.02037]",val,dbscam_euclidean,0,False,True,0.4117859899997711
1260,LGH020002,"[0.75599, 0.228704, 0.034896, 0.038889]",val,dbscam_euclidean,0,False,True,0.3009304702281952
1260,LGH020002,"[0.41875, 0.478241, 0.030208, 0.023148]",val,dbscam_euclidean,0,False,True,0.2929171919822693
1260,LGH020002,"[0.616406, 0.565741, 0.033854, 0.046296]",val,dbscam_euclidean,0,False,True,0.2576654255390167
1260,LGH020002,"[0.354427, 0.421759, 0.041146, 0.023148]",val,dbscam_euclidean,0,False,True,0.2785792946815491
1260,LGH020002,"[0.219792, 0.326389, 0.040625, 0.025]",val,dbscam_euclidean,0,False,True,0.24466678500175476
1260,LGH020002,"[0.776823, 0.314352, 0.055729, 0.034259]",val,dbscam_euclidean,0,False,True,0.24257099628448486
1260,LGH020002,"[0.614844, 0.491667, 0.040104, 0.027778]",val,dbscam_euclidean,0,False,True,0.29470187425613403
1260,LGH020002,"[0.745313, 0.79213, 0.046875, 0.037963]",val,dbscam_euclidean,0,False,True,0.258960098028183
1260,LGH020002,"[0.802865, 0.276852, 0.013021, 0.048148]",val,dbscam_euclidean,0,False,True,0.38353273272514343
1260,LGH020002,"[0.260417, 0.458796, 0.042708, 0.015741]",val,dbscam_euclidean,0,False,True,0.36485376954078674
1260,LGH020002,"[0.469271, 0.590741, 0.042708, 0.022222]",val,dbscam_euclidean,0,False,True,0.3498893976211548
1260,LGH020002,"[0.709375, 0.234259, 0.011458, 0.018519]",val,dbscam_euclidean,0,False,True,0.44491007924079895
1260,LGH020002,"[0.177344, 0.37963, 0.032813, 0.018519]",val,dbscam_euclidean,0,False,True,0.3283694386482239
1260,LGH020002,"[0.899479, 0.808333, 0.071875, 0.059259]",val,dbscam_euclidean,0,False,True,0.4139719009399414
1260,LGH020002,"[0.488281, 0.691667, 0.042188, 0.02037]",val,dbscam_euclidean,0,False,True,0.33779221773147583
1260,LGH020002,"[0.771094, 0.252315, 0.018229, 0.010185]",val,dbscam_euclidean,0,False,True,0.4730113744735718
1260,LGH020002,"[0.717708, 0.624074, 0.026042, 0.024074]",val,dbscam_euclidean,0,False,True,0.36724671721458435
1260,LGH020002,"[0.736198, 0.27037, 0.050521, 0.046296]",val,dbscam_euclidean,0,False,True,0.2854289412498474
1260,LGH020002,"[0.807552, 0.214352, 0.015104, 0.025]",val,dbscam_euclidean,0,False,True,0.39403077960014343
1260,LGH020002,"[0.690104, 0.684722, 0.03125, 0.037963]",val,dbscam_euclidean,0,False,True,0.2701222598552704
1260,LGH020002,"[0.860938, 0.958333, 0.015625, 0.035185]",val,dbscam_euclidean,0,False,True,0.32761311531066895
1260,LGH020002,"[0.536198, 0.601389, 0.042188, 0.019444]",val,dbscam_euclidean,0,False,True,0.3562353253364563
1260,LGH020002,"[0.96849, 0.800926, 0.061979, 0.033333]",val,dbscam_euclidean,0,False,True,0.2732992470264435
1260,LGH020002,"[0.73776, 0.758796, 0.042188, 0.023148]",val,dbscam_euclidean,0,False,True,0.31950458884239197
1260,LGH020002,"[0.646094, 0.537037, 0.027604, 0.048148]",val,dbscam_euclidean,0,False,True,0.32411468029022217
1260,LGH020002,"[0.100521, 0.105093, 0.089583, 0.030556]",val,dbscam_euclidean,0,False,True,0.3911854326725006
1260,LGH020002,"[0.130729, 0.127315, 0.15, 0.075]",val,dbscam_euclidean,-1,True,False,
1260,LGH020002,"[0.739844, 0.480093, 0.040104, 0.032407]",val,dbscam_euclidean,0,False,True,0.23263004422187805
1260,LGH020002,"[0.905469, 0.14537, 0.009896, 0.014815]",val,dbscam_euclidean,0,False,True,0.46737217903137207
1260,LGH020002,"[0.778906, 0.29213, 0.059896, 0.078704]",val,dbscam_euclidean,0,False,True,0.43364155292510986
1260,LGH020002,"[0.04375, 0.755556, 0.0875, 0.412963]",val,dbscam_euclidean,-1,True,False,
1260,LGH020002,"[0.745573, 0.250926, 0.069271, 0.083333]",val,dbscam_euclidean,0,False,True,0.4884816110134125
1260,LGH020002,"[0.243176, 0.886132, 0.05335, 0.109181]",val,dbscam_euclidean,0,False,True,0.47801899909973145
1260,LGH020002,"[0.85732, 0.462641, 0.062035, 0.043011]",val,dbscam_euclidean,0,False,True,0.25958746671676636
1260,LGH020002,"[0.966501, 0.46595, 0.065757, 0.043011]",val,dbscam_euclidean,0,False,True,0.25545409321784973
1260,LGH020002,"[0.972084, 0.507858, 0.049628, 0.060656]",val,dbscam_euclidean,0,False,True,0.31773507595062256
1260,LGH020002,"[0.962159, 0.656741, 0.074442, 0.062862]",val,dbscam_euclidean,0,False,True,0.4250805079936981
1260,LGH020002,"[0.876861, 0.557486, 0.047767, 0.045216]",val,dbscam_euclidean,0,False,True,0.29116857051849365
1260,LGH020002,"[0.795285, 0.425696, 0.043424, 0.044114]",val,dbscam_euclidean,0,False,True,0.25043582916259766
1260,LGH020002,"[0.808933, 0.495175, 0.064516, 0.048525]",val,dbscam_euclidean,0,False,True,0.31996655464172363
20317,LGH020002,"[0.227083, 0.377778, 0.0875, 0.157407]",val,dbscam_euclidean,0,False,True,0.6421425342559814
20317,LGH020002,"[0.958854, 0.093981, 0.08125, 0.063889]",val,dbscam_euclidean,0,False,True,0.42520564794540405
20317,LGH020002,"[0.396354, 0.332407, 0.033333, 0.07037]",val,dbscam_euclidean,0,False,True,0.33610329031944275
20317,LGH020002,"[0.90625, 0.193056, 0.065625, 0.047222]",val,dbscam_euclidean,0,False,True,0.31160056591033936
20317,LGH020002,"[0.176042, 0.570833, 0.096875, 0.128704]",val,dbscam_euclidean,0,False,True,0.6124787926673889
20317,LGH020002,"[0.185156, 0.977315, 0.080729, 0.043519]",val,dbscam_euclidean,0,False,True,0.38147738575935364
20317,LGH020002,"[0.261719, 0.205093, 0.036979, 0.163889]",val,dbscam_euclidean,0,False,True,0.4893260896205902
20317,LGH020002,"[0.869792, 0.236574, 0.051042, 0.030556]",val,dbscam_euclidean,0,False,True,0.28394815325737
20317,LGH020002,"[0.842187, 0.495833, 0.0625, 0.071296]",val,dbscam_euclidean,0,False,True,0.37542539834976196
20317,LGH020002,"[0.509896, 0.314815, 0.046875, 0.07037]",val,dbscam_euclidean,0,False,True,0.3569832146167755
20317,LGH020002,"[0.054688, 0.855556, 0.109375, 0.144444]",val,dbscam_euclidean,0,False,True,0.6294041872024536
20317,LGH020002,"[0.526823, 0.234722, 0.019271, 0.076852]",val,dbscam_euclidean,0,False,True,0.34662026166915894
20317,LGH020002,"[0.408854, 0.1125, 0.0125, 0.089815]",val,dbscam_euclidean,0,False,True,0.4206254482269287
20317,LGH020002,"[0.672396, 0.225463, 0.051042, 0.047222]",val,dbscam_euclidean,0,False,True,0.2901698648929596
20317,LGH020002,"[0.774219, 0.241204, 0.028646, 0.030556]",val,dbscam_euclidean,0,False,True,0.30404338240623474
20317,LGH020002,"[0.217969, 0.193056, 0.054688, 0.171296]",val,dbscam_euclidean,0,False,True,0.5811190009117126
20317,LGH020002,"[0.770312, 0.091667, 0.061458, 0.061111]",val,dbscam_euclidean,0,False,True,0.3790318965911865
20317,LGH020002,"[0.377344, 0.021296, 0.027604, 0.031481]",val,dbscam_euclidean,0,False,True,0.23650355637073517
20317,LGH020002,"[0.326042, 0.35, 0.047917, 0.114815]",val,dbscam_euclidean,0,False,True,0.48916223645210266
20317,LGH020002,"[0.439323, 0.270833, 0.036979, 0.076852]",val,dbscam_euclidean,0,False,True,0.4118647277355194
20317,LGH020002,"[0.725521, 0.043519, 0.057292, 0.046296]",val,dbscam_euclidean,0,False,True,0.3179408311843872
20317,LGH020002,"[0.452865, 0.2, 0.032813, 0.053704]",val,dbscam_euclidean,0,False,True,0.2535524368286133
20317,LGH020002,"[0.622135, 0.668056, 0.035937, 0.075]",val,dbscam_euclidean,0,False,True,0.28077125549316406
20317,LGH020002,"[0.594271, 0.798148, 0.041667, 0.068519]",val,dbscam_euclidean,0,False,True,0.27398985624313354
20317,LGH020002,"[0.832552, 0.258796, 0.031771, 0.036111]",val,dbscam_euclidean,0,False,True,0.24941527843475342
20317,LGH020002,"[0.31875, 0.155093, 0.025, 0.071296]",val,dbscam_euclidean,0,False,True,0.26806825399398804
20317,LGH020002,"[0.296094, 0.143519, 0.032813, 0.096296]",val,dbscam_euclidean,0,False,True,0.3593422472476959
20317,LGH020002,"[0.748958, 0.357407, 0.05625, 0.031481]",val,dbscam_euclidean,0,False,True,0.2804008424282074
20317,LGH020002,"[0.592187, 0.274537, 0.020833, 0.028704]",val,dbscam_euclidean,0,False,True,0.30285826325416565
20317,LGH020002,"[0.403385, 0.028241, 0.022396, 0.037963]",val,dbscam_euclidean,0,False,True,0.25097161531448364
20317,LGH020002,"[0.942448, 0.587963, 0.046354, 0.024074]",val,dbscam_euclidean,0,False,True,0.33930113911628723
20317,LGH020002,"[0.707031, 0.093519, 0.028646, 0.05]",val,dbscam_euclidean,0,False,True,0.2631846070289612
20317,LGH020002,"[0.772396, 0.333333, 0.065625, 0.02963]",val,dbscam_euclidean,0,False,True,0.3153124153614044
20317,LGH020002,"[0.371354, 0.626852, 0.077083, 0.088889]",val,dbscam_euclidean,0,False,True,0.47495797276496887
20317,LGH020002,"[0.807292, 0.068519, 0.040625, 0.046296]",val,dbscam_euclidean,0,False,True,0.2922012507915497
20317,LGH020002,"[0.049219, 0.216204, 0.098437, 0.143519]",val,dbscam_euclidean,0,False,True,0.5677788257598877
20317,LGH020002,"[0.911719, 0.040741, 0.017188, 0.081481]",val,dbscam_euclidean,0,False,True,0.32944729924201965
20317,LGH020002,"[0.58125, 0.03287, 0.03125, 0.043519]",val,dbscam_euclidean,0,False,True,0.28334882855415344
20317,LGH020002,"[0.642708, 0.884722, 0.03125, 0.067593]",val,dbscam_euclidean,0,False,True,0.25146183371543884
20317,LGH020002,"[0.692969, 0.45463, 0.015104, 0.024074]",val,dbscam_euclidean,0,False,True,0.40249717235565186
20317,LGH020002,"[0.329948, 0.178241, 0.025521, 0.149074]",val,dbscam_euclidean,0,False,True,0.44735783338546753
20317,LGH020002,"[0.845052, 0.027778, 0.054688, 0.055556]",val,dbscam_euclidean,0,False,True,0.28067389130592346
20317,LGH020002,"[0.515365, 0.820833, 0.052604, 0.060185]",val,dbscam_euclidean,0,False,True,0.29192042350769043
20317,LGH020002,"[0.717969, 0.497685, 0.027604, 0.032407]",val,dbscam_euclidean,0,False,True,0.24125735461711884
20317,LGH020002,"[0.758594, 0.0625, 0.064062, 0.080556]",val,dbscam_euclidean,0,False,True,0.4717176854610443
20317,LGH020002,"[0.605208, 0.249074, 0.091667, 0.07963]",val,dbscam_euclidean,0,False,True,0.5193201899528503
20317,LGH020002,"[0.084375, 0.84537, 0.052083, 0.033333]",val,dbscam_euclidean,0,False,True,0.30219703912734985
20317,LGH020002,"[0.308594, 0.3375, 0.013021, 0.026852]",val,dbscam_euclidean,0,False,True,0.354902982711792
20317,LGH020002,"[0.182552, 0.146296, 0.023438, 0.02037]",val,dbscam_euclidean,0,False,True,0.3524750769138336
20317,LGH020002,"[0.460677, 0.112037, 0.009896, 0.068519]",val,dbscam_euclidean,0,False,True,0.4978584945201874
20317,LGH020002,"[0.452344, 0.016204, 0.016146, 0.032407]",val,dbscam_euclidean,0,False,True,0.29778996109962463
20317,LGH020002,"[0.426563, 0.008333, 0.009375, 0.016667]",val,dbscam_euclidean,0,False,True,0.4162601828575134
20317,LGH020002,"[0.740365, 0.206481, 0.044271, 0.046296]",val,dbscam_euclidean,0,False,True,0.2553025484085083
20317,LGH020002,"[0.115365, 0.058333, 0.052604, 0.02963]",val,dbscam_euclidean,0,False,True,0.2721012532711029
20317,LGH020002,"[0.217188, 0.01713, 0.026042, 0.034259]",val,dbscam_euclidean,0,False,True,0.24790681898593903
20317,LGH020002,"[0.605729, 0.048148, 0.034375, 0.046296]",val,dbscam_euclidean,0,False,True,0.292654812335968
20317,LGH020002,"[0.384635, 0.379167, 0.043229, 0.087963]",val,dbscam_euclidean,0,False,True,0.4021981656551361
20317,LGH020002,"[0.028385, 0.426852, 0.056771, 0.074074]",val,dbscam_euclidean,0,False,True,0.3693183660507202
20317,LGH020002,"[0.538021, 0.106019, 0.027083, 0.050926]",val,dbscam_euclidean,0,False,True,0.3137666583061218
20317,LGH020002,"[0.584635, 0.143981, 0.019271, 0.026852]",val,dbscam_euclidean,0,False,True,0.37552890181541443
20317,LGH020002,"[0.484115, 0.983333, 0.053646, 0.031481]",val,dbscam_euclidean,0,False,True,0.2740188241004944
20317,LGH020002,"[0.427344, 0.610185, 0.015104, 0.014815]",val,dbscam_euclidean,0,False,True,0.4438251554965973
20317,LGH020002,"[0.406771, 0.581481, 0.055208, 0.07037]",val,dbscam_euclidean,0,False,True,0.3307873010635376
20317,LGH020002,"[0.025781, 0.055093, 0.051562, 0.039815]",val,dbscam_euclidean,0,False,True,0.2695089876651764
20317,LGH020002,"[0.659115, 0.633796, 0.041146, 0.078704]",val,dbscam_euclidean,0,False,True,0.3069584369659424
20317,LGH020002,"[0.635938, 0.413889, 0.017708, 0.040741]",val,dbscam_euclidean,0,False,True,0.31174689531326294
20317,LGH020002,"[0.400521, 0.273148, 0.017708, 0.05]",val,dbscam_euclidean,0,False,True,0.2905857563018799
20317,LGH020002,"[0.773958, 0.871296, 0.047917, 0.074074]",val,dbscam_euclidean,0,False,True,0.33048924803733826
20317,LGH020002,"[0.826823, 0.809259, 0.082812, 0.118519]",val,dbscam_euclidean,0,False,True,0.537885844707489
20317,LGH020002,"[0.694271, 0.394444, 0.026042, 0.033333]",val,dbscam_euclidean,0,False,True,0.2584715187549591
20317,LGH020002,"[0.197656, 0.028241, 0.027604, 0.056481]",val,dbscam_euclidean,0,False,True,0.24258245527744293
20317,LGH020002,"[0.175781, 0.218981, 0.039062, 0.065741]",val,dbscam_euclidean,0,False,True,0.2462252676486969
20317,LGH020002,"[0.786719, 0.286574, 0.064062, 0.030556]",val,dbscam_euclidean,0,False,True,0.3249061405658722
20317,LGH020002,"[0.015885, 0.093981, 0.031771, 0.025]",val,dbscam_euclidean,0,False,True,0.32026347517967224
20317,LGH020002,"[0.73724, 0.2625, 0.026562, 0.030556]",val,dbscam_euclidean,0,False,True,0.3131641447544098
20317,LGH020002,"[0.701562, 0.539352, 0.025, 0.047222]",val,dbscam_euclidean,0,False,True,0.22314314544200897
20317,LGH020002,"[0.224479, 0.093981, 0.1125, 0.075]",val,dbscam_euclidean,0,False,True,0.5523558855056763
20317,LGH020002,"[0.533594, 0.072685, 0.015104, 0.025]",val,dbscam_euclidean,0,False,True,0.4079517424106598
20317,LGH020002,"[0.119792, 0.020833, 0.034375, 0.041667]",val,dbscam_euclidean,0,False,True,0.28148698806762695
20317,LGH020002,"[0.508333, 0.1625, 0.008333, 0.039815]",val,dbscam_euclidean,0,False,True,0.4528326392173767
20317,LGH020002,"[0.429167, 0.542593, 0.030208, 0.040741]",val,dbscam_euclidean,0,False,True,0.28673556447029114
20317,LGH020002,"[0.686198, 0.187037, 0.022396, 0.02963]",val,dbscam_euclidean,0,False,True,0.2789847254753113
20317,LGH020002,"[0.93099, 0.721296, 0.013021, 0.02037]",val,dbscam_euclidean,0,False,True,0.4184391498565674
20317,LGH020002,"[0.949479, 0.02963, 0.091667, 0.059259]",val,dbscam_euclidean,0,False,True,0.4760405421257019
20317,LGH020002,"[0.701562, 0.267593, 0.040625, 0.025926]",val,dbscam_euclidean,0,False,True,0.3484266996383667
20317,LGH020002,"[0.142969, 0.209722, 0.019271, 0.037963]",val,dbscam_euclidean,0,False,True,0.26650744676589966
20317,LGH020002,"[0.446875, 0.352315, 0.011458, 0.076852]",val,dbscam_euclidean,0,False,True,0.4132474362850189
20317,LGH020002,"[0.667969, 0.27963, 0.031771, 0.037037]",val,dbscam_euclidean,0,False,True,0.24125127494335175
20317,LGH020002,"[0.679688, 0.513426, 0.016667, 0.036111]",val,dbscam_euclidean,0,False,True,0.32001835107803345
20317,LGH020002,"[0.935156, 0.018981, 0.042188, 0.037963]",val,dbscam_euclidean,0,False,True,0.2598898410797119
20317,LGH020002,"[0.742448, 0.902778, 0.024479, 0.103704]",val,dbscam_euclidean,0,False,True,0.3785225450992584
20317,LGH020002,"[0.858594, 0.851852, 0.026562, 0.035185]",val,dbscam_euclidean,0,False,True,0.31331560015678406
20317,LGH020002,"[0.497917, 0.152778, 0.03125, 0.062963]",val,dbscam_euclidean,0,False,True,0.23341494798660278
20317,LGH020002,"[0.020833, 0.863426, 0.041667, 0.021296]",val,dbscam_euclidean,0,False,True,0.3885619342327118
20317,LGH020002,"[0.773958, 0.184722, 0.047917, 0.049074]",val,dbscam_euclidean,0,False,True,0.27849462628364563
20317,LGH020002,"[0.538021, 0.052778, 0.015625, 0.051852]",val,dbscam_euclidean,0,False,True,0.24264413118362427
20317,LGH020002,"[0.736979, 0.305093, 0.128125, 0.062037]",val,dbscam_euclidean,0,False,True,0.5446497201919556
20317,LGH020002,"[0.186198, 0.076389, 0.032813, 0.023148]",val,dbscam_euclidean,0,False,True,0.32941603660583496
20317,LGH020002,"[0.38776, 0.564815, 0.017188, 0.037037]",val,dbscam_euclidean,0,False,True,0.26747673749923706
20317,LGH020002,"[0.377604, 0.363426, 0.029167, 0.058333]",val,dbscam_euclidean,0,False,True,0.282158762216568
20317,LGH020002,"[0.833854, 0.0375, 0.009375, 0.017593]",val,dbscam_euclidean,0,False,True,0.42129430174827576
20317,LGH020002,"[0.35, 0.2375, 0.010417, 0.071296]",val,dbscam_euclidean,0,False,True,0.45660921931266785
20317,LGH020002,"[0.794271, 0.766204, 0.016667, 0.032407]",val,dbscam_euclidean,0,False,True,0.3254900872707367
20317,LGH020002,"[0.591667, 0.166667, 0.016667, 0.035185]",val,dbscam_euclidean,0,False,True,0.3801817297935486
20317,LGH020002,"[0.495052, 0.953704, 0.043229, 0.053704]",val,dbscam_euclidean,0,False,True,0.25363457202911377
20317,LGH020002,"[0.188281, 0.827315, 0.009896, 0.017593]",val,dbscam_euclidean,0,False,True,0.42374396324157715
20317,LGH020002,"[0.332813, 0.389352, 0.005208, 0.037963]",val,dbscam_euclidean,0,False,True,0.4681306481361389
20317,LGH020002,"[0.066667, 0.027315, 0.015625, 0.05463]",val,dbscam_euclidean,0,False,True,0.33414924144744873
20317,LGH020002,"[0.433594, 0.254167, 0.025521, 0.043519]",val,dbscam_euclidean,0,False,True,0.25386738777160645
20317,LGH020002,"[0.630729, 0.013426, 0.017708, 0.026852]",val,dbscam_euclidean,0,False,True,0.35922807455062866
20317,LGH020002,"[0.691667, 0.530093, 0.042708, 0.065741]",val,dbscam_euclidean,0,False,True,0.2909359931945801
20317,LGH020002,"[0.7, 0.213889, 0.05, 0.083333]",val,dbscam_euclidean,0,False,True,0.43768540024757385
20317,LGH020002,"[0.254688, 0.441204, 0.005208, 0.034259]",val,dbscam_euclidean,0,False,True,0.47377970814704895
20317,LGH020002,"[0.710156, 0.231019, 0.029687, 0.050926]",val,dbscam_euclidean,0,False,True,0.2427087128162384
20317,LGH020002,"[0.739323, 0.876852, 0.017188, 0.051852]",val,dbscam_euclidean,0,False,True,0.2849441170692444
1410,LGH020002,"[0.72474, 0.44213, 0.020313, 0.028704]",val,dbscam_euclidean,0,False,True,0.33254313468933105
1410,LGH020002,"[0.833854, 0.37037, 0.0625, 0.027778]",val,dbscam_euclidean,0,False,True,0.27443215250968933
1410,LGH020002,"[0.023177, 0.906481, 0.046354, 0.101852]",val,dbscam_euclidean,0,False,True,0.4831129312515259
1410,LGH020002,"[0.086719, 0.527778, 0.153646, 0.183333]",val,dbscam_euclidean,-1,True,False,
1410,LGH020002,"[0.759115, 0.369444, 0.047396, 0.037037]",val,dbscam_euclidean,0,False,True,0.2611207067966461
1410,LGH020002,"[0.9125, 0.789352, 0.073958, 0.05463]",val,dbscam_euclidean,0,False,True,0.40062347054481506
1410,LGH020002,"[0.520052, 0.657407, 0.017188, 0.035185]",val,dbscam_euclidean,0,False,True,0.31826815009117126
1410,LGH020002,"[0.353125, 0.529167, 0.03125, 0.028704]",val,dbscam_euclidean,0,False,True,0.19714881479740143
1410,LGH020002,"[0.334115, 0.861574, 0.014063, 0.062037]",val,dbscam_euclidean,0,False,True,0.33761799335479736
1410,LGH020002,"[0.60599, 0.439815, 0.035937, 0.025926]",val,dbscam_euclidean,0,False,True,0.3452533483505249
1410,LGH020002,"[0.678385, 0.506481, 0.052604, 0.038889]",val,dbscam_euclidean,0,False,True,0.2807849049568176
1410,LGH020002,"[0.038021, 0.598148, 0.076042, 0.103704]",val,dbscam_euclidean,0,False,True,0.5924928784370422
1410,LGH020002,"[0.639323, 0.446759, 0.053646, 0.034259]",val,dbscam_euclidean,0,False,True,0.26971837878227234
1410,LGH020002,"[0.70651, 0.364352, 0.079687, 0.065741]",val,dbscam_euclidean,0,False,True,0.48805680871009827
1410,LGH020002,"[0.207552, 0.810648, 0.059896, 0.049074]",val,dbscam_euclidean,0,False,True,0.3357999622821808
1410,LGH020002,"[0.446615, 0.459259, 0.033854, 0.022222]",val,dbscam_euclidean,0,False,True,0.33572959899902344
1410,LGH020002,"[0.93151, 0.698148, 0.074479, 0.068519]",val,dbscam_euclidean,0,False,True,0.5037720799446106
1410,LGH020002,"[0.360677, 0.401852, 0.050521, 0.075926]",val,dbscam_euclidean,0,False,True,0.40832582116127014
1410,LGH020002,"[0.388802, 0.766667, 0.033854, 0.037037]",val,dbscam_euclidean,0,False,True,0.2903286814689636
1410,LGH020002,"[0.555469, 0.558333, 0.073438, 0.081481]",val,dbscam_euclidean,0,False,True,0.454740971326828
1410,LGH020002,"[0.666927, 0.452778, 0.040104, 0.064815]",val,dbscam_euclidean,0,False,True,0.3245317339897156
1410,LGH020002,"[0.398438, 0.350463, 0.04375, 0.071296]",val,dbscam_euclidean,0,False,True,0.3738669455051422
1410,LGH020002,"[0.382031, 0.580556, 0.029687, 0.046296]",val,dbscam_euclidean,0,False,True,0.28761470317840576
1410,LGH020002,"[0.41276, 0.478704, 0.016146, 0.090741]",val,dbscam_euclidean,0,False,True,0.3804666996002197
1410,LGH020002,"[0.589063, 0.5125, 0.0375, 0.021296]",val,dbscam_euclidean,0,False,True,0.3560234606266022
1410,LGH020002,"[0.392708, 0.519907, 0.026042, 0.049074]",val,dbscam_euclidean,0,False,True,0.328791081905365
1410,LGH020002,"[0.300521, 0.174074, 0.06875, 0.05]",val,dbscam_euclidean,0,False,True,0.397131085395813
1410,LGH020002,"[0.282552, 0.335185, 0.067187, 0.040741]",val,dbscam_euclidean,0,False,True,0.30915528535842896
1410,LGH020002,"[0.474219, 0.35, 0.033854, 0.018519]",val,dbscam_euclidean,0,False,True,0.3593038022518158
1410,LGH020002,"[0.236719, 0.315278, 0.072396, 0.106481]",val,dbscam_euclidean,0,False,True,0.6073723435401917
1410,LGH020002,"[0.376302, 0.239815, 0.033854, 0.027778]",val,dbscam_euclidean,0,False,True,0.2417178750038147
1410,LGH020002,"[0.129167, 0.424074, 0.052083, 0.027778]",val,dbscam_euclidean,0,False,True,0.29859963059425354
1410,LGH020002,"[0.29375, 0.478704, 0.053125, 0.031481]",val,dbscam_euclidean,0,False,True,0.2852132022380829
1410,LGH020002,"[0.580208, 0.4875, 0.046875, 0.039815]",val,dbscam_euclidean,0,False,True,0.31385287642478943
1410,LGH020002,"[0.609635, 0.540741, 0.042188, 0.05]",val,dbscam_euclidean,0,False,True,0.31225088238716125
1410,LGH020002,"[0.657813, 0.340741, 0.028125, 0.033333]",val,dbscam_euclidean,0,False,True,0.22230973839759827
1410,LGH020002,"[0.595833, 0.380556, 0.05, 0.022222]",val,dbscam_euclidean,0,False,True,0.3650171160697937
1410,LGH020002,"[0.620052, 0.565741, 0.043229, 0.027778]",val,dbscam_euclidean,0,False,True,0.21918730437755585
1410,LGH020002,"[0.497656, 0.468981, 0.039062, 0.025]",val,dbscam_euclidean,0,False,True,0.3211529552936554
1410,LGH020002,"[0.459635, 0.250463, 0.038021, 0.099074]",val,dbscam_euclidean,0,False,True,0.4656884968280792
1410,LGH020002,"[0.542448, 0.476852, 0.050521, 0.044444]",val,dbscam_euclidean,0,False,True,0.31593048572540283
1410,LGH020002,"[0.39401, 0.697222, 0.053646, 0.02963]",val,dbscam_euclidean,0,False,True,0.2947843372821808
1410,LGH020002,"[0.44401, 0.339352, 0.017188, 0.052778]",val,dbscam_euclidean,0,False,True,0.31743502616882324
1410,LGH020002,"[0.216927, 0.567593, 0.045312, 0.055556]",val,dbscam_euclidean,0,False,True,0.27450037002563477
1410,LGH020002,"[0.448437, 0.907407, 0.040625, 0.059259]",val,dbscam_euclidean,0,False,True,0.2982485294342041
1410,LGH020002,"[0.272917, 0.403241, 0.045833, 0.019444]",val,dbscam_euclidean,0,False,True,0.3525833189487457
1410,LGH020002,"[0.576823, 0.658796, 0.049479, 0.030556]",val,dbscam_euclidean,0,False,True,0.26900002360343933
1410,LGH020002,"[0.946875, 0.343981, 0.029167, 0.019444]",val,dbscam_euclidean,0,False,True,0.34474125504493713
1410,LGH020002,"[0.565104, 0.429167, 0.029167, 0.010185]",val,dbscam_euclidean,0,False,True,0.5129684805870056
1410,LGH020002,"[0.30026, 0.51713, 0.021354, 0.058333]",val,dbscam_euclidean,0,False,True,0.2837677299976349
1410,LGH020002,"[0.638542, 0.353704, 0.052083, 0.072222]",val,dbscam_euclidean,0,False,True,0.3816615343093872
1410,LGH020002,"[0.073177, 0.881019, 0.020313, 0.028704]",val,dbscam_euclidean,0,False,True,0.2967339754104614
1410,LGH020002,"[0.571615, 0.413889, 0.042188, 0.024074]",val,dbscam_euclidean,0,False,True,0.2730660140514374
1410,LGH020002,"[0.434896, 0.523148, 0.017708, 0.074074]",val,dbscam_euclidean,0,False,True,0.2933821380138397
1410,LGH020002,"[0.383333, 0.410648, 0.041667, 0.102778]",val,dbscam_euclidean,0,False,True,0.4347364604473114
1410,LGH020002,"[0.66276, 0.57037, 0.054688, 0.037037]",val,dbscam_euclidean,0,False,True,0.3191821873188019
1410,LGH020002,"[0.344792, 0.582407, 0.055208, 0.046296]",val,dbscam_euclidean,0,False,True,0.31058812141418457
1410,LGH020002,"[0.641927, 0.991667, 0.018229, 0.014815]",val,dbscam_euclidean,0,False,True,0.3939459025859833
1410,LGH020002,"[0.627083, 0.846296, 0.038542, 0.038889]",val,dbscam_euclidean,0,False,True,0.29399678111076355
1410,LGH020002,"[0.651563, 0.695833, 0.025, 0.030556]",val,dbscam_euclidean,0,False,True,0.2564583122730255
1410,LGH020002,"[0.533854, 0.584259, 0.010417, 0.02963]",val,dbscam_euclidean,0,False,True,0.4072716534137726
1410,LGH020002,"[0.301823, 0.225926, 0.016146, 0.055556]",val,dbscam_euclidean,0,False,True,0.31918683648109436
1410,LGH020002,"[0.45026, 0.391667, 0.027604, 0.016667]",val,dbscam_euclidean,0,False,True,0.3699677586555481
1410,LGH020002,"[0.413542, 0.752315, 0.052083, 0.037963]",val,dbscam_euclidean,0,False,True,0.25102511048316956
1410,LGH020002,"[0.466667, 0.793056, 0.026042, 0.025]",val,dbscam_euclidean,0,False,True,0.25719180703163147
1410,LGH020002,"[0.816927, 0.887963, 0.076563, 0.042593]",val,dbscam_euclidean,0,False,True,0.36186543107032776
1410,LGH020002,"[0.007031, 0.215278, 0.014063, 0.047222]",val,dbscam_euclidean,0,False,True,0.35622596740722656
1410,LGH020002,"[0.526563, 0.566204, 0.015625, 0.015741]",val,dbscam_euclidean,0,False,True,0.3862348198890686
1410,LGH020002,"[0.633333, 0.635185, 0.0375, 0.038889]",val,dbscam_euclidean,0,False,True,0.24564412236213684
1410,LGH020002,"[0.725, 0.648148, 0.030208, 0.038889]",val,dbscam_euclidean,0,False,True,0.2598523199558258
1410,LGH020002,"[0.48151, 0.416204, 0.031771, 0.021296]",val,dbscam_euclidean,0,False,True,0.34434425830841064
1410,LGH020002,"[0.447917, 0.625926, 0.027083, 0.055556]",val,dbscam_euclidean,0,False,True,0.35260289907455444
1410,LGH020002,"[0.232292, 0.805093, 0.010417, 0.017593]",val,dbscam_euclidean,0,False,True,0.4378672242164612
1410,LGH020002,"[0.611198, 0.778704, 0.043229, 0.031481]",val,dbscam_euclidean,0,False,True,0.2666785717010498
1410,LGH020002,"[0.732292, 0.829167, 0.051042, 0.032407]",val,dbscam_euclidean,0,False,True,0.2869935929775238
1410,LGH020002,"[0.623437, 0.873611, 0.015625, 0.028704]",val,dbscam_euclidean,0,False,True,0.362079918384552
1410,LGH020002,"[0.565625, 0.820833, 0.042708, 0.058333]",val,dbscam_euclidean,0,False,True,0.2947901487350464
1410,LGH020002,"[0.166406, 0.609259, 0.016146, 0.044444]",val,dbscam_euclidean,0,False,True,0.2986759841442108
1410,LGH020002,"[0.342969, 0.812963, 0.065104, 0.046296]",val,dbscam_euclidean,0,False,True,0.3097526729106903
1410,LGH020002,"[0.986198, 0.865741, 0.011979, 0.016667]",val,dbscam_euclidean,0,False,True,0.4153456687927246
1410,LGH020002,"[0.300521, 0.208333, 0.06875, 0.118519]",val,dbscam_euclidean,0,False,False,0.6417278051376343
1410,LGH020002,"[0.589844, 0.620833, 0.014063, 0.012037]",val,dbscam_euclidean,0,False,True,0.40574222803115845
1410,LGH020002,"[0.448958, 0.591667, 0.042708, 0.037037]",val,dbscam_euclidean,0,False,True,0.24981902539730072
1410,LGH020002,"[0.572396, 0.633796, 0.048958, 0.037963]",val,dbscam_euclidean,0,False,True,0.2446247637271881
1410,LGH020002,"[0.603125, 0.4125, 0.030208, 0.019444]",val,dbscam_euclidean,0,False,True,0.41126543283462524
1410,LGH020002,"[0.37526, 0.656944, 0.034896, 0.05463]",val,dbscam_euclidean,0,False,True,0.27317461371421814
1410,LGH020002,"[0.73151, 0.34213, 0.030729, 0.023148]",val,dbscam_euclidean,0,False,True,0.2887328267097473
1410,LGH020002,"[0.550781, 0.525, 0.044271, 0.035185]",val,dbscam_euclidean,0,False,True,0.2665654420852661
1410,LGH020002,"[0.667448, 0.397685, 0.008854, 0.023148]",val,dbscam_euclidean,0,False,True,0.45998239517211914
1410,LGH020002,"[0.508594, 0.469444, 0.017188, 0.024074]",val,dbscam_euclidean,0,False,True,0.34304574131965637
1410,LGH020002,"[0.680208, 0.257407, 0.032292, 0.038889]",val,dbscam_euclidean,0,False,True,0.29647672176361084
1410,LGH020002,"[0.888337, 0.449407, 0.081886, 0.062862]",val,dbscam_euclidean,0,False,True,0.48097723722457886
1410,LGH020002,"[0.791563, 0.441687, 0.07072, 0.060656]",val,dbscam_euclidean,0,False,True,0.43121129274368286
1410,LGH020002,"[0.814516, 0.682658, 0.031017, 0.039702]",val,dbscam_euclidean,0,False,True,0.30753403902053833
1950,LGH020002,"[0.354167, 0.239815, 0.053125, 0.053704]",val,dbscam_euclidean,0,False,True,0.2992720901966095
1950,LGH020002,"[0.231771, 0.518056, 0.145833, 0.091667]",val,dbscam_euclidean,-1,True,False,
1950,LGH020002,"[0.323698, 0.055556, 0.042188, 0.111111]",val,dbscam_euclidean,0,False,True,0.3848775625228882
1950,LGH020002,"[0.808073, 0.3375, 0.072396, 0.060185]",val,dbscam_euclidean,0,False,True,0.3730774521827698
1950,LGH020002,"[0.288802, 0.221296, 0.024479, 0.061111]",val,dbscam_euclidean,0,False,True,0.26462483406066895
1950,LGH020002,"[0.14375, 0.212037, 0.078125, 0.105556]",val,dbscam_euclidean,0,False,True,0.5202286839485168
1950,LGH020002,"[0.10599, 0.316667, 0.122396, 0.051852]",val,dbscam_euclidean,0,False,False,0.5081762075424194
1950,LGH020002,"[0.473698, 0.244907, 0.034896, 0.09537]",val,dbscam_euclidean,0,False,True,0.37660184502601624
1950,LGH020002,"[0.964583, 0.311574, 0.069792, 0.043519]",val,dbscam_euclidean,0,False,True,0.315044641494751
1950,LGH020002,"[0.535156, 0.163889, 0.028646, 0.02037]",val,dbscam_euclidean,0,False,True,0.3765348792076111
1950,LGH020002,"[0.27526, 0.652315, 0.046354, 0.032407]",val,dbscam_euclidean,0,False,True,0.26650503277778625
1950,LGH020002,"[0.650781, 0.293981, 0.036979, 0.017593]",val,dbscam_euclidean,0,False,True,0.42535683512687683
1950,LGH020002,"[0.299479, 0.3125, 0.047917, 0.075]",val,dbscam_euclidean,0,False,True,0.35490313172340393
1950,LGH020002,"[0.707812, 0.293056, 0.040625, 0.100926]",val,dbscam_euclidean,0,False,True,0.38381242752075195
1950,LGH020002,"[0.590885, 0.477778, 0.044271, 0.02037]",val,dbscam_euclidean,0,False,True,0.41361525654792786
1950,LGH020002,"[0.18776, 0.223611, 0.103646, 0.163889]",val,dbscam_euclidean,0,False,False,0.69234299659729
1950,LGH020002,"[0.027865, 0.236111, 0.055729, 0.066667]",val,dbscam_euclidean,0,False,True,0.3753187954425812
1950,LGH020002,"[0.58776, 0.047685, 0.032813, 0.09537]",val,dbscam_euclidean,0,False,True,0.3559923470020294
1950,LGH020002,"[0.858073, 0.016204, 0.057813, 0.032407]",val,dbscam_euclidean,0,False,True,0.2775178551673889
1950,LGH020002,"[0.013802, 0.833796, 0.027604, 0.041667]",val,dbscam_euclidean,0,False,True,0.2968342900276184
1950,LGH020002,"[0.270313, 0.128241, 0.073958, 0.113889]",val,dbscam_euclidean,0,False,True,0.5329736471176147
1950,LGH020002,"[0.315365, 0.440278, 0.024479, 0.023148]",val,dbscam_euclidean,0,False,True,0.3845676779747009
1950,LGH020002,"[0.095312, 0.05, 0.053125, 0.092593]",val,dbscam_euclidean,0,False,True,0.507111668586731
1950,LGH020002,"[0.274479, 0.069907, 0.053125, 0.091667]",val,dbscam_euclidean,0,False,True,0.45164763927459717
1950,LGH020002,"[0.425521, 0.243519, 0.027083, 0.075926]",val,dbscam_euclidean,0,False,True,0.32506832480430603
1950,LGH020002,"[0.341667, 0.473611, 0.0375, 0.041667]",val,dbscam_euclidean,0,False,True,0.27202293276786804
1950,LGH020002,"[0.360156, 0.407407, 0.025521, 0.042593]",val,dbscam_euclidean,0,False,True,0.3328382074832916
1950,LGH020002,"[0.504687, 0.447685, 0.047917, 0.049074]",val,dbscam_euclidean,0,False,True,0.274668425321579
1950,LGH020002,"[0.263021, 0.496296, 0.041667, 0.038889]",val,dbscam_euclidean,0,False,True,0.2597459554672241
1950,LGH020002,"[0.985417, 0.944907, 0.028125, 0.030556]",val,dbscam_euclidean,0,False,True,0.32972681522369385
1950,LGH020002,"[0.199219, 0.322685, 0.088021, 0.034259]",val,dbscam_euclidean,0,False,True,0.4004118740558624
1950,LGH020002,"[0.963021, 0.186111, 0.072917, 0.075926]",val,dbscam_euclidean,0,False,True,0.39170342683792114
1950,LGH020002,"[0.540365, 0.44537, 0.055729, 0.083333]",val,dbscam_euclidean,0,False,True,0.3758929371833801
1950,LGH020002,"[0.523438, 0.109259, 0.032292, 0.02963]",val,dbscam_euclidean,0,False,True,0.2935663163661957
1950,LGH020002,"[0.433854, 0.587963, 0.042708, 0.042593]",val,dbscam_euclidean,0,False,True,0.2495519518852234
1950,LGH020002,"[0.66224, 0.252315, 0.032813, 0.019444]",val,dbscam_euclidean,0,False,True,0.3874121904373169
1950,LGH020002,"[0.25625, 0.385648, 0.038542, 0.036111]",val,dbscam_euclidean,0,False,True,0.28632742166519165
1950,LGH020002,"[0.141406, 0.848611, 0.038021, 0.084259]",val,dbscam_euclidean,0,False,True,0.32688120007514954
1950,LGH020002,"[0.643229, 0.490741, 0.05, 0.068519]",val,dbscam_euclidean,0,False,True,0.2836596965789795
1950,LGH020002,"[0.222917, 0.419444, 0.073958, 0.075926]",val,dbscam_euclidean,0,False,True,0.36376938223838806
1950,LGH020002,"[0.635156, 0.594444, 0.036979, 0.046296]",val,dbscam_euclidean,0,False,True,0.24366042017936707
1950,LGH020002,"[0.969271, 0.061574, 0.060417, 0.121296]",val,dbscam_euclidean,0,False,True,0.4626869261264801
1950,LGH020002,"[0.648698, 0.172222, 0.009896, 0.012963]",val,dbscam_euclidean,0,False,True,0.4662781059741974
1950,LGH020002,"[0.557031, 0.189815, 0.045312, 0.033333]",val,dbscam_euclidean,0,False,True,0.2728162705898285
1950,LGH020002,"[0.608854, 0.041667, 0.015625, 0.083333]",val,dbscam_euclidean,0,False,True,0.34064099192619324
1950,LGH020002,"[0.49401, 0.698148, 0.024479, 0.027778]",val,dbscam_euclidean,0,False,True,0.31147974729537964
1950,LGH020002,"[0.191927, 0.564352, 0.064062, 0.037963]",val,dbscam_euclidean,0,False,True,0.3006831109523773
1950,LGH020002,"[0.357031, 0.088426, 0.024479, 0.025]",val,dbscam_euclidean,0,False,True,0.34886521100997925
1950,LGH020002,"[0.63099, 0.628704, 0.042188, 0.016667]",val,dbscam_euclidean,0,False,True,0.41996943950653076
1950,LGH020002,"[0.50625, 0.200463, 0.014583, 0.075]",val,dbscam_euclidean,0,False,True,0.3466510772705078
1950,LGH020002,"[0.226042, 0.666204, 0.041667, 0.056481]",val,dbscam_euclidean,0,False,True,0.32557129859924316
1950,LGH020002,"[0.502344, 0.050463, 0.011979, 0.100926]",val,dbscam_euclidean,0,False,True,0.4011661410331726
1950,LGH020002,"[0.614062, 0.558796, 0.038542, 0.030556]",val,dbscam_euclidean,0,False,True,0.30508649349212646
1950,LGH020002,"[0.943229, 0.756019, 0.092708, 0.082407]",val,dbscam_euclidean,0,False,True,0.5379441976547241
1950,LGH020002,"[0.548177, 0.586574, 0.042188, 0.026852]",val,dbscam_euclidean,0,False,True,0.39846158027648926
1950,LGH020002,"[0.424219, 0.039352, 0.017188, 0.078704]",val,dbscam_euclidean,0,False,True,0.34179601073265076
1950,LGH020002,"[0.52526, 0.577315, 0.038021, 0.076852]",val,dbscam_euclidean,0,False,True,0.3047524392604828
1950,LGH020002,"[0.288802, 0.008333, 0.014063, 0.016667]",val,dbscam_euclidean,0,False,True,0.443529337644577
1950,LGH020002,"[0.615885, 0.518981, 0.050521, 0.025]",val,dbscam_euclidean,0,False,True,0.3630763590335846
1950,LGH020002,"[0.390885, 0.424537, 0.071354, 0.065741]",val,dbscam_euclidean,0,False,True,0.36069026589393616
1950,LGH020002,"[0.378125, 0.650926, 0.052083, 0.044444]",val,dbscam_euclidean,0,False,True,0.3164304792881012
1950,LGH020002,"[0.860677, 0.389352, 0.064062, 0.039815]",val,dbscam_euclidean,0,False,True,0.27090778946876526
1950,LGH020002,"[0.164062, 0.061574, 0.067708, 0.123148]",val,dbscam_euclidean,0,False,True,0.5223029255867004
1950,LGH020002,"[0.434635, 0.233796, 0.026562, 0.049074]",val,dbscam_euclidean,0,False,True,0.2917247414588928
1950,LGH020002,"[0.463281, 0.552778, 0.050521, 0.064815]",val,dbscam_euclidean,0,False,True,0.27381056547164917
1950,LGH020002,"[0.735677, 0.279167, 0.031771, 0.028704]",val,dbscam_euclidean,0,False,True,0.2634935975074768
1950,LGH020002,"[0.119792, 0.141667, 0.013542, 0.016667]",val,dbscam_euclidean,0,False,True,0.43851137161254883
1950,LGH020002,"[0.121094, 0.341667, 0.050521, 0.024074]",val,dbscam_euclidean,0,False,True,0.34695684909820557
1950,LGH020002,"[0.399219, 0.336111, 0.060937, 0.088889]",val,dbscam_euclidean,0,False,True,0.42030012607574463
1950,LGH020002,"[0.339062, 0.648611, 0.028125, 0.028704]",val,dbscam_euclidean,0,False,True,0.3381246328353882
1950,LGH020002,"[0.780208, 0.383796, 0.05625, 0.036111]",val,dbscam_euclidean,0,False,True,0.24950700998306274
1950,LGH020002,"[0.704427, 0.42963, 0.036979, 0.040741]",val,dbscam_euclidean,0,False,True,0.24900375306606293
1950,LGH020002,"[0.402604, 0.811574, 0.067708, 0.075]",val,dbscam_euclidean,0,False,True,0.3683084547519684
1950,LGH020002,"[0.377604, 0.834259, 0.017708, 0.025926]",val,dbscam_euclidean,0,False,True,0.4651202857494354
1950,LGH020002,"[0.31849, 0.761111, 0.053646, 0.105556]",val,dbscam_euclidean,0,False,True,0.4172447919845581
1950,LGH020002,"[0.977865, 0.420833, 0.043229, 0.043519]",val,dbscam_euclidean,0,False,True,0.31568294763565063
1950,LGH020002,"[0.085156, 0.474074, 0.017188, 0.031481]",val,dbscam_euclidean,0,False,True,0.4184821844100952
1950,LGH020002,"[0.806771, 0.2875, 0.057292, 0.05463]",val,dbscam_euclidean,0,False,True,0.29115328192710876
1950,LGH020002,"[0.773698, 0.225, 0.043229, 0.031481]",val,dbscam_euclidean,0,False,True,0.2812715768814087
1950,LGH020002,"[0.805729, 0.36713, 0.033333, 0.012037]",val,dbscam_euclidean,0,False,True,0.4679838716983795
1950,LGH020002,"[0.372396, 0.078241, 0.060417, 0.132407]",val,dbscam_euclidean,0,False,False,0.636138916015625
1950,LGH020002,"[0.354167, 0.729167, 0.025, 0.028704]",val,dbscam_euclidean,0,False,True,0.32436296343803406
1950,LGH020002,"[0.67526, 0.616667, 0.030729, 0.024074]",val,dbscam_euclidean,0,False,True,0.30531543493270874
1950,LGH020002,"[0.281771, 0.854167, 0.059375, 0.056481]",val,dbscam_euclidean,0,False,True,0.32132524251937866
1950,LGH020002,"[0.416927, 0.255093, 0.028646, 0.086111]",val,dbscam_euclidean,0,False,True,0.3248356580734253
1950,LGH020002,"[0.589323, 0.339815, 0.007812, 0.022222]",val,dbscam_euclidean,0,False,True,0.508580207824707
1950,LGH020002,"[0.68776, 0.185185, 0.043229, 0.066667]",val,dbscam_euclidean,0,False,True,0.2757975161075592
1950,LGH020002,"[0.768229, 0.301389, 0.033333, 0.021296]",val,dbscam_euclidean,0,False,True,0.3848978877067566
1950,LGH020002,"[0.471875, 0.762963, 0.046875, 0.031481]",val,dbscam_euclidean,0,False,True,0.32029011845588684
1950,LGH020002,"[0.788021, 0.2375, 0.052083, 0.065741]",val,dbscam_euclidean,0,False,True,0.3511507511138916
1950,LGH020002,"[0.364063, 0.549537, 0.022917, 0.082407]",val,dbscam_euclidean,0,False,True,0.33417487144470215
1950,LGH020002,"[0.14375, 0.159259, 0.015625, 0.035185]",val,dbscam_euclidean,0,False,True,0.338574081659317
1950,LGH020002,"[0.304688, 0.332407, 0.080208, 0.125926]",val,dbscam_euclidean,0,False,True,0.6657957434654236
1950,LGH020002,"[0.084635, 0.605093, 0.038021, 0.026852]",val,dbscam_euclidean,0,False,True,0.32735392451286316
1950,LGH020002,"[0.378906, 0.517593, 0.011979, 0.024074]",val,dbscam_euclidean,0,False,True,0.48848477005958557
1950,LGH020002,"[0.177604, 0.631019, 0.026042, 0.026852]",val,dbscam_euclidean,0,False,True,0.3418356478214264
1950,LGH020002,"[0.088542, 0.613889, 0.022917, 0.009259]",val,dbscam_euclidean,0,False,True,0.46857374906539917
1950,LGH020002,"[0.336979, 0.367593, 0.016667, 0.009259]",val,dbscam_euclidean,0,False,True,0.519774854183197
1950,LGH020002,"[0.128646, 0.055556, 0.0125, 0.014815]",val,dbscam_euclidean,0,False,True,0.45821112394332886
1950,LGH020002,"[0.390885, 0.220833, 0.036979, 0.100926]",val,dbscam_euclidean,0,False,True,0.40446898341178894
1950,LGH020002,"[0.051042, 0.011574, 0.016667, 0.023148]",val,dbscam_euclidean,0,False,True,0.40316537022590637
1950,LGH020002,"[0.017188, 0.682407, 0.034375, 0.046296]",val,dbscam_euclidean,0,False,True,0.28557687997817993
1950,LGH020002,"[0.678646, 0.4875, 0.035417, 0.023148]",val,dbscam_euclidean,0,False,True,0.327424556016922
1950,LGH020002,"[0.310677, 0.083796, 0.020313, 0.060185]",val,dbscam_euclidean,0,False,True,0.3452645540237427
1950,LGH020002,"[0.355729, 0.690741, 0.008333, 0.040741]",val,dbscam_euclidean,0,False,True,0.48208966851234436
1950,LGH020002,"[0.017188, 0.328704, 0.034375, 0.051852]",val,dbscam_euclidean,0,False,True,0.2962390184402466
1950,LGH020002,"[0.373437, 0.925463, 0.016667, 0.069444]",val,dbscam_euclidean,0,False,True,0.3483653664588928
1950,LGH020002,"[0.288281, 0.535185, 0.032813, 0.057407]",val,dbscam_euclidean,0,False,True,0.2812497615814209
1950,LGH020002,"[0.313542, 0.194907, 0.01875, 0.037963]",val,dbscam_euclidean,0,False,True,0.313784658908844
1950,LGH020002,"[0.377865, 0.533796, 0.040104, 0.087963]",val,dbscam_euclidean,0,False,True,0.344709187746048
1950,LGH020002,"[0.392188, 0.334259, 0.045833, 0.05]",val,dbscam_euclidean,0,False,True,0.2891082763671875
1950,LGH020002,"[0.39349, 0.253241, 0.027604, 0.060185]",val,dbscam_euclidean,0,False,True,0.28858089447021484
1950,LGH020002,"[0.369271, 0.699537, 0.036458, 0.058333]",val,dbscam_euclidean,0,False,True,0.28710052371025085
1950,LGH020002,"[0.276562, 0.040741, 0.041667, 0.081481]",val,dbscam_euclidean,0,False,True,0.3603455424308777
1950,LGH020002,"[0.954167, 0.427778, 0.090625, 0.057407]",val,dbscam_euclidean,0,False,True,0.399026483297348
1950,LGH020002,"[0.896402, 0.641853, 0.091811, 0.072787]",val,dbscam_euclidean,0,False,True,0.49985307455062866
1950,LGH020002,"[0.806452, 0.468156, 0.074442, 0.062862]",val,dbscam_euclidean,0,False,True,0.39622360467910767
1950,LGH020002,"[0.957506, 0.513923, 0.083747, 0.068376]",val,dbscam_euclidean,0,False,True,0.4129900336265564
1950,LGH020002,"[0.879032, 0.53598, 0.065757, 0.046319]",val,dbscam_euclidean,0,False,True,0.26531845331192017
1950,LGH020002,"[0.828164, 0.761511, 0.084367, 0.056245]",val,dbscam_euclidean,0,False,True,0.3936142027378082
1950,LGH020002,"[0.742556, 0.644058, 0.068238, 0.057348]",val,dbscam_euclidean,0,False,True,0.3266233503818512
750,LGH020002,"[0.870833, 0.092593, 0.063542, 0.085185]",val,dbscam_euclidean,0,False,True,0.5134575366973877
750,LGH020002,"[0.233333, 0.096759, 0.060417, 0.14537]",val,dbscam_euclidean,0,False,False,0.6226785778999329
750,LGH020002,"[0.943229, 0.175463, 0.0875, 0.091667]",val,dbscam_euclidean,0,False,True,0.5496454238891602
750,LGH020002,"[0.347396, 0.155556, 0.077083, 0.137037]",val,dbscam_euclidean,-1,True,False,
750,LGH020002,"[0.827604, 0.299074, 0.065625, 0.024074]",val,dbscam_euclidean,0,False,True,0.33206629753112793
750,LGH020002,"[0.625781, 0.039815, 0.008854, 0.014815]",val,dbscam_euclidean,0,False,True,0.4232632517814636
750,LGH020002,"[0.398958, 0.303241, 0.077083, 0.052778]",val,dbscam_euclidean,0,False,True,0.4222160875797272
750,LGH020002,"[0.036198, 0.36713, 0.050521, 0.025]",val,dbscam_euclidean,0,False,True,0.31295984983444214
750,LGH020002,"[0.95651, 0.083796, 0.026562, 0.100926]",val,dbscam_euclidean,0,False,True,0.3942109942436218
750,LGH020002,"[0.811198, 0.026389, 0.063021, 0.052778]",val,dbscam_euclidean,0,False,True,0.34221699833869934
750,LGH020002,"[0.584115, 0.475926, 0.055729, 0.048148]",val,dbscam_euclidean,0,False,True,0.37272927165031433
750,LGH020002,"[0.389062, 0.886574, 0.022917, 0.034259]",val,dbscam_euclidean,0,False,True,0.28520306944847107
750,LGH020002,"[0.723958, 0.333796, 0.083333, 0.078704]",val,dbscam_euclidean,0,False,True,0.5257381200790405
750,LGH020002,"[0.525521, 0.398611, 0.022917, 0.071296]",val,dbscam_euclidean,0,False,True,0.37506726384162903
750,LGH020002,"[0.886719, 0.15463, 0.078646, 0.083333]",val,dbscam_euclidean,0,False,True,0.4962371289730072
750,LGH020002,"[0.446354, 0.146759, 0.0375, 0.049074]",val,dbscam_euclidean,0,False,True,0.3144785761833191
750,LGH020002,"[0.340365, 0.670833, 0.056771, 0.026852]",val,dbscam_euclidean,0,False,True,0.32237982749938965
750,LGH020002,"[0.467448, 0.443056, 0.033854, 0.023148]",val,dbscam_euclidean,0,False,True,0.3114854097366333
750,LGH020002,"[0.419531, 0.360185, 0.021354, 0.05]",val,dbscam_euclidean,0,False,True,0.2651793956756592
750,LGH020002,"[0.426563, 0.031019, 0.028125, 0.062037]",val,dbscam_euclidean,0,False,True,0.3247639834880829
750,LGH020002,"[0.835156, 0.319907, 0.014063, 0.017593]",val,dbscam_euclidean,0,False,True,0.39322730898857117
750,LGH020002,"[0.400521, 0.644444, 0.029167, 0.055556]",val,dbscam_euclidean,0,False,True,0.27896806597709656
750,LGH020002,"[0.433854, 0.613889, 0.054167, 0.024074]",val,dbscam_euclidean,0,False,True,0.38681545853614807
750,LGH020002,"[0.504948, 0.964352, 0.027604, 0.041667]",val,dbscam_euclidean,0,False,True,0.29517728090286255
750,LGH020002,"[0.688542, 0.780556, 0.047917, 0.066667]",val,dbscam_euclidean,0,False,True,0.36142027378082275
750,LGH020002,"[0.690885, 0.121759, 0.015104, 0.023148]",val,dbscam_euclidean,0,False,True,0.34039032459259033
750,LGH020002,"[0.935417, 0.383333, 0.021875, 0.022222]",val,dbscam_euclidean,0,False,True,0.3637825548648834
750,LGH020002,"[0.684635, 0.706481, 0.053646, 0.042593]",val,dbscam_euclidean,0,False,True,0.302505224943161
750,LGH020002,"[0.248698, 0.390278, 0.030729, 0.023148]",val,dbscam_euclidean,0,False,True,0.3063283860683441
750,LGH020002,"[0.629948, 0.46713, 0.044271, 0.049074]",val,dbscam_euclidean,0,False,True,0.3110445439815521
750,LGH020002,"[0.210677, 0.333796, 0.013021, 0.025]",val,dbscam_euclidean,0,False,True,0.3803122341632843
750,LGH020002,"[0.620833, 0.549537, 0.028125, 0.050926]",val,dbscam_euclidean,0,False,True,0.2940256893634796
750,LGH020002,"[0.783073, 0.35, 0.049479, 0.038889]",val,dbscam_euclidean,0,False,True,0.30373427271842957
750,LGH020002,"[0.488281, 0.67037, 0.051562, 0.022222]",val,dbscam_euclidean,0,False,True,0.3866608738899231
750,LGH020002,"[0.067187, 0.45787, 0.071875, 0.121296]",val,dbscam_euclidean,0,False,False,0.5644927620887756
750,LGH020002,"[0.732552, 0.989815, 0.007812, 0.018519]",val,dbscam_euclidean,0,False,True,0.4250161647796631
750,LGH020002,"[0.588802, 0.601852, 0.010937, 0.024074]",val,dbscam_euclidean,0,False,True,0.4101118743419647
750,LGH020002,"[0.654427, 0.465278, 0.022396, 0.036111]",val,dbscam_euclidean,0,False,True,0.25659334659576416
750,LGH020002,"[0.292187, 0.440741, 0.00625, 0.018519]",val,dbscam_euclidean,0,False,True,0.42524078488349915
750,LGH020002,"[0.764844, 0.340278, 0.008854, 0.019444]",val,dbscam_euclidean,0,False,True,0.41640540957450867
750,LGH020002,"[0.776563, 0.397685, 0.03125, 0.056481]",val,dbscam_euclidean,0,False,True,0.32824286818504333
750,LGH020002,"[0.315885, 0.674074, 0.008854, 0.024074]",val,dbscam_euclidean,0,False,True,0.4022325575351715
750,LGH020002,"[0.867866, 0.484147, 0.12531, 0.079404]",val,dbscam_euclidean,-1,True,False,
750,LGH020002,"[0.891439, 0.416873, 0.05335, 0.050731]",val,dbscam_euclidean,0,False,True,0.3333417773246765
750,LGH020002,"[0.901675, 0.34188, 0.030397, 0.050731]",val,dbscam_euclidean,0,False,True,0.2735166549682617
2340,LGH020002,"[0.041927, 0.461574, 0.083854, 0.039815]",val,dbscam_euclidean,0,False,True,0.43532875180244446
2340,LGH020002,"[0.032552, 0.227315, 0.065104, 0.162037]",val,dbscam_euclidean,-1,True,False,
2340,LGH020002,"[0.574219, 0.502315, 0.048438, 0.078704]",val,dbscam_euclidean,0,False,True,0.4606825113296509
2340,LGH020002,"[0.380208, 0.37037, 0.033333, 0.025926]",val,dbscam_euclidean,0,False,True,0.24311478435993195
2340,LGH020002,"[0.060156, 0.401852, 0.073438, 0.038889]",val,dbscam_euclidean,0,False,True,0.36965233087539673
2340,LGH020002,"[0.640885, 0.509259, 0.046354, 0.035185]",val,dbscam_euclidean,0,False,True,0.26614826917648315
2340,LGH020002,"[0.073698, 0.229167, 0.076563, 0.05463]",val,dbscam_euclidean,0,False,True,0.47661256790161133
2340,LGH020002,"[0.385156, 0.235185, 0.014063, 0.085185]",val,dbscam_euclidean,0,False,True,0.35658177733421326
2340,LGH020002,"[0.383594, 0.62037, 0.047396, 0.087037]",val,dbscam_euclidean,0,False,True,0.500068724155426
2340,LGH020002,"[0.791146, 0.706944, 0.086458, 0.082407]",val,dbscam_euclidean,0,False,True,0.5157614946365356
2340,LGH020002,"[0.641927, 0.591667, 0.047396, 0.02963]",val,dbscam_euclidean,0,False,True,0.2638835906982422
2340,LGH020002,"[0.454688, 0.726389, 0.020833, 0.019444]",val,dbscam_euclidean,0,False,True,0.3182424306869507
2340,LGH020002,"[0.715625, 0.83287, 0.046875, 0.063889]",val,dbscam_euclidean,0,False,True,0.3699025511741638
2340,LGH020002,"[0.492188, 0.236574, 0.035417, 0.056481]",val,dbscam_euclidean,0,False,True,0.29442083835601807
2340,LGH020002,"[0.493229, 0.45463, 0.030208, 0.064815]",val,dbscam_euclidean,0,False,True,0.36556220054626465
2340,LGH020002,"[0.438281, 0.571759, 0.051562, 0.067593]",val,dbscam_euclidean,0,False,True,0.45224660634994507
2340,LGH020002,"[0.725, 0.968981, 0.045833, 0.058333]",val,dbscam_euclidean,0,False,True,0.3919532597064972
2340,LGH020002,"[0.527604, 0.63287, 0.054167, 0.067593]",val,dbscam_euclidean,0,False,True,0.44881683588027954
2340,LGH020002,"[0.732031, 0.648148, 0.030729, 0.038889]",val,dbscam_euclidean,0,False,True,0.30199772119522095
2340,LGH020002,"[0.71224, 0.62037, 0.015104, 0.016667]",val,dbscam_euclidean,0,False,True,0.3704812228679657
2340,LGH020002,"[0.177865, 0.753704, 0.167187, 0.144444]",val,dbscam_euclidean,-1,True,False,
2340,LGH020002,"[0.534896, 0.551389, 0.038542, 0.049074]",val,dbscam_euclidean,0,False,True,0.3492242395877838
2340,LGH020002,"[0.273177, 0.343056, 0.008854, 0.017593]",val,dbscam_euclidean,0,False,True,0.3835560381412506
2340,LGH020002,"[0.313542, 0.165278, 0.01875, 0.015741]",val,dbscam_euclidean,0,False,True,0.33445242047309875
2340,LGH020002,"[0.642188, 0.825463, 0.033333, 0.060185]",val,dbscam_euclidean,0,False,True,0.31770089268684387
2340,LGH020002,"[0.803385, 0.798148, 0.023438, 0.027778]",val,dbscam_euclidean,0,False,True,0.23124101758003235
2340,LGH020002,"[0.528646, 0.887963, 0.016667, 0.044444]",val,dbscam_euclidean,0,False,True,0.24811972677707672
2340,LGH020002,"[0.402604, 0.363426, 0.019792, 0.049074]",val,dbscam_euclidean,0,False,True,0.2738415598869324
2340,LGH020002,"[0.671094, 0.477778, 0.008854, 0.027778]",val,dbscam_euclidean,0,False,True,0.39626652002334595
2340,LGH020002,"[0.698698, 0.89537, 0.033854, 0.053704]",val,dbscam_euclidean,0,False,True,0.31251174211502075
2340,LGH020002,"[0.565365, 0.524537, 0.018229, 0.025]",val,dbscam_euclidean,0,False,True,0.3610208332538605
2340,LGH020002,"[0.388281, 0.401389, 0.019271, 0.026852]",val,dbscam_euclidean,0,False,True,0.31170764565467834
2340,LGH020002,"[0.436719, 0.918519, 0.025521, 0.031481]",val,dbscam_euclidean,0,False,True,0.20846161246299744
2340,LGH020002,"[0.203385, 0.282407, 0.051562, 0.081481]",val,dbscam_euclidean,0,False,True,0.500939667224884
2340,LGH020002,"[0.515104, 0.956019, 0.0375, 0.062037]",val,dbscam_euclidean,0,False,True,0.3205031454563141
2340,LGH020002,"[0.766667, 0.945833, 0.027083, 0.075]",val,dbscam_euclidean,0,False,True,0.3311789333820343
2340,LGH020002,"[0.335156, 0.81713, 0.019271, 0.025]",val,dbscam_euclidean,0,False,True,0.3583153486251831
2340,LGH020002,"[0.17526, 0.267593, 0.015104, 0.02037]",val,dbscam_euclidean,0,False,True,0.33774223923683167
2340,LGH020002,"[0.723437, 0.427778, 0.027083, 0.024074]",val,dbscam_euclidean,0,False,True,0.2034568339586258
2340,LGH020002,"[0.436198, 0.488889, 0.048438, 0.042593]",val,dbscam_euclidean,0,False,True,0.2864086627960205
2340,LGH020002,"[0.178646, 0.318519, 0.052083, 0.022222]",val,dbscam_euclidean,0,False,True,0.34887954592704773
2340,LGH020002,"[0.555729, 0.610185, 0.019792, 0.02037]",val,dbscam_euclidean,0,False,True,0.36151716113090515
2340,LGH020002,"[0.615104, 0.636574, 0.019792, 0.026852]",val,dbscam_euclidean,0,False,True,0.23668697476387024
2340,LGH020002,"[0.041927, 0.536111, 0.083854, 0.188889]",val,dbscam_euclidean,-1,True,False,
2340,LGH020002,"[0.746615, 0.739815, 0.060937, 0.038889]",val,dbscam_euclidean,0,False,True,0.3144100606441498
2340,LGH020002,"[0.239323, 0.516667, 0.049479, 0.07963]",val,dbscam_euclidean,0,False,True,0.47092342376708984
2340,LGH020002,"[0.170573, 0.385185, 0.086979, 0.155556]",val,dbscam_euclidean,-1,True,False,
2340,LGH020002,"[0.478906, 0.54213, 0.034896, 0.028704]",val,dbscam_euclidean,0,False,True,0.25586017966270447
2340,LGH020002,"[0.509896, 0.86713, 0.011458, 0.065741]",val,dbscam_euclidean,0,False,True,0.37333613634109497
2340,LGH020002,"[0.434896, 0.675926, 0.016667, 0.02037]",val,dbscam_euclidean,0,False,True,0.3487597405910492
2340,LGH020002,"[0.328906, 0.884722, 0.011979, 0.019444]",val,dbscam_euclidean,0,False,True,0.334197074174881
2340,LGH020002,"[0.41276, 0.568056, 0.034896, 0.025]",val,dbscam_euclidean,0,False,True,0.28217604756355286
2340,LGH020002,"[0.122135, 0.766667, 0.058854, 0.035185]",val,dbscam_euclidean,0,False,True,0.3426055610179901
2340,LGH020002,"[0.414844, 0.529167, 0.024479, 0.019444]",val,dbscam_euclidean,0,False,True,0.3048616945743561
2340,LGH020002,"[0.511979, 0.818519, 0.013542, 0.022222]",val,dbscam_euclidean,0,False,True,0.3653220236301422
2340,LGH020002,"[0.316667, 0.393981, 0.020833, 0.026852]",val,dbscam_euclidean,0,False,True,0.23382440209388733
2340,LGH020002,"[0.775, 0.793519, 0.058333, 0.044444]",val,dbscam_euclidean,0,False,True,0.307707279920578
2340,LGH020002,"[0.332031, 0.743056, 0.069271, 0.060185]",val,dbscam_euclidean,0,False,True,0.39153316617012024
2340,LGH020002,"[0.194271, 0.431019, 0.134375, 0.247222]",val,dbscam_euclidean,-1,True,False,
2340,LGH020002,"[0.810677, 0.769444, 0.017188, 0.02963]",val,dbscam_euclidean,0,False,True,0.28139033913612366
2340,LGH020002,"[0.766667, 0.924537, 0.026042, 0.032407]",val,dbscam_euclidean,0,False,True,0.27038195729255676
2340,LGH020002,"[0.488542, 0.651852, 0.01875, 0.038889]",val,dbscam_euclidean,0,False,True,0.28036296367645264
2340,LGH020002,"[0.651042, 0.743519, 0.013542, 0.014815]",val,dbscam_euclidean,0,False,True,0.3673173487186432
2340,LGH020002,"[0.470833, 0.494907, 0.05, 0.026852]",val,dbscam_euclidean,0,False,True,0.2939170002937317
2340,LGH020002,"[0.417187, 0.35, 0.021875, 0.016667]",val,dbscam_euclidean,0,False,True,0.34771594405174255
2340,LGH020002,"[0.345573, 0.38287, 0.040104, 0.036111]",val,dbscam_euclidean,0,False,True,0.2712605893611908
2340,LGH020002,"[0.634635, 0.733333, 0.046354, 0.035185]",val,dbscam_euclidean,0,False,True,0.2719031572341919
2340,LGH020002,"[0.307292, 0.865278, 0.01875, 0.013889]",val,dbscam_euclidean,0,False,True,0.3192359209060669
2340,LGH020002,"[0.983333, 0.978241, 0.032292, 0.041667]",val,dbscam_euclidean,0,False,True,0.34662726521492004
2340,LGH020002,"[0.507292, 0.563889, 0.023958, 0.025926]",val,dbscam_euclidean,0,False,True,0.2497868537902832
2340,LGH020002,"[0.015365, 0.82963, 0.030729, 0.018519]",val,dbscam_euclidean,0,False,True,0.30398282408714294
2340,LGH020002,"[0.929948, 0.907407, 0.053646, 0.053704]",val,dbscam_euclidean,0,False,True,0.38934674859046936
2340,LGH020002,"[0.711198, 0.606481, 0.022396, 0.059259]",val,dbscam_euclidean,0,False,True,0.3450670540332794
2340,LGH020002,"[0.394792, 0.706019, 0.040625, 0.075]",val,dbscam_euclidean,0,False,True,0.39415064454078674
2340,LGH020002,"[0.589063, 0.719444, 0.014583, 0.018519]",val,dbscam_euclidean,0,False,True,0.3539433777332306
2340,LGH020002,"[0.414323, 0.513426, 0.025521, 0.050926]",val,dbscam_euclidean,0,False,True,0.2462119460105896
2340,LGH020002,"[0.521875, 0.696296, 0.021875, 0.02963]",val,dbscam_euclidean,0,False,True,0.34146392345428467
2340,LGH020002,"[0.447396, 0.609259, 0.01875, 0.011111]",val,dbscam_euclidean,0,False,True,0.430162638425827
2340,LGH020002,"[0.744531, 0.747222, 0.033854, 0.016667]",val,dbscam_euclidean,0,False,True,0.2958475351333618
2340,LGH020002,"[0.044531, 0.833333, 0.089063, 0.051852]",val,dbscam_euclidean,0,False,True,0.497127890586853
2340,LGH020002,"[0.401562, 0.685185, 0.027083, 0.033333]",val,dbscam_euclidean,0,False,True,0.31980735063552856
2340,LGH020002,"[0.19375, 0.595833, 0.007292, 0.017593]",val,dbscam_euclidean,0,False,True,0.4097191393375397
2340,LGH020002,"[0.732812, 0.958796, 0.030208, 0.036111]",val,dbscam_euclidean,0,False,True,0.2834594249725342
2340,LGH020002,"[0.823698, 0.734259, 0.022396, 0.02963]",val,dbscam_euclidean,0,False,True,0.2290191650390625
2340,LGH020002,"[0.890819, 0.472015, 0.091811, 0.059553]",val,dbscam_euclidean,0,False,True,0.5051904916763306
2340,LGH020002,"[0.977667, 0.503998, 0.043424, 0.057348]",val,dbscam_euclidean,0,False,True,0.39208054542541504
2340,LGH020002,"[0.920596, 0.727874, 0.096774, 0.143369]",val,dbscam_euclidean,-1,True,False,
1980,LGH020002,"[0.263021, 0.041204, 0.036458, 0.082407]",val,dbscam_euclidean,0,False,True,0.38937315344810486
1980,LGH020002,"[0.125, 0.155093, 0.052083, 0.086111]",val,dbscam_euclidean,0,False,True,0.4147999882698059
1980,LGH020002,"[0.278646, 0.110648, 0.109375, 0.152778]",val,dbscam_euclidean,-1,True,False,
1980,LGH020002,"[0.12526, 0.25787, 0.038021, 0.030556]",val,dbscam_euclidean,0,False,True,0.28606918454170227
1980,LGH020002,"[0.541667, 0.048148, 0.045833, 0.040741]",val,dbscam_euclidean,0,False,True,0.27279695868492126
1980,LGH020002,"[0.925, 0.111574, 0.08125, 0.125]",val,dbscam_euclidean,0,False,True,0.626228928565979
1980,LGH020002,"[0.335677, 0.225463, 0.021354, 0.049074]",val,dbscam_euclidean,0,False,True,0.22388848662376404
1980,LGH020002,"[0.539062, 0.414352, 0.060417, 0.041667]",val,dbscam_euclidean,0,False,True,0.2787571847438812
1980,LGH020002,"[0.247656, 0.106944, 0.053646, 0.084259]",val,dbscam_euclidean,0,False,True,0.44052571058273315
1980,LGH020002,"[0.909896, 0.206481, 0.073958, 0.083333]",val,dbscam_euclidean,0,False,True,0.48821747303009033
1980,LGH020002,"[0.335677, 0.050463, 0.056771, 0.065741]",val,dbscam_euclidean,0,False,True,0.4198262095451355
1980,LGH020002,"[0.317708, 0.358333, 0.057292, 0.062963]",val,dbscam_euclidean,0,False,True,0.3527491092681885
1980,LGH020002,"[0.246875, 0.177315, 0.054167, 0.091667]",val,dbscam_euclidean,0,False,True,0.4143553376197815
1980,LGH020002,"[0.807292, 0.360185, 0.052083, 0.05]",val,dbscam_euclidean,0,False,True,0.3191254138946533
1980,LGH020002,"[0.756771, 0.20787, 0.05, 0.041667]",val,dbscam_euclidean,0,False,True,0.28517693281173706
1980,LGH020002,"[0.382031, 0.296296, 0.049479, 0.107407]",val,dbscam_euclidean,0,False,True,0.4954805076122284
1980,LGH020002,"[0.626823, 0.274074, 0.020313, 0.02963]",val,dbscam_euclidean,0,False,True,0.34051042795181274
1980,LGH020002,"[0.619792, 0.373148, 0.046875, 0.075926]",val,dbscam_euclidean,0,False,True,0.372688353061676
1980,LGH020002,"[0.214844, 0.916667, 0.138021, 0.107407]",val,dbscam_euclidean,0,False,False,0.6184560656547546
1980,LGH020002,"[0.654427, 0.182407, 0.028646, 0.087037]",val,dbscam_euclidean,0,False,True,0.36724671721458435
1980,LGH020002,"[0.033073, 0.949537, 0.066146, 0.071296]",val,dbscam_euclidean,0,False,True,0.43496185541152954
1980,LGH020002,"[0.827083, 0.261111, 0.053125, 0.042593]",val,dbscam_euclidean,0,False,True,0.31704849004745483
1980,LGH020002,"[0.509115, 0.148148, 0.008854, 0.042593]",val,dbscam_euclidean,0,False,True,0.44342246651649475
1980,LGH020002,"[0.648177, 0.124537, 0.041146, 0.041667]",val,dbscam_euclidean,0,False,True,0.24190035462379456
1980,LGH020002,"[0.729167, 0.403704, 0.054167, 0.024074]",val,dbscam_euclidean,0,False,True,0.3460659980773926
1980,LGH020002,"[0.354427, 0.101389, 0.033854, 0.039815]",val,dbscam_euclidean,0,False,True,0.22865892946720123
1980,LGH020002,"[0.435156, 0.465278, 0.047396, 0.052778]",val,dbscam_euclidean,0,False,True,0.23938098549842834
1980,LGH020002,"[0.182292, 0.490741, 0.11875, 0.1]",val,dbscam_euclidean,-1,True,False,
1980,LGH020002,"[0.758594, 0.183796, 0.023438, 0.013889]",val,dbscam_euclidean,0,False,True,0.41657549142837524
1980,LGH020002,"[0.1625, 0.386111, 0.028125, 0.064815]",val,dbscam_euclidean,0,False,True,0.3132920265197754
1980,LGH020002,"[0.124219, 0.324537, 0.047396, 0.05463]",val,dbscam_euclidean,0,False,True,0.2900664508342743
1980,LGH020002,"[0.324219, 0.724537, 0.052604, 0.052778]",val,dbscam_euclidean,0,False,True,0.31647607684135437
1980,LGH020002,"[0.561719, 0.434259, 0.038021, 0.024074]",val,dbscam_euclidean,0,False,True,0.2899288535118103
1980,LGH020002,"[0.808073, 0.328241, 0.046354, 0.060185]",val,dbscam_euclidean,0,False,True,0.29061150550842285
1980,LGH020002,"[0.576823, 0.443519, 0.028646, 0.051852]",val,dbscam_euclidean,0,False,True,0.32688918709754944
1980,LGH020002,"[0.028125, 0.35463, 0.05625, 0.092593]",val,dbscam_euclidean,0,False,True,0.4415746331214905
1980,LGH020002,"[0.240885, 0.625, 0.056771, 0.025926]",val,dbscam_euclidean,0,False,True,0.3919638991355896
1980,LGH020002,"[0.927865, 0.718056, 0.035937, 0.026852]",val,dbscam_euclidean,0,False,True,0.3093813359737396
1980,LGH020002,"[0.319792, 0.609722, 0.073958, 0.100926]",val,dbscam_euclidean,0,False,True,0.49040502309799194
1980,LGH020002,"[0.798698, 0.231481, 0.056771, 0.031481]",val,dbscam_euclidean,0,False,True,0.24923381209373474
1980,LGH020002,"[0.483594, 0.428704, 0.039062, 0.018519]",val,dbscam_euclidean,0,False,True,0.3680259585380554
1980,LGH020002,"[0.541406, 0.162037, 0.035937, 0.042593]",val,dbscam_euclidean,0,False,True,0.2583875358104706
1980,LGH020002,"[0.836458, 0.106019, 0.017708, 0.013889]",val,dbscam_euclidean,0,False,True,0.3937021493911743
1980,LGH020002,"[0.409115, 0.978704, 0.031771, 0.02963]",val,dbscam_euclidean,0,False,True,0.28350695967674255
1980,LGH020002,"[0.408854, 0.773611, 0.065625, 0.065741]",val,dbscam_euclidean,0,False,True,0.40679794549942017
1980,LGH020002,"[0.422917, 0.406019, 0.071875, 0.049074]",val,dbscam_euclidean,0,False,True,0.3782634139060974
1980,LGH020002,"[0.093229, 0.579167, 0.045833, 0.041667]",val,dbscam_euclidean,0,False,True,0.24294570088386536
1980,LGH020002,"[0.420312, 0.383333, 0.04375, 0.048148]",val,dbscam_euclidean,0,False,True,0.24854415655136108
1980,LGH020002,"[0.652865, 0.230556, 0.070312, 0.114815]",val,dbscam_euclidean,0,False,True,0.5664361119270325
1980,LGH020002,"[0.017969, 0.093981, 0.027604, 0.021296]",val,dbscam_euclidean,0,False,True,0.32746225595474243
1980,LGH020002,"[0.13776, 0.458333, 0.029687, 0.033333]",val,dbscam_euclidean,0,False,True,0.26031675934791565
1980,LGH020002,"[0.521615, 0.574074, 0.014063, 0.024074]",val,dbscam_euclidean,0,False,True,0.4121224284172058
1980,LGH020002,"[0.04349, 0.060648, 0.027604, 0.015741]",val,dbscam_euclidean,0,False,True,0.37593135237693787
1980,LGH020002,"[0.436719, 0.561111, 0.043229, 0.038889]",val,dbscam_euclidean,0,False,True,0.24483853578567505
1980,LGH020002,"[0.561719, 0.331481, 0.034896, 0.092593]",val,dbscam_euclidean,0,False,True,0.4092642068862915
1980,LGH020002,"[0.43776, 0.515741, 0.051562, 0.035185]",val,dbscam_euclidean,0,False,True,0.2449929267168045
1980,LGH020002,"[0.203906, 0.027778, 0.022396, 0.055556]",val,dbscam_euclidean,0,False,True,0.3008073568344116
1980,LGH020002,"[0.815365, 0.196759, 0.051562, 0.032407]",val,dbscam_euclidean,0,False,True,0.3580586910247803
1980,LGH020002,"[0.310156, 0.100926, 0.013021, 0.02037]",val,dbscam_euclidean,0,False,True,0.4292311668395996
1980,LGH020002,"[0.110417, 0.281481, 0.027083, 0.040741]",val,dbscam_euclidean,0,False,True,0.24062755703926086
1980,LGH020002,"[0.802344, 0.862037, 0.053646, 0.062963]",val,dbscam_euclidean,0,False,True,0.3490009009838104
1980,LGH020002,"[0.73125, 0.1625, 0.014583, 0.021296]",val,dbscam_euclidean,0,False,True,0.44228482246398926
1980,LGH020002,"[0.35, 0.852315, 0.010417, 0.015741]",val,dbscam_euclidean,0,False,True,0.44124117493629456
1980,LGH020002,"[0.601562, 0.641667, 0.03125, 0.025926]",val,dbscam_euclidean,0,False,True,0.2962038218975067
1980,LGH020002,"[0.851562, 0.370833, 0.019792, 0.015741]",val,dbscam_euclidean,0,False,True,0.4299907684326172
1980,LGH020002,"[0.989062, 0.251389, 0.020833, 0.071296]",val,dbscam_euclidean,0,False,True,0.3049388527870178
1980,LGH020002,"[0.990104, 0.314815, 0.01875, 0.012963]",val,dbscam_euclidean,0,False,True,0.4072738587856293
1980,LGH020002,"[0.277083, 0.513426, 0.021875, 0.043519]",val,dbscam_euclidean,0,False,True,0.257241815328598
1980,LGH020002,"[0.245573, 0.345833, 0.036979, 0.028704]",val,dbscam_euclidean,0,False,True,0.25063830614089966
1980,LGH020002,"[0.25651, 0.565741, 0.034896, 0.090741]",val,dbscam_euclidean,0,False,True,0.3893890678882599
1980,LGH020002,"[0.1, 0.018981, 0.134375, 0.037963]",val,dbscam_euclidean,0,False,False,0.5169491171836853
1980,LGH020002,"[0.616667, 0.301389, 0.0125, 0.023148]",val,dbscam_euclidean,0,False,True,0.43094292283058167
1980,LGH020002,"[0.170052, 0.603704, 0.010937, 0.042593]",val,dbscam_euclidean,0,False,True,0.36588528752326965
1980,LGH020002,"[0.014583, 0.556944, 0.029167, 0.056481]",val,dbscam_euclidean,0,False,True,0.330532044172287
1980,LGH020002,"[0.555208, 0.660185, 0.032292, 0.038889]",val,dbscam_euclidean,0,False,True,0.2564548850059509
1980,LGH020002,"[0.400521, 0.024537, 0.015625, 0.049074]",val,dbscam_euclidean,0,False,True,0.3275012671947479
1980,LGH020002,"[0.18151, 0.736574, 0.033854, 0.056481]",val,dbscam_euclidean,0,False,True,0.317253440618515
1980,LGH020002,"[0.178125, 0.603704, 0.027083, 0.042593]",val,dbscam_euclidean,0,False,True,0.2621898055076599
1980,LGH020002,"[0.234896, 0.525463, 0.013542, 0.028704]",val,dbscam_euclidean,0,False,True,0.34634554386138916
1980,LGH020002,"[0.324219, 0.143981, 0.017188, 0.017593]",val,dbscam_euclidean,0,False,True,0.38231703639030457
1980,LGH020002,"[0.182292, 0.492593, 0.096875, 0.051852]",val,dbscam_euclidean,0,False,True,0.41229134798049927
1980,LGH020002,"[0.011198, 0.507407, 0.011979, 0.042593]",val,dbscam_euclidean,0,False,True,0.38414186239242554
1980,LGH020002,"[0.977344, 0.200463, 0.029687, 0.015741]",val,dbscam_euclidean,0,False,True,0.3680499196052551
1980,LGH020002,"[0.990885, 0.285648, 0.017188, 0.056481]",val,dbscam_euclidean,0,False,True,0.3304760456085205
1980,LGH020002,"[0.111979, 0.043981, 0.158333, 0.087963]",val,dbscam_euclidean,0,False,True,0.5341092348098755
1980,LGH020002,"[0.177344, 0.527778, 0.021354, 0.031481]",val,dbscam_euclidean,0,False,True,0.2719569206237793
1980,LGH020002,"[0.01901, 0.160648, 0.038021, 0.060185]",val,dbscam_euclidean,0,False,True,0.28318145871162415
1980,LGH020002,"[0.966406, 0.262963, 0.011979, 0.011111]",val,dbscam_euclidean,0,False,True,0.4379521310329437
1980,LGH020002,"[0.651563, 0.3625, 0.029167, 0.030556]",val,dbscam_euclidean,0,False,True,0.2744457423686981
1980,LGH020002,"[0.665885, 0.621759, 0.054688, 0.043519]",val,dbscam_euclidean,0,False,True,0.2615353465080261
1980,LGH020002,"[0.179427, 0.063426, 0.026562, 0.050926]",val,dbscam_euclidean,0,False,True,0.29285910725593567
1980,LGH020002,"[0.986198, 0.392593, 0.026562, 0.007407]",val,dbscam_euclidean,0,False,True,0.522795557975769
1980,LGH020002,"[0.304948, 0.558796, 0.031771, 0.023148]",val,dbscam_euclidean,0,False,True,0.3668188154697418
1980,LGH020002,"[0.64401, 0.151389, 0.034896, 0.032407]",val,dbscam_euclidean,0,False,True,0.30412566661834717
1980,LGH020002,"[0.264062, 0.578241, 0.019792, 0.063889]",val,dbscam_euclidean,0,False,True,0.30880206823349
1980,LGH020002,"[0.979948, 0.388889, 0.039062, 0.05]",val,dbscam_euclidean,0,False,True,0.2376888394355774
1980,LGH020002,"[0.751551, 0.45437, 0.073821, 0.044114]",val,dbscam_euclidean,0,False,True,0.358196884393692
1980,LGH020002,"[0.867246, 0.46209, 0.073201, 0.048525]",val,dbscam_euclidean,0,False,True,0.31755831837654114
1980,LGH020002,"[0.89206, 0.509512, 0.083127, 0.070582]",val,dbscam_euclidean,0,False,True,0.4191988408565521
1980,LGH020002,"[0.908809, 0.414668, 0.074442, 0.048525]",val,dbscam_euclidean,0,False,True,0.35053545236587524
2280,LGH020002,"[0.254688, 0.646296, 0.075, 0.062963]",val,dbscam_euclidean,0,False,True,0.4215141534805298
2280,LGH020002,"[0.921354, 0.978704, 0.091667, 0.040741]",val,dbscam_euclidean,0,False,True,0.45820796489715576
2280,LGH020002,"[0.025521, 0.425463, 0.051042, 0.030556]",val,dbscam_euclidean,0,False,True,0.3118250072002411
2280,LGH020002,"[0.529167, 0.410185, 0.046875, 0.051852]",val,dbscam_euclidean,0,False,True,0.3122309446334839
2280,LGH020002,"[0.71276, 0.931944, 0.010937, 0.028704]",val,dbscam_euclidean,0,False,True,0.4103326201438904
2280,LGH020002,"[0.080208, 0.926852, 0.09375, 0.111111]",val,dbscam_euclidean,0,False,False,0.6704757809638977
2280,LGH020002,"[0.033333, 0.17963, 0.022917, 0.02963]",val,dbscam_euclidean,0,False,True,0.270855188369751
2280,LGH020002,"[0.344531, 0.914352, 0.026562, 0.052778]",val,dbscam_euclidean,0,False,True,0.30548274517059326
2280,LGH020002,"[0.046094, 0.328704, 0.018229, 0.040741]",val,dbscam_euclidean,0,False,True,0.27360454201698303
2280,LGH020002,"[0.540625, 0.800463, 0.034375, 0.037963]",val,dbscam_euclidean,0,False,True,0.294752836227417
2280,LGH020002,"[0.413281, 0.921759, 0.043229, 0.080556]",val,dbscam_euclidean,0,False,True,0.41203123331069946
2280,LGH020002,"[0.351823, 0.796759, 0.025521, 0.036111]",val,dbscam_euclidean,0,False,True,0.20566168427467346
2280,LGH020002,"[0.516146, 0.482407, 0.030208, 0.016667]",val,dbscam_euclidean,0,False,True,0.3207125961780548
2280,LGH020002,"[0.320573, 0.923611, 0.023438, 0.056481]",val,dbscam_euclidean,0,False,True,0.31020116806030273
2280,LGH020002,"[0.444792, 0.775463, 0.025, 0.026852]",val,dbscam_euclidean,0,False,True,0.22283793985843658
2280,LGH020002,"[0.280469, 0.423611, 0.021354, 0.028704]",val,dbscam_euclidean,0,False,True,0.2669428586959839
2280,LGH020002,"[0.292708, 0.39213, 0.0125, 0.025]",val,dbscam_euclidean,0,False,True,0.3619982600212097
2280,LGH020002,"[0.776302, 0.354167, 0.046354, 0.060185]",val,dbscam_euclidean,0,False,True,0.337627649307251
2280,LGH020002,"[0.452344, 0.568056, 0.026562, 0.032407]",val,dbscam_euclidean,0,False,True,0.24071165919303894
2280,LGH020002,"[0.011198, 0.866204, 0.009896, 0.015741]",val,dbscam_euclidean,0,False,True,0.37653636932373047
2280,LGH020002,"[0.233333, 0.875926, 0.034375, 0.042593]",val,dbscam_euclidean,0,False,True,0.28922247886657715
2280,LGH020002,"[0.073177, 0.288889, 0.028646, 0.035185]",val,dbscam_euclidean,0,False,True,0.2554221451282501
2280,LGH020002,"[0.771875, 0.927315, 0.023958, 0.028704]",val,dbscam_euclidean,0,False,True,0.2508588135242462
2280,LGH020002,"[0.158854, 0.463889, 0.045833, 0.033333]",val,dbscam_euclidean,0,False,True,0.3020375669002533
2280,LGH020002,"[0.652083, 0.775926, 0.030208, 0.022222]",val,dbscam_euclidean,0,False,True,0.33844757080078125
2280,LGH020002,"[0.118229, 0.093519, 0.010417, 0.016667]",val,dbscam_euclidean,0,False,True,0.3617493212223053
2280,LGH020002,"[0.490625, 0.827315, 0.038542, 0.043519]",val,dbscam_euclidean,0,False,True,0.25014781951904297
2280,LGH020002,"[0.567448, 0.616204, 0.022396, 0.013889]",val,dbscam_euclidean,0,False,True,0.32505953311920166
2280,LGH020002,"[0.666146, 0.739352, 0.015625, 0.017593]",val,dbscam_euclidean,0,False,True,0.3270561695098877
2280,LGH020002,"[0.353125, 0.481944, 0.015625, 0.013889]",val,dbscam_euclidean,0,False,True,0.344122052192688
2280,LGH020002,"[0.566146, 0.893981, 0.023958, 0.05463]",val,dbscam_euclidean,0,False,True,0.24416892230510712
2280,LGH020002,"[0.467708, 0.734259, 0.059375, 0.05]",val,dbscam_euclidean,0,False,True,0.36890724301338196
2280,LGH020002,"[0.423177, 0.83287, 0.025521, 0.050926]",val,dbscam_euclidean,0,False,True,0.2717699110507965
2280,LGH020002,"[0.35026, 0.859259, 0.039062, 0.033333]",val,dbscam_euclidean,0,False,True,0.2579873502254486
2280,LGH020002,"[0.472656, 0.653704, 0.016146, 0.040741]",val,dbscam_euclidean,0,False,True,0.24959972500801086
2280,LGH020002,"[0.400521, 0.502315, 0.028125, 0.04537]",val,dbscam_euclidean,0,False,True,0.23735755681991577
2280,LGH020002,"[0.535156, 0.50463, 0.032813, 0.018519]",val,dbscam_euclidean,0,False,True,0.3095632791519165
2280,LGH020002,"[0.190104, 0.319444, 0.013542, 0.027778]",val,dbscam_euclidean,0,False,True,0.31537118554115295
2280,LGH020002,"[0.385417, 0.663426, 0.007292, 0.023148]",val,dbscam_euclidean,0,False,True,0.3853982388973236
2280,LGH020002,"[0.628385, 0.641667, 0.040104, 0.014815]",val,dbscam_euclidean,0,False,True,0.33785563707351685
2280,LGH020002,"[0.63724, 0.694907, 0.016146, 0.037963]",val,dbscam_euclidean,0,False,True,0.3373304605484009
2280,LGH020002,"[0.756824, 0.689275, 0.081886, 0.083816]",val,dbscam_euclidean,0,False,True,0.5732045769691467
2280,LGH020002,"[0.528846, 0.126827, 0.034119, 0.143369]",val,dbscam_euclidean,0,False,True,0.5017355680465698
2280,LGH020002,"[0.929591, 0.322029, 0.042804, 0.121312]",val,dbscam_euclidean,0,False,True,0.5021457672119141
2280,LGH020002,"[0.522022, 0.959471, 0.042804, 0.077199]",val,dbscam_euclidean,0,False,True,0.41731154918670654
1230,LGH020002,"[0.514583, 0.320833, 0.053125, 0.026852]",val,dbscam_euclidean,0,False,True,0.27140823006629944
1230,LGH020002,"[0.953906, 0.427315, 0.091146, 0.093519]",val,dbscam_euclidean,0,False,True,0.6039847135543823
1230,LGH020002,"[0.991406, 0.261574, 0.016146, 0.021296]",val,dbscam_euclidean,0,False,True,0.3942265808582306
1230,LGH020002,"[0.658333, 0.440741, 0.047917, 0.022222]",val,dbscam_euclidean,0,False,True,0.30061203241348267
1230,LGH020002,"[0.232813, 0.299074, 0.127083, 0.218519]",val,dbscam_euclidean,-1,True,False,
1230,LGH020002,"[0.543229, 0.451852, 0.045833, 0.024074]",val,dbscam_euclidean,0,False,True,0.26613301038742065
1230,LGH020002,"[0.277604, 0.518981, 0.080208, 0.076852]",val,dbscam_euclidean,0,False,True,0.500946581363678
1230,LGH020002,"[0.915365, 0.134722, 0.122396, 0.14537]",val,dbscam_euclidean,-1,True,False,
1230,LGH020002,"[0.482031, 0.368519, 0.045312, 0.02963]",val,dbscam_euclidean,0,False,True,0.23450098931789398
1230,LGH020002,"[0.376563, 0.116667, 0.055208, 0.046296]",val,dbscam_euclidean,0,False,True,0.3516691029071808
1230,LGH020002,"[0.735156, 0.352315, 0.047396, 0.032407]",val,dbscam_euclidean,0,False,True,0.30058082938194275
1230,LGH020002,"[0.907292, 0.368519, 0.101042, 0.075926]",val,dbscam_euclidean,0,False,True,0.5386914014816284
1230,LGH020002,"[0.438281, 0.181019, 0.030729, 0.065741]",val,dbscam_euclidean,0,False,True,0.3957739770412445
1230,LGH020002,"[0.408594, 0.31713, 0.017188, 0.019444]",val,dbscam_euclidean,0,False,True,0.3452513813972473
1230,LGH020002,"[0.621875, 0.380556, 0.055208, 0.046296]",val,dbscam_euclidean,0,False,True,0.3221083879470825
1230,LGH020002,"[0.597396, 0.522222, 0.06875, 0.037037]",val,dbscam_euclidean,0,False,True,0.3492361307144165
1230,LGH020002,"[0.485677, 0.426389, 0.029687, 0.019444]",val,dbscam_euclidean,0,False,True,0.29500487446784973
1230,LGH020002,"[0.456771, 0.456019, 0.0375, 0.019444]",val,dbscam_euclidean,0,False,True,0.27850809693336487
1230,LGH020002,"[0.653125, 0.526852, 0.046875, 0.033333]",val,dbscam_euclidean,0,False,True,0.2772006094455719
1230,LGH020002,"[0.076563, 0.681019, 0.082292, 0.060185]",val,dbscam_euclidean,0,False,True,0.46083730459213257
1230,LGH020002,"[0.589063, 0.172685, 0.019792, 0.05463]",val,dbscam_euclidean,0,False,True,0.2994968593120575
1230,LGH020002,"[0.170573, 0.359722, 0.045312, 0.028704]",val,dbscam_euclidean,0,False,True,0.23518477380275726
1230,LGH020002,"[0.573698, 0.436111, 0.023438, 0.025926]",val,dbscam_euclidean,0,False,True,0.3514275848865509
1230,LGH020002,"[0.244792, 0.421296, 0.04375, 0.02037]",val,dbscam_euclidean,0,False,True,0.2850970923900604
1230,LGH020002,"[0.619271, 0.505556, 0.032292, 0.025926]",val,dbscam_euclidean,0,False,True,0.2781901955604553
1230,LGH020002,"[0.645833, 0.375926, 0.034375, 0.038889]",val,dbscam_euclidean,0,False,True,0.3203517496585846
1230,LGH020002,"[0.56901, 0.406481, 0.050521, 0.035185]",val,dbscam_euclidean,0,False,True,0.2920784652233124
1230,LGH020002,"[0.539844, 0.602778, 0.040104, 0.02037]",val,dbscam_euclidean,0,False,True,0.28444069623947144
1230,LGH020002,"[0.577865, 0.483796, 0.059896, 0.034259]",val,dbscam_euclidean,0,False,True,0.31560030579566956
1230,LGH020002,"[0.927344, 0.935185, 0.077604, 0.066667]",val,dbscam_euclidean,0,False,True,0.5375264883041382
1230,LGH020002,"[0.290104, 0.473611, 0.022917, 0.09537]",val,dbscam_euclidean,0,False,True,0.4185207784175873
1230,LGH020002,"[0.11224, 0.562037, 0.127604, 0.051852]",val,dbscam_euclidean,0,False,False,0.5470806956291199
1230,LGH020002,"[0.010156, 0.216667, 0.020313, 0.038889]",val,dbscam_euclidean,0,False,True,0.305290162563324
1230,LGH020002,"[0.323177, 0.133333, 0.043229, 0.022222]",val,dbscam_euclidean,0,False,True,0.2600581645965576
1230,LGH020002,"[0.619531, 0.486574, 0.025521, 0.015741]",val,dbscam_euclidean,0,False,True,0.3256862759590149
1230,LGH020002,"[0.324479, 0.349537, 0.042708, 0.082407]",val,dbscam_euclidean,0,False,True,0.4474167227745056
1230,LGH020002,"[0.695573, 0.494444, 0.063021, 0.033333]",val,dbscam_euclidean,0,False,True,0.35517019033432007
1230,LGH020002,"[0.904948, 0.748611, 0.020313, 0.034259]",val,dbscam_euclidean,0,False,True,0.3144422173500061
1230,LGH020002,"[0.661719, 0.469907, 0.044271, 0.017593]",val,dbscam_euclidean,0,False,True,0.30612340569496155
1230,LGH020002,"[0.451042, 0.347222, 0.035417, 0.040741]",val,dbscam_euclidean,0,False,True,0.28717878460884094
1230,LGH020002,"[0.430729, 0.375, 0.021875, 0.025926]",val,dbscam_euclidean,0,False,True,0.3079196810722351
1230,LGH020002,"[0.226302, 0.466204, 0.050521, 0.026852]",val,dbscam_euclidean,0,False,True,0.25027957558631897
1230,LGH020002,"[0.68724, 0.172685, 0.007812, 0.013889]",val,dbscam_euclidean,0,False,True,0.43698617815971375
1230,LGH020002,"[0.389844, 0.638426, 0.034896, 0.021296]",val,dbscam_euclidean,0,False,True,0.270510733127594
1230,LGH020002,"[0.642708, 0.724537, 0.042708, 0.019444]",val,dbscam_euclidean,0,False,True,0.3272444009780884
1230,LGH020002,"[0.329948, 0.458796, 0.033854, 0.028704]",val,dbscam_euclidean,0,False,True,0.2087782919406891
1230,LGH020002,"[0.290365, 0.67037, 0.023438, 0.044444]",val,dbscam_euclidean,0,False,True,0.2813771665096283
1230,LGH020002,"[0.724219, 0.476389, 0.036979, 0.060185]",val,dbscam_euclidean,0,False,True,0.44195500016212463
1230,LGH020002,"[0.354427, 0.502315, 0.046354, 0.015741]",val,dbscam_euclidean,0,False,True,0.3566257357597351
1230,LGH020002,"[0.365885, 0.44537, 0.047396, 0.024074]",val,dbscam_euclidean,0,False,True,0.28392577171325684
1230,LGH020002,"[0.86901, 0.722685, 0.023438, 0.030556]",val,dbscam_euclidean,0,False,True,0.23528839647769928
1230,LGH020002,"[0.420573, 0.446296, 0.033854, 0.022222]",val,dbscam_euclidean,0,False,True,0.3579334616661072
1230,LGH020002,"[0.098177, 0.258333, 0.030729, 0.022222]",val,dbscam_euclidean,0,False,True,0.2441985011100769
1230,LGH020002,"[0.072656, 0.532407, 0.029687, 0.022222]",val,dbscam_euclidean,0,False,True,0.33961549401283264
1230,LGH020002,"[0.70625, 0.466667, 0.03125, 0.018519]",val,dbscam_euclidean,0,False,True,0.30080434679985046
1230,LGH020002,"[0.76849, 0.7125, 0.040104, 0.034259]",val,dbscam_euclidean,0,False,True,0.2495240569114685
1230,LGH020002,"[0.482292, 0.690741, 0.04375, 0.022222]",val,dbscam_euclidean,0,False,True,0.285562127828598
1230,LGH020002,"[0.803125, 0.379167, 0.022917, 0.019444]",val,dbscam_euclidean,0,False,True,0.3028589189052582
1230,LGH020002,"[0.079687, 0.736574, 0.159375, 0.106481]",val,dbscam_euclidean,0,False,False,0.5943818688392639
1230,LGH020002,"[0.320833, 0.823148, 0.05, 0.062963]",val,dbscam_euclidean,0,False,True,0.38310593366622925
1230,LGH020002,"[0.460938, 0.613889, 0.048958, 0.011111]",val,dbscam_euclidean,0,False,True,0.4487154185771942
1230,LGH020002,"[0.958854, 0.087037, 0.035417, 0.05]",val,dbscam_euclidean,0,False,True,0.33656978607177734
1230,LGH020002,"[0.311458, 0.543056, 0.013542, 0.032407]",val,dbscam_euclidean,0,False,True,0.3560236394405365
1230,LGH020002,"[0.544271, 0.49213, 0.045833, 0.050926]",val,dbscam_euclidean,0,False,True,0.3245343863964081
1230,LGH020002,"[0.473958, 0.136574, 0.011458, 0.010185]",val,dbscam_euclidean,0,False,True,0.3966662287712097
1230,LGH020002,"[0.896354, 0.160185, 0.083333, 0.092593]",val,dbscam_euclidean,0,False,True,0.597610354423523
1230,LGH020002,"[0.452865, 0.338889, 0.031771, 0.018519]",val,dbscam_euclidean,0,False,True,0.3040755093097687
1230,LGH020002,"[0.546875, 0.506944, 0.040625, 0.021296]",val,dbscam_euclidean,0,False,True,0.2436307966709137
1230,LGH020002,"[0.925248, 0.558037, 0.062655, 0.052936]",val,dbscam_euclidean,0,False,True,0.35314181447029114
1230,LGH020002,"[0.961849, 0.511166, 0.061414, 0.047422]",val,dbscam_euclidean,0,False,True,0.3498448431491852
1230,LGH020002,"[0.860112, 0.523297, 0.045285, 0.043011]",val,dbscam_euclidean,0,False,True,0.25308141112327576
1230,LGH020002,"[0.898263, 0.660601, 0.043424, 0.041908]",val,dbscam_euclidean,0,False,True,0.3106346130371094
1230,LGH020002,"[0.598635, 0.576234, 0.05335, 0.045216]",val,dbscam_euclidean,0,False,True,0.28544697165489197
1230,LGH020002,"[0.626861, 0.796802, 0.056452, 0.07389]",val,dbscam_euclidean,0,False,True,0.48191049695014954
1500,LGH020002,"[0.543229, 0.229167, 0.065625, 0.075]",val,dbscam_euclidean,0,False,True,0.35575124621391296
1500,LGH020002,"[0.225, 0.424537, 0.075, 0.063889]",val,dbscam_euclidean,0,False,True,0.3271961808204651
1500,LGH020002,"[0.048698, 0.613889, 0.097396, 0.087037]",val,dbscam_euclidean,0,False,True,0.4824819266796112
1500,LGH020002,"[0.57474, 0.406944, 0.044271, 0.023148]",val,dbscam_euclidean,0,False,True,0.3677603006362915
1500,LGH020002,"[0.665625, 0.119444, 0.044792, 0.072222]",val,dbscam_euclidean,0,False,True,0.3944763243198395
1500,LGH020002,"[0.267448, 0.1, 0.045312, 0.122222]",val,dbscam_euclidean,0,False,True,0.40926069021224976
1500,LGH020002,"[0.791146, 0.111111, 0.071875, 0.122222]",val,dbscam_euclidean,0,False,True,0.46959447860717773
1500,LGH020002,"[0.927604, 0.983333, 0.016667, 0.025926]",val,dbscam_euclidean,0,False,True,0.4300628900527954
1500,LGH020002,"[0.467708, 0.245833, 0.027083, 0.036111]",val,dbscam_euclidean,0,False,True,0.3011316657066345
1500,LGH020002,"[0.132552, 0.071296, 0.070312, 0.090741]",val,dbscam_euclidean,0,False,True,0.44397419691085815
1500,LGH020002,"[0.25651, 0.689815, 0.086979, 0.109259]",val,dbscam_euclidean,0,False,True,0.4954211413860321
1500,LGH020002,"[0.323958, 0.109259, 0.05625, 0.131481]",val,dbscam_euclidean,0,False,True,0.5455091595649719
1500,LGH020002,"[0.479167, 0.109259, 0.035417, 0.083333]",val,dbscam_euclidean,0,False,True,0.3476198613643646
1500,LGH020002,"[0.246094, 0.361574, 0.029687, 0.021296]",val,dbscam_euclidean,0,False,True,0.3597070872783661
1500,LGH020002,"[0.920312, 0.126389, 0.078125, 0.049074]",val,dbscam_euclidean,0,False,True,0.34428611397743225
1500,LGH020002,"[0.58724, 0.218981, 0.041146, 0.050926]",val,dbscam_euclidean,0,False,True,0.23030981421470642
1500,LGH020002,"[0.666406, 0.042593, 0.075521, 0.085185]",val,dbscam_euclidean,0,False,True,0.46066635847091675
1500,LGH020002,"[0.697656, 0.337963, 0.043229, 0.044444]",val,dbscam_euclidean,0,False,True,0.3365243673324585
1500,LGH020002,"[0.04349, 0.503704, 0.086979, 0.098148]",val,dbscam_euclidean,0,False,True,0.5156939625740051
1500,LGH020002,"[0.376823, 0.567593, 0.055729, 0.031481]",val,dbscam_euclidean,0,False,True,0.3499918282032013
1500,LGH020002,"[0.625, 0.497222, 0.053125, 0.033333]",val,dbscam_euclidean,0,False,True,0.2955578863620758
1500,LGH020002,"[0.733854, 0.354167, 0.023958, 0.019444]",val,dbscam_euclidean,0,False,True,0.43337854743003845
1500,LGH020002,"[0.630208, 0.387037, 0.034375, 0.046296]",val,dbscam_euclidean,0,False,True,0.321872353553772
1500,LGH020002,"[0.513281, 0.096296, 0.020313, 0.046296]",val,dbscam_euclidean,0,False,True,0.3025689721107483
1500,LGH020002,"[0.409375, 0.1, 0.026042, 0.096296]",val,dbscam_euclidean,0,False,True,0.3253960609436035
1500,LGH020002,"[0.400521, 0.235648, 0.059375, 0.056481]",val,dbscam_euclidean,0,False,True,0.2753925621509552
1500,LGH020002,"[0.829427, 0.2, 0.068229, 0.07963]",val,dbscam_euclidean,0,False,True,0.4269060492515564
1500,LGH020002,"[0.753385, 0.062037, 0.045312, 0.124074]",val,dbscam_euclidean,0,False,True,0.3787563145160675
1500,LGH020002,"[0.610156, 0.34213, 0.039062, 0.032407]",val,dbscam_euclidean,0,False,True,0.30071330070495605
1500,LGH020002,"[0.479427, 0.539352, 0.057813, 0.028704]",val,dbscam_euclidean,0,False,True,0.32833993434906006
1500,LGH020002,"[0.589063, 0.311574, 0.075, 0.062037]",val,dbscam_euclidean,0,False,True,0.3544641137123108
1500,LGH020002,"[0.701302, 0.098148, 0.040104, 0.05]",val,dbscam_euclidean,0,False,True,0.25031185150146484
1500,LGH020002,"[0.129948, 0.100463, 0.039062, 0.039815]",val,dbscam_euclidean,0,False,True,0.23173899948596954
1500,LGH020002,"[0.932813, 0.37963, 0.076042, 0.074074]",val,dbscam_euclidean,0,False,True,0.3860026001930237
1500,LGH020002,"[0.430469, 0.441667, 0.083854, 0.055556]",val,dbscam_euclidean,0,False,True,0.3774954676628113
1500,LGH020002,"[0.770312, 0.187037, 0.05625, 0.075926]",val,dbscam_euclidean,0,False,True,0.3791373372077942
1500,LGH020002,"[0.258854, 0.311574, 0.063542, 0.087963]",val,dbscam_euclidean,0,False,True,0.34842464327812195
1500,LGH020002,"[0.963542, 0.725926, 0.071875, 0.031481]",val,dbscam_euclidean,0,False,True,0.3302343785762787
1500,LGH020002,"[0.709115, 0.28287, 0.022396, 0.021296]",val,dbscam_euclidean,0,False,True,0.4003766179084778
1500,LGH020002,"[0.90026, 0.327778, 0.069271, 0.072222]",val,dbscam_euclidean,0,False,True,0.33737072348594666
1500,LGH020002,"[0.267448, 0.201852, 0.008854, 0.025926]",val,dbscam_euclidean,0,False,True,0.5293384790420532
1500,LGH020002,"[0.61276, 0.372222, 0.019271, 0.022222]",val,dbscam_euclidean,0,False,True,0.4385678768157959
1500,LGH020002,"[0.666667, 0.380556, 0.051042, 0.027778]",val,dbscam_euclidean,0,False,True,0.3109007477760315
1500,LGH020002,"[0.490104, 0.412963, 0.013542, 0.044444]",val,dbscam_euclidean,0,False,True,0.42502355575561523
1500,LGH020002,"[0.49974, 0.453704, 0.058854, 0.037037]",val,dbscam_euclidean,0,False,True,0.34315893054008484
1500,LGH020002,"[0.959375, 0.249074, 0.073958, 0.057407]",val,dbscam_euclidean,0,False,True,0.309978723526001
1500,LGH020002,"[0.577604, 0.572685, 0.061458, 0.032407]",val,dbscam_euclidean,0,False,True,0.3283890187740326
1500,LGH020002,"[0.550521, 0.358796, 0.034375, 0.021296]",val,dbscam_euclidean,0,False,True,0.3658740222454071
1500,LGH020002,"[0.786198, 0.293056, 0.040104, 0.023148]",val,dbscam_euclidean,0,False,True,0.31287509202957153
1500,LGH020002,"[0.447656, 0.472222, 0.028646, 0.048148]",val,dbscam_euclidean,0,False,True,0.2699573338031769
1500,LGH020002,"[0.46875, 0.053704, 0.040625, 0.107407]",val,dbscam_euclidean,0,False,True,0.3410417139530182
1500,LGH020002,"[0.395313, 0.7125, 0.033333, 0.097222]",val,dbscam_euclidean,0,False,True,0.3258845806121826
1500,LGH020002,"[0.923438, 0.308333, 0.133333, 0.072222]",val,dbscam_euclidean,0,False,True,0.4943910241127014
1500,LGH020002,"[0.90625, 0.031019, 0.033333, 0.062037]",val,dbscam_euclidean,0,False,True,0.33089739084243774
1500,LGH020002,"[0.338542, 0.381944, 0.036458, 0.030556]",val,dbscam_euclidean,0,False,True,0.37025073170661926
1500,LGH020002,"[0.266146, 0.82037, 0.055208, 0.055556]",val,dbscam_euclidean,0,False,True,0.2327670007944107
1500,LGH020002,"[0.238802, 0.190741, 0.038021, 0.085185]",val,dbscam_euclidean,0,False,True,0.26806017756462097
1500,LGH020002,"[0.954167, 0.12963, 0.090625, 0.105556]",val,dbscam_euclidean,0,False,True,0.4801540672779083
1500,LGH020002,"[0.526042, 0.503241, 0.06875, 0.076852]",val,dbscam_euclidean,0,False,True,0.37088742852211
1500,LGH020002,"[0.135417, 0.852315, 0.063542, 0.047222]",val,dbscam_euclidean,0,False,True,0.30088669061660767
1500,LGH020002,"[0.99349, 0.402778, 0.011979, 0.012963]",val,dbscam_euclidean,0,False,True,0.5053838491439819
1500,LGH020002,"[0.647917, 0.417593, 0.034375, 0.02037]",val,dbscam_euclidean,0,False,True,0.3874446749687195
1500,LGH020002,"[0.418229, 0.034259, 0.023958, 0.068519]",val,dbscam_euclidean,0,False,True,0.31047534942626953
1500,LGH020002,"[0.760938, 0.978241, 0.021875, 0.041667]",val,dbscam_euclidean,0,False,True,0.3018467426300049
1500,LGH020002,"[0.707552, 0.774074, 0.023438, 0.083333]",val,dbscam_euclidean,0,False,True,0.27593091130256653
1500,LGH020002,"[0.5875, 0.335185, 0.05, 0.044444]",val,dbscam_euclidean,0,False,True,0.30388450622558594
1500,LGH020002,"[0.958854, 0.163889, 0.03125, 0.025926]",val,dbscam_euclidean,0,False,True,0.2951337695121765
1500,LGH020002,"[0.78724, 0.326852, 0.033854, 0.022222]",val,dbscam_euclidean,0,False,True,0.46467429399490356
1500,LGH020002,"[0.948698, 0.750926, 0.030729, 0.055556]",val,dbscam_euclidean,0,False,True,0.28483325242996216
1500,LGH020002,"[0.510417, 0.439352, 0.028125, 0.013889]",val,dbscam_euclidean,0,False,True,0.4224083721637726
1500,LGH020002,"[0.011719, 0.196759, 0.008854, 0.017593]",val,dbscam_euclidean,0,False,True,0.4992045760154724
1500,LGH020002,"[0.957292, 0.765741, 0.046875, 0.07963]",val,dbscam_euclidean,0,False,True,0.3447053134441376
1500,LGH020002,"[0.198177, 0.374537, 0.046354, 0.052778]",val,dbscam_euclidean,0,False,True,0.22950024902820587
1500,LGH020002,"[0.904167, 0.852315, 0.075, 0.106481]",val,dbscam_euclidean,0,False,True,0.48105326294898987
1500,LGH020002,"[0.222135, 0.531944, 0.025521, 0.028704]",val,dbscam_euclidean,0,False,True,0.3639884889125824
1500,LGH020002,"[0.510156, 0.81713, 0.011979, 0.025]",val,dbscam_euclidean,0,False,True,0.5024974942207336
1500,LGH020002,"[0.39375, 0.223611, 0.044792, 0.026852]",val,dbscam_euclidean,0,False,True,0.32950758934020996
1500,LGH020002,"[0.972917, 0.369444, 0.053125, 0.059259]",val,dbscam_euclidean,0,False,True,0.26381275057792664
1500,LGH020002,"[0.35599, 0.913889, 0.006771, 0.027778]",val,dbscam_euclidean,0,False,True,0.5258401036262512
1500,LGH020002,"[0.376302, 0.122685, 0.007812, 0.034259]",val,dbscam_euclidean,0,False,True,0.5533657073974609
1500,LGH020002,"[0.497656, 0.431019, 0.054688, 0.078704]",val,dbscam_euclidean,0,False,True,0.3971208930015564
1500,LGH020002,"[0.43151, 0.064815, 0.047396, 0.12963]",val,dbscam_euclidean,0,False,True,0.389271080493927
1500,LGH020002,"[0.516406, 0.488426, 0.048438, 0.047222]",val,dbscam_euclidean,0,False,True,0.30725038051605225
1500,LGH020002,"[0.764268, 0.456576, 0.080645, 0.063965]",val,dbscam_euclidean,0,False,True,0.37378165125846863
1500,LGH020002,"[0.853908, 0.434519, 0.067618, 0.044114]",val,dbscam_euclidean,0,False,True,0.3015838861465454
1500,LGH020002,"[0.85639, 0.503998, 0.065136, 0.039702]",val,dbscam_euclidean,0,False,True,0.32484549283981323
1500,LGH020002,"[0.962779, 0.524952, 0.073201, 0.052936]",val,dbscam_euclidean,0,False,True,0.326520174741745
1500,LGH020002,"[0.972084, 0.660601, 0.054591, 0.046319]",val,dbscam_euclidean,0,False,True,0.277488112449646
960,LGH020002,"[0.36224, 0.214815, 0.068229, 0.051852]",val,dbscam_euclidean,0,False,True,0.324000746011734
960,LGH020002,"[0.552083, 0.096759, 0.052083, 0.119444]",val,dbscam_euclidean,0,False,False,0.5837500095367432
960,LGH020002,"[0.571354, 0.434722, 0.065625, 0.049074]",val,dbscam_euclidean,0,False,True,0.35573726892471313
960,LGH020002,"[0.499479, 0.090741, 0.040625, 0.118519]",val,dbscam_euclidean,0,False,True,0.44182664155960083
960,LGH020002,"[0.494792, 0.431481, 0.022917, 0.051852]",val,dbscam_euclidean,0,False,True,0.2569318413734436
960,LGH020002,"[0.259635, 0.453241, 0.071354, 0.030556]",val,dbscam_euclidean,0,False,True,0.3459676504135132
960,LGH020002,"[0.560937, 0.403241, 0.063542, 0.037963]",val,dbscam_euclidean,0,False,True,0.266743004322052
960,LGH020002,"[0.797396, 0.218981, 0.057292, 0.050926]",val,dbscam_euclidean,0,False,True,0.30967792868614197
960,LGH020002,"[0.359635, 0.782407, 0.047396, 0.090741]",val,dbscam_euclidean,0,False,True,0.40845969319343567
960,LGH020002,"[0.595573, 0.230556, 0.036979, 0.05]",val,dbscam_euclidean,0,False,True,0.2537113428115845
960,LGH020002,"[0.895573, 0.218981, 0.070312, 0.065741]",val,dbscam_euclidean,0,False,True,0.34113991260528564
960,LGH020002,"[0.971094, 0.191204, 0.056771, 0.060185]",val,dbscam_euclidean,0,False,True,0.3344481885433197
960,LGH020002,"[0.913021, 0.379167, 0.060417, 0.025]",val,dbscam_euclidean,0,False,True,0.32159721851348877
960,LGH020002,"[0.960677, 0.732407, 0.077604, 0.048148]",val,dbscam_euclidean,0,False,True,0.3532768189907074
960,LGH020002,"[0.704167, 0.068056, 0.023958, 0.136111]",val,dbscam_euclidean,0,False,True,0.47977450489997864
960,LGH020002,"[0.71875, 0.402315, 0.05, 0.062037]",val,dbscam_euclidean,0,False,True,0.3645590543746948
960,LGH020002,"[0.376302, 0.42963, 0.040104, 0.040741]",val,dbscam_euclidean,0,False,True,0.21261849999427795
960,LGH020002,"[0.492708, 0.286111, 0.014583, 0.05]",val,dbscam_euclidean,0,False,True,0.33950182795524597
960,LGH020002,"[0.520052, 0.325, 0.033854, 0.044444]",val,dbscam_euclidean,0,False,True,0.2763413190841675
960,LGH020002,"[0.36224, 0.324537, 0.048438, 0.049074]",val,dbscam_euclidean,0,False,True,0.31660589575767517
960,LGH020002,"[0.939844, 0.27037, 0.085938, 0.033333]",val,dbscam_euclidean,0,False,True,0.36329060792922974
960,LGH020002,"[0.538281, 0.305093, 0.027604, 0.039815]",val,dbscam_euclidean,0,False,True,0.2662763297557831
960,LGH020002,"[0.586458, 0.308796, 0.04375, 0.039815]",val,dbscam_euclidean,0,False,True,0.27132466435432434
960,LGH020002,"[0.528906, 0.218519, 0.023438, 0.038889]",val,dbscam_euclidean,0,False,True,0.2257612943649292
960,LGH020002,"[0.459635, 0.348611, 0.020313, 0.058333]",val,dbscam_euclidean,0,False,True,0.2962645888328552
960,LGH020002,"[0.932292, 0.130093, 0.069792, 0.062037]",val,dbscam_euclidean,0,False,True,0.39157044887542725
960,LGH020002,"[0.873958, 0.27963, 0.061458, 0.051852]",val,dbscam_euclidean,0,False,True,0.30415502190589905
960,LGH020002,"[0.625521, 0.290741, 0.020833, 0.024074]",val,dbscam_euclidean,0,False,True,0.37337997555732727
960,LGH020002,"[0.533333, 0.271296, 0.039583, 0.092593]",val,dbscam_euclidean,0,False,True,0.401279479265213
960,LGH020002,"[0.568229, 0.52963, 0.041667, 0.027778]",val,dbscam_euclidean,0,False,True,0.30689582228660583
960,LGH020002,"[0.498437, 0.238889, 0.039583, 0.044444]",val,dbscam_euclidean,0,False,True,0.2665555775165558
960,LGH020002,"[0.833073, 0.396759, 0.060937, 0.030556]",val,dbscam_euclidean,0,False,True,0.35145843029022217
960,LGH020002,"[0.64974, 0.302778, 0.048438, 0.085185]",val,dbscam_euclidean,0,False,True,0.45091503858566284
960,LGH020002,"[0.507292, 0.46713, 0.028125, 0.021296]",val,dbscam_euclidean,0,False,True,0.34692516922950745
960,LGH020002,"[0.479427, 0.202315, 0.071354, 0.056481]",val,dbscam_euclidean,0,False,True,0.3723655045032501
960,LGH020002,"[0.861719, 0.211111, 0.026562, 0.018519]",val,dbscam_euclidean,0,False,True,0.392074853181839
960,LGH020002,"[0.621875, 0.699537, 0.053125, 0.043519]",val,dbscam_euclidean,0,False,True,0.29103556275367737
960,LGH020002,"[0.886458, 0.334722, 0.091667, 0.036111]",val,dbscam_euclidean,0,False,True,0.3267418444156647
960,LGH020002,"[0.736458, 0.375926, 0.038542, 0.042593]",val,dbscam_euclidean,0,False,True,0.2747831344604492
960,LGH020002,"[0.585677, 0.497685, 0.029687, 0.015741]",val,dbscam_euclidean,0,False,True,0.40927329659461975
960,LGH020002,"[0.613542, 0.408333, 0.04375, 0.035185]",val,dbscam_euclidean,0,False,True,0.28211095929145813
960,LGH020002,"[0.471615, 0.436574, 0.025521, 0.039815]",val,dbscam_euclidean,0,False,True,0.25989842414855957
960,LGH020002,"[0.704688, 0.237963, 0.05, 0.1]",val,dbscam_euclidean,0,False,True,0.43070611357688904
960,LGH020002,"[0.336458, 0.489815, 0.033333, 0.016667]",val,dbscam_euclidean,0,False,True,0.3890799880027771
960,LGH020002,"[0.120573, 0.42963, 0.033854, 0.012963]",val,dbscam_euclidean,0,False,True,0.39278122782707214
960,LGH020002,"[0.232552, 0.709259, 0.070312, 0.037037]",val,dbscam_euclidean,0,False,True,0.29320040345191956
960,LGH020002,"[0.516927, 0.375926, 0.041146, 0.024074]",val,dbscam_euclidean,0,False,True,0.342372328042984
960,LGH020002,"[0.985417, 0.251389, 0.028125, 0.062037]",val,dbscam_euclidean,0,False,True,0.2836814224720001
960,LGH020002,"[0.595052, 0.472685, 0.044271, 0.026852]",val,dbscam_euclidean,0,False,True,0.359255850315094
960,LGH020002,"[0.91901, 0.301852, 0.061979, 0.02963]",val,dbscam_euclidean,0,False,True,0.27081307768821716
960,LGH020002,"[0.819271, 0.333796, 0.039583, 0.023148]",val,dbscam_euclidean,0,False,True,0.3119654357433319
960,LGH020002,"[0.884115, 0.022222, 0.035937, 0.044444]",val,dbscam_euclidean,0,False,True,0.29203295707702637
960,LGH020002,"[0.658073, 0.039352, 0.042188, 0.078704]",val,dbscam_euclidean,0,False,True,0.3892025947570801
960,LGH020002,"[0.601823, 0.297222, 0.036979, 0.042593]",val,dbscam_euclidean,0,False,True,0.28153374791145325
960,LGH020002,"[0.4875, 0.362963, 0.015625, 0.016667]",val,dbscam_euclidean,0,False,True,0.47367435693740845
960,LGH020002,"[0.784635, 0.292593, 0.044271, 0.031481]",val,dbscam_euclidean,0,False,True,0.2572309374809265
960,LGH020002,"[0.041406, 0.386574, 0.021354, 0.023148]",val,dbscam_euclidean,0,False,True,0.38497456908226013
960,LGH020002,"[0.045833, 0.955556, 0.091667, 0.05]",val,dbscam_euclidean,0,False,True,0.376689076423645
960,LGH020002,"[0.697656, 0.515278, 0.045312, 0.019444]",val,dbscam_euclidean,0,False,True,0.37209591269493103
960,LGH020002,"[0.635938, 0.45463, 0.029167, 0.038889]",val,dbscam_euclidean,0,False,True,0.24038085341453552
960,LGH020002,"[0.816927, 0.287963, 0.080729, 0.075926]",val,dbscam_euclidean,0,False,True,0.4809790253639221
960,LGH020002,"[0.695312, 0.471296, 0.027083, 0.018519]",val,dbscam_euclidean,0,False,True,0.47209081053733826
960,LGH020002,"[0.691927, 0.444444, 0.051562, 0.077778]",val,dbscam_euclidean,0,False,True,0.3666810393333435
960,LGH020002,"[0.64974, 0.138889, 0.030729, 0.07037]",val,dbscam_euclidean,0,False,True,0.3686412572860718
960,LGH020002,"[0.671875, 0.696759, 0.030208, 0.023148]",val,dbscam_euclidean,0,False,True,0.32585155963897705
960,LGH020002,"[0.685156, 0.307407, 0.032813, 0.05]",val,dbscam_euclidean,0,False,True,0.3477359116077423
960,LGH020002,"[0.566667, 0.348148, 0.038542, 0.035185]",val,dbscam_euclidean,0,False,True,0.23860228061676025
960,LGH020002,"[0.594792, 0.428704, 0.01875, 0.037037]",val,dbscam_euclidean,0,False,True,0.33347976207733154
960,LGH020002,"[0.36901, 0.377778, 0.022396, 0.02037]",val,dbscam_euclidean,0,False,True,0.3498254120349884
960,LGH020002,"[0.280469, 0.353704, 0.018229, 0.02963]",val,dbscam_euclidean,0,False,True,0.3841128945350647
960,LGH020002,"[0.757812, 0.340741, 0.027083, 0.018519]",val,dbscam_euclidean,0,False,True,0.38498926162719727
960,LGH020002,"[0.992448, 0.131944, 0.014063, 0.023148]",val,dbscam_euclidean,0,False,True,0.3917451798915863
960,LGH020002,"[0.505729, 0.392593, 0.0125, 0.016667]",val,dbscam_euclidean,0,False,True,0.47004207968711853
960,LGH020002,"[0.989583, 0.152778, 0.019792, 0.027778]",val,dbscam_euclidean,0,False,True,0.3328740894794464
960,LGH020002,"[0.646615, 0.337963, 0.041146, 0.07037]",val,dbscam_euclidean,0,False,True,0.44520750641822815
960,LGH020002,"[0.765104, 0.336111, 0.041667, 0.027778]",val,dbscam_euclidean,0,False,True,0.28552186489105225
960,LGH020002,"[0.595833, 0.341204, 0.033333, 0.036111]",val,dbscam_euclidean,0,False,True,0.21983769536018372
960,LGH020002,"[0.527083, 0.969444, 0.009375, 0.018519]",val,dbscam_euclidean,0,False,True,0.476093053817749
960,LGH020002,"[0.970833, 0.298148, 0.010417, 0.012963]",val,dbscam_euclidean,0,False,True,0.4570910632610321
960,LGH020002,"[0.451302, 0.19537, 0.016146, 0.042593]",val,dbscam_euclidean,0,False,True,0.31362783908843994
960,LGH020002,"[0.727344, 0.426389, 0.042188, 0.050926]",val,dbscam_euclidean,0,False,True,0.2762015461921692
960,LGH020002,"[0.870037, 0.492418, 0.058933, 0.067273]",val,dbscam_euclidean,0,False,True,0.34180280566215515
960,LGH020002,"[0.938586, 0.499035, 0.078164, 0.051833]",val,dbscam_euclidean,0,False,True,0.33751246333122253
960,LGH020002,"[0.802109, 0.424042, 0.058313, 0.038599]",val,dbscam_euclidean,0,False,True,0.31017395853996277
960,LGH020002,"[0.818238, 0.447202, 0.085608, 0.058451]",val,dbscam_euclidean,0,False,True,0.40289419889450073
960,LGH020002,"[0.480149, 0.497932, 0.032258, 0.065068]",val,dbscam_euclidean,0,False,True,0.26850590109825134
960,LGH020002,"[0.226117, 0.826027, 0.070099, 0.06617]",val,dbscam_euclidean,0,False,True,0.4330621659755707
1680,LGH020002,"[0.234375, 0.017593, 0.079167, 0.035185]",val,dbscam_euclidean,0,False,True,0.33209308981895447
1680,LGH020002,"[0.333594, 0.2, 0.052604, 0.053704]",val,dbscam_euclidean,0,False,True,0.3546075224876404
1680,LGH020002,"[0.30625, 0.379167, 0.09375, 0.04537]",val,dbscam_euclidean,0,False,True,0.4303373694419861
1680,LGH020002,"[0.855729, 0.014352, 0.01875, 0.028704]",val,dbscam_euclidean,0,False,True,0.2800038158893585
1680,LGH020002,"[0.117969, 0.235185, 0.105729, 0.074074]",val,dbscam_euclidean,0,False,True,0.5351577401161194
1680,LGH020002,"[0.228385, 0.073148, 0.043229, 0.062963]",val,dbscam_euclidean,0,False,True,0.33052965998649597
1680,LGH020002,"[0.359115, 0.322685, 0.057813, 0.026852]",val,dbscam_euclidean,0,False,True,0.3368978798389435
1680,LGH020002,"[0.346094, 0.603704, 0.040104, 0.033333]",val,dbscam_euclidean,0,False,True,0.30223923921585083
1680,LGH020002,"[0.47526, 0.244444, 0.041146, 0.061111]",val,dbscam_euclidean,0,False,True,0.3450539708137512
1680,LGH020002,"[0.415625, 0.470833, 0.045833, 0.052778]",val,dbscam_euclidean,0,False,True,0.28663352131843567
1680,LGH020002,"[0.284635, 0.211574, 0.048438, 0.041667]",val,dbscam_euclidean,0,False,True,0.30460473895072937
1680,LGH020002,"[0.75026, 0.419907, 0.051562, 0.052778]",val,dbscam_euclidean,0,False,True,0.28336119651794434
1680,LGH020002,"[0.276562, 0.152778, 0.023958, 0.024074]",val,dbscam_euclidean,0,False,True,0.2702426314353943
1680,LGH020002,"[0.217448, 0.300926, 0.079687, 0.072222]",val,dbscam_euclidean,0,False,True,0.48388680815696716
1680,LGH020002,"[0.553385, 0.450926, 0.040104, 0.05]",val,dbscam_euclidean,0,False,True,0.30814507603645325
1680,LGH020002,"[0.426823, 0.194444, 0.036979, 0.107407]",val,dbscam_euclidean,0,False,True,0.40738946199417114
1680,LGH020002,"[0.449219, 0.470833, 0.045312, 0.056481]",val,dbscam_euclidean,0,False,True,0.32265955209732056
1680,LGH020002,"[0.358333, 0.649074, 0.039583, 0.053704]",val,dbscam_euclidean,0,False,True,0.30675849318504333
1680,LGH020002,"[0.339323, 0.287037, 0.032813, 0.024074]",val,dbscam_euclidean,0,False,True,0.27410051226615906
1680,LGH020002,"[0.733073, 0.765278, 0.013021, 0.028704]",val,dbscam_euclidean,0,False,True,0.3917926549911499
1680,LGH020002,"[0.180208, 0.187037, 0.071875, 0.046296]",val,dbscam_euclidean,0,False,True,0.35973209142684937
1680,LGH020002,"[0.933333, 0.336574, 0.022917, 0.023148]",val,dbscam_euclidean,0,False,True,0.3059714138507843
1680,LGH020002,"[0.409375, 0.428241, 0.048958, 0.062037]",val,dbscam_euclidean,0,False,True,0.3200938105583191
1680,LGH020002,"[0.416667, 0.3875, 0.071875, 0.043519]",val,dbscam_euclidean,0,False,True,0.32341548800468445
1680,LGH020002,"[0.652083, 0.136111, 0.011458, 0.027778]",val,dbscam_euclidean,0,False,True,0.40912067890167236
1680,LGH020002,"[0.922917, 0.267593, 0.0125, 0.022222]",val,dbscam_euclidean,0,False,True,0.4049331545829773
1680,LGH020002,"[0.28724, 0.814352, 0.032813, 0.05463]",val,dbscam_euclidean,0,False,True,0.29984888434410095
1680,LGH020002,"[0.38151, 0.079167, 0.054688, 0.073148]",val,dbscam_euclidean,0,False,True,0.3672724962234497
1680,LGH020002,"[0.550521, 0.586574, 0.038542, 0.034259]",val,dbscam_euclidean,0,False,True,0.28516578674316406
1680,LGH020002,"[0.590365, 0.577315, 0.038021, 0.023148]",val,dbscam_euclidean,0,False,True,0.3560926914215088
1680,LGH020002,"[0.469271, 0.312037, 0.05, 0.057407]",val,dbscam_euclidean,0,False,True,0.31061309576034546
1680,LGH020002,"[0.28151, 0.620833, 0.056771, 0.069444]",val,dbscam_euclidean,0,False,True,0.40292733907699585
1680,LGH020002,"[0.498437, 0.663889, 0.021875, 0.016667]",val,dbscam_euclidean,0,False,True,0.3575403690338135
1680,LGH020002,"[0.477344, 0.516204, 0.021354, 0.032407]",val,dbscam_euclidean,0,False,True,0.23174595832824707
1680,LGH020002,"[0.14974, 0.481481, 0.044271, 0.02963]",val,dbscam_euclidean,0,False,True,0.32256877422332764
1680,LGH020002,"[0.569531, 0.430093, 0.039062, 0.04537]",val,dbscam_euclidean,0,False,True,0.32293501496315
1680,LGH020002,"[0.932292, 0.080556, 0.030208, 0.027778]",val,dbscam_euclidean,0,False,True,0.31408020853996277
1680,LGH020002,"[0.407813, 0.083796, 0.007292, 0.017593]",val,dbscam_euclidean,0,False,True,0.4653015732765198
1680,LGH020002,"[0.274219, 0.318519, 0.045312, 0.02037]",val,dbscam_euclidean,0,False,True,0.36239591240882874
1680,LGH020002,"[0.809115, 0.10787, 0.009896, 0.025]",val,dbscam_euclidean,0,False,True,0.42978018522262573
1680,LGH020002,"[0.714063, 0.450926, 0.014583, 0.027778]",val,dbscam_euclidean,0,False,True,0.34225818514823914
1680,LGH020002,"[0.265365, 0.176389, 0.009896, 0.026852]",val,dbscam_euclidean,0,False,True,0.42476969957351685
1680,LGH020002,"[0.69349, 0.47037, 0.054688, 0.064815]",val,dbscam_euclidean,0,False,True,0.35159245133399963
1680,LGH020002,"[0.170573, 0.217593, 0.096354, 0.122222]",val,dbscam_euclidean,0,False,False,0.6010521650314331
1680,LGH020002,"[0.48776, 0.419444, 0.040104, 0.024074]",val,dbscam_euclidean,0,False,True,0.24621042609214783
1680,LGH020002,"[0.859115, 0.792593, 0.024479, 0.031481]",val,dbscam_euclidean,0,False,True,0.27062833309173584
1680,LGH020002,"[0.386979, 0.741667, 0.034375, 0.074074]",val,dbscam_euclidean,0,False,True,0.32934993505477905
1680,LGH020002,"[0.728646, 0.651852, 0.039583, 0.016667]",val,dbscam_euclidean,0,False,True,0.35855597257614136
1680,LGH020002,"[0.234115, 0.042593, 0.079687, 0.085185]",val,dbscam_euclidean,0,False,True,0.5268124938011169
1680,LGH020002,"[0.444531, 0.388889, 0.017188, 0.042593]",val,dbscam_euclidean,0,False,True,0.3385764956474304
1680,LGH020002,"[0.49375, 0.354167, 0.032292, 0.047222]",val,dbscam_euclidean,0,False,True,0.26793035864830017
1680,LGH020002,"[0.089323, 0.281944, 0.025521, 0.039815]",val,dbscam_euclidean,0,False,True,0.29511964321136475
1680,LGH020002,"[0.308073, 0.591204, 0.010937, 0.023148]",val,dbscam_euclidean,0,False,True,0.39602425694465637
1680,LGH020002,"[0.284896, 0.183333, 0.01875, 0.022222]",val,dbscam_euclidean,0,False,True,0.43327704071998596
1680,LGH020002,"[0.434115, 0.598148, 0.013021, 0.025926]",val,dbscam_euclidean,0,False,True,0.4277722239494324
1680,LGH020002,"[0.684635, 0.481019, 0.036979, 0.041667]",val,dbscam_euclidean,0,False,True,0.29293715953826904
1680,LGH020002,"[0.140625, 0.176389, 0.0375, 0.039815]",val,dbscam_euclidean,0,False,True,0.28037822246551514
1680,LGH020002,"[0.933073, 0.307407, 0.023438, 0.081481]",val,dbscam_euclidean,0,False,True,0.3643958866596222
10760,LGH020002,"[0.325781, 0.018981, 0.045312, 0.037963]",val,dbscam_euclidean,0,False,True,0.2309826910495758
10760,LGH020002,"[0.201563, 0.011574, 0.041667, 0.023148]",val,dbscam_euclidean,0,False,True,0.33652159571647644
10760,LGH020002,"[0.958854, 0.44213, 0.08125, 0.165741]",val,dbscam_euclidean,0,False,True,0.6107816696166992
10760,LGH020002,"[0.189583, 0.17963, 0.103125, 0.061111]",val,dbscam_euclidean,0,False,True,0.4122973680496216
10760,LGH020002,"[0.680208, 0.251389, 0.040625, 0.032407]",val,dbscam_euclidean,0,False,True,0.30868151783943176
10760,LGH020002,"[0.235677, 0.367593, 0.068229, 0.061111]",val,dbscam_euclidean,0,False,True,0.31899410486221313
10760,LGH020002,"[0.446615, 0.176852, 0.046354, 0.072222]",val,dbscam_euclidean,0,False,True,0.3497258722782135
10760,LGH020002,"[0.63724, 0.793981, 0.024479, 0.130556]",val,dbscam_euclidean,0,False,True,0.37083226442337036
10760,LGH020002,"[0.798177, 0.047685, 0.064062, 0.09537]",val,dbscam_euclidean,0,False,True,0.41986507177352905
10760,LGH020002,"[0.832552, 0.468056, 0.067187, 0.05463]",val,dbscam_euclidean,0,False,True,0.3218652009963989
10760,LGH020002,"[0.50625, 0.471759, 0.069792, 0.043519]",val,dbscam_euclidean,0,False,True,0.2521827220916748
10760,LGH020002,"[0.26875, 0.440278, 0.073958, 0.110185]",val,dbscam_euclidean,0,False,True,0.5118219256401062
10760,LGH020002,"[0.514844, 0.058333, 0.038021, 0.109259]",val,dbscam_euclidean,0,False,True,0.3738681674003601
10760,LGH020002,"[0.576302, 0.106019, 0.018229, 0.106481]",val,dbscam_euclidean,0,False,True,0.38546353578567505
10760,LGH020002,"[0.147656, 0.593519, 0.073438, 0.1]",val,dbscam_euclidean,0,False,True,0.49736958742141724
10760,LGH020002,"[0.684115, 0.537963, 0.046354, 0.044444]",val,dbscam_euclidean,0,False,True,0.24901901185512543
10760,LGH020002,"[0.765365, 0.088426, 0.009896, 0.019444]",val,dbscam_euclidean,0,False,True,0.47348153591156006
10760,LGH020002,"[0.753906, 0.182407, 0.032813, 0.053704]",val,dbscam_euclidean,0,False,True,0.29174408316612244
10760,LGH020002,"[0.061979, 0.361574, 0.067708, 0.069444]",val,dbscam_euclidean,0,False,True,0.33826059103012085
10760,LGH020002,"[0.398438, 0.110185, 0.053125, 0.042593]",val,dbscam_euclidean,0,False,True,0.22992651164531708
10760,LGH020002,"[0.417708, 0.058333, 0.039583, 0.116667]",val,dbscam_euclidean,0,False,True,0.424033522605896
10760,LGH020002,"[0.953906, 0.864352, 0.091146, 0.119444]",val,dbscam_euclidean,0,False,True,0.554613471031189
10760,LGH020002,"[0.882292, 0.171296, 0.096875, 0.068519]",val,dbscam_euclidean,0,False,True,0.41901737451553345
10760,LGH020002,"[0.860417, 0.140278, 0.082292, 0.097222]",val,dbscam_euclidean,0,False,True,0.5185864567756653
10760,LGH020002,"[0.519531, 0.667593, 0.043229, 0.107407]",val,dbscam_euclidean,0,False,True,0.37128695845603943
10760,LGH020002,"[0.671615, 0.369444, 0.020313, 0.027778]",val,dbscam_euclidean,0,False,True,0.33825916051864624
10760,LGH020002,"[0.785677, 0.750926, 0.086979, 0.114815]",val,dbscam_euclidean,0,False,True,0.5436128377914429
10760,LGH020002,"[0.652344, 0.630093, 0.049479, 0.080556]",val,dbscam_euclidean,0,False,True,0.3195898234844208
10760,LGH020002,"[0.721615, 0.072685, 0.046354, 0.130556]",val,dbscam_euclidean,0,False,True,0.46249324083328247
10760,LGH020002,"[0.3375, 0.696296, 0.047917, 0.1]",val,dbscam_euclidean,0,False,True,0.373667448759079
10760,LGH020002,"[0.492188, 0.640741, 0.038542, 0.059259]",val,dbscam_euclidean,0,False,True,0.24126294255256653
10760,LGH020002,"[0.71224, 0.405093, 0.054688, 0.032407]",val,dbscam_euclidean,0,False,True,0.305970162153244
10760,LGH020002,"[0.959896, 0.039815, 0.079167, 0.05]",val,dbscam_euclidean,0,False,True,0.3348531424999237
10760,LGH020002,"[0.905469, 0.051389, 0.067187, 0.102778]",val,dbscam_euclidean,0,False,True,0.48276305198669434
10760,LGH020002,"[0.630469, 0.462037, 0.040104, 0.033333]",val,dbscam_euclidean,0,False,True,0.24919381737709045
10760,LGH020002,"[0.567187, 0.026389, 0.029167, 0.052778]",val,dbscam_euclidean,0,False,True,0.2660894989967346
10760,LGH020002,"[0.761198, 0.344907, 0.049479, 0.039815]",val,dbscam_euclidean,0,False,True,0.27029067277908325
10760,LGH020002,"[0.571354, 0.621296, 0.035417, 0.057407]",val,dbscam_euclidean,0,False,True,0.26201707124710083
10760,LGH020002,"[0.382552, 0.256944, 0.086979, 0.071296]",val,dbscam_euclidean,0,False,True,0.4815342128276825
10760,LGH020002,"[0.803646, 0.679167, 0.085417, 0.080556]",val,dbscam_euclidean,0,False,True,0.4406881034374237
10760,LGH020002,"[0.246094, 0.531019, 0.024479, 0.065741]",val,dbscam_euclidean,0,False,True,0.2571012079715729
10760,LGH020002,"[0.275781, 0.12963, 0.081771, 0.088889]",val,dbscam_euclidean,0,False,True,0.5093809962272644
10760,LGH020002,"[0.439063, 0.552315, 0.071875, 0.076852]",val,dbscam_euclidean,0,False,True,0.35040733218193054
10760,LGH020002,"[0.591927, 0.722685, 0.055729, 0.156481]",val,dbscam_euclidean,0,False,True,0.488505095243454
10760,LGH020002,"[0.664323, 0.486111, 0.047396, 0.044444]",val,dbscam_euclidean,0,False,True,0.2597542405128479
10760,LGH020002,"[0.772135, 0.256019, 0.028646, 0.049074]",val,dbscam_euclidean,0,False,True,0.2950558364391327
10760,LGH020002,"[0.078646, 0.046296, 0.121875, 0.061111]",val,dbscam_euclidean,0,False,False,0.5553117990493774
10760,LGH020002,"[0.736719, 0.253704, 0.036979, 0.033333]",val,dbscam_euclidean,0,False,True,0.2784537374973297
10760,LGH020002,"[0.486719, 0.706019, 0.039062, 0.087963]",val,dbscam_euclidean,0,False,True,0.3288474977016449
10760,LGH020002,"[0.838542, 0.772222, 0.01875, 0.038889]",val,dbscam_euclidean,0,False,True,0.2960783541202545
10760,LGH020002,"[0.889583, 0.142593, 0.011458, 0.012963]",val,dbscam_euclidean,0,False,True,0.46834856271743774
10760,LGH020002,"[0.538802, 0.548148, 0.044271, 0.040741]",val,dbscam_euclidean,0,False,True,0.2587553858757019
10760,LGH020002,"[0.836979, 0.383796, 0.05625, 0.065741]",val,dbscam_euclidean,0,False,True,0.33772483468055725
10760,LGH020002,"[0.990365, 0.136574, 0.018229, 0.028704]",val,dbscam_euclidean,0,False,True,0.38338741660118103
10760,LGH020002,"[0.372917, 0.375926, 0.039583, 0.02963]",val,dbscam_euclidean,0,False,True,0.35764941573143005
10760,LGH020002,"[0.846875, 0.896759, 0.032292, 0.10463]",val,dbscam_euclidean,0,False,True,0.3093014657497406
10760,LGH020002,"[0.841146, 0.807407, 0.075, 0.081481]",val,dbscam_euclidean,0,False,True,0.47428494691848755
10760,LGH020002,"[0.813281, 0.298611, 0.068229, 0.030556]",val,dbscam_euclidean,0,False,True,0.32729607820510864
10760,LGH020002,"[0.340625, 0.087963, 0.052083, 0.053704]",val,dbscam_euclidean,0,False,True,0.2176978588104248
10760,LGH020002,"[0.54375, 0.600926, 0.028125, 0.033333]",val,dbscam_euclidean,0,False,True,0.2668805718421936
10760,LGH020002,"[0.608854, 0.147222, 0.044792, 0.05]",val,dbscam_euclidean,0,False,True,0.26607921719551086
10760,LGH020002,"[0.623698, 0.956944, 0.057813, 0.062037]",val,dbscam_euclidean,0,False,True,0.26719632744789124
10760,LGH020002,"[0.592969, 0.99213, 0.013021, 0.013889]",val,dbscam_euclidean,0,False,True,0.49038630723953247
10760,LGH020002,"[0.760156, 0.131481, 0.028646, 0.103704]",val,dbscam_euclidean,0,False,True,0.2977798283100128
10760,LGH020002,"[0.60625, 0.39537, 0.01875, 0.027778]",val,dbscam_euclidean,0,False,True,0.4203093349933624
10760,LGH020002,"[0.96875, 0.961111, 0.027083, 0.075926]",val,dbscam_euclidean,0,False,True,0.30590131878852844
10760,LGH020002,"[0.528646, 0.51713, 0.059375, 0.049074]",val,dbscam_euclidean,0,False,True,0.24822242558002472
10760,LGH020002,"[0.158073, 0.301852, 0.064062, 0.027778]",val,dbscam_euclidean,0,False,True,0.38710975646972656
10760,LGH020002,"[0.376823, 0.344444, 0.045312, 0.033333]",val,dbscam_euclidean,0,False,True,0.26854196190834045
10760,LGH020002,"[0.911458, 0.708333, 0.066667, 0.062963]",val,dbscam_euclidean,0,False,True,0.29669272899627686
10760,LGH020002,"[0.701042, 0.178704, 0.01875, 0.068519]",val,dbscam_euclidean,0,False,True,0.3052919805049896
10760,LGH020002,"[0.390365, 0.148611, 0.069271, 0.037963]",val,dbscam_euclidean,0,False,True,0.3373841345310211
10760,LGH020002,"[0.690885, 0.314815, 0.060937, 0.092593]",val,dbscam_euclidean,0,False,True,0.46006375551223755
10760,LGH020002,"[0.63099, 0.026389, 0.021354, 0.052778]",val,dbscam_euclidean,0,False,True,0.2537309527397156
10760,LGH020002,"[0.365365, 0.528241, 0.027604, 0.110185]",val,dbscam_euclidean,0,False,True,0.3271694779396057
10760,LGH020002,"[0.414323, 0.373148, 0.048438, 0.042593]",val,dbscam_euclidean,0,False,True,0.2523711025714874
10760,LGH020002,"[0.696615, 0.05463, 0.016146, 0.109259]",val,dbscam_euclidean,0,False,True,0.3791333734989166
10760,LGH020002,"[0.55625, 0.336574, 0.028125, 0.037963]",val,dbscam_euclidean,0,False,True,0.22308743000030518
10760,LGH020002,"[0.554167, 0.209722, 0.025, 0.082407]",val,dbscam_euclidean,0,False,True,0.31451645493507385
10760,LGH020002,"[0.473177, 0.430556, 0.028646, 0.048148]",val,dbscam_euclidean,0,False,True,0.22982832789421082
10760,LGH020002,"[0.543229, 0.276852, 0.05625, 0.05]",val,dbscam_euclidean,0,False,True,0.2963070273399353
10760,LGH020002,"[0.947396, 0.02037, 0.053125, 0.040741]",val,dbscam_euclidean,0,False,True,0.27347391843795776
10760,LGH020002,"[0.686719, 0.393519, 0.036979, 0.055556]",val,dbscam_euclidean,0,False,True,0.22610479593276978
10760,LGH020002,"[0.628646, 0.213889, 0.028125, 0.094444]",val,dbscam_euclidean,0,False,True,0.3439258933067322
10760,LGH020002,"[0.396875, 0.025463, 0.023958, 0.023148]",val,dbscam_euclidean,0,False,True,0.3402363657951355
10760,LGH020002,"[0.906771, 0.386574, 0.09375, 0.099074]",val,dbscam_euclidean,0,False,True,0.4881961941719055
10760,LGH020002,"[0.751302, 0.300463, 0.082812, 0.062037]",val,dbscam_euclidean,0,False,True,0.3870619237422943
10760,LGH020002,"[0.016927, 0.534722, 0.033854, 0.026852]",val,dbscam_euclidean,0,False,True,0.3651241958141327
10760,LGH020002,"[0.895312, 0.533333, 0.070833, 0.02963]",val,dbscam_euclidean,0,False,True,0.32453545928001404
10760,LGH020002,"[0.41276, 0.837963, 0.057813, 0.085185]",val,dbscam_euclidean,0,False,True,0.33637550473213196
10760,LGH020002,"[0.452604, 0.210185, 0.039583, 0.027778]",val,dbscam_euclidean,0,False,True,0.31671303510665894
10760,LGH020002,"[0.321875, 0.35, 0.063542, 0.066667]",val,dbscam_euclidean,0,False,True,0.34486857056617737
10760,LGH020002,"[0.136198, 0.050926, 0.078646, 0.101852]",val,dbscam_euclidean,0,False,True,0.5289312601089478
10760,LGH020002,"[0.448177, 0.280093, 0.013021, 0.017593]",val,dbscam_euclidean,0,False,True,0.45943644642829895
10760,LGH020002,"[0.552865, 0.421296, 0.024479, 0.12963]",val,dbscam_euclidean,0,False,True,0.43188774585723877
10760,LGH020002,"[0.758854, 0.386111, 0.044792, 0.02037]",val,dbscam_euclidean,0,False,True,0.4219376742839813
10760,LGH020002,"[0.193229, 0.019907, 0.04375, 0.036111]",val,dbscam_euclidean,0,False,True,0.2659599184989929
10760,LGH020002,"[0.459375, 0.265741, 0.0625, 0.064815]",val,dbscam_euclidean,0,False,True,0.35296985507011414
10760,LGH020002,"[0.621354, 0.090741, 0.01875, 0.05]",val,dbscam_euclidean,0,False,True,0.2951446771621704
10760,LGH020002,"[0.594271, 0.188426, 0.022917, 0.030556]",val,dbscam_euclidean,0,False,True,0.3371642529964447
10760,LGH020002,"[0.228385, 0.941204, 0.015104, 0.012037]",val,dbscam_euclidean,0,False,True,0.4214330315589905
10760,LGH020002,"[0.542188, 0.053241, 0.017708, 0.09537]",val,dbscam_euclidean,0,False,True,0.34175312519073486
10760,LGH020002,"[0.529948, 0.352778, 0.032813, 0.072222]",val,dbscam_euclidean,0,False,True,0.34652212262153625
10760,LGH020002,"[0.666927, 0.081019, 0.009896, 0.062037]",val,dbscam_euclidean,0,False,True,0.4786992073059082
10760,LGH020002,"[0.597135, 0.494444, 0.044271, 0.038889]",val,dbscam_euclidean,0,False,True,0.24310146272182465
10760,LGH020002,"[0.525521, 0.082407, 0.016667, 0.048148]",val,dbscam_euclidean,0,False,True,0.35558629035949707
10760,LGH020002,"[0.81276, 0.207407, 0.013021, 0.035185]",val,dbscam_euclidean,0,False,True,0.35747572779655457
10760,LGH020002,"[0.386458, 0.206944, 0.016667, 0.050926]",val,dbscam_euclidean,0,False,True,0.35105791687965393
10760,LGH020002,"[0.904948, 0.19213, 0.020313, 0.041667]",val,dbscam_euclidean,0,False,True,0.2895970642566681
10760,LGH020002,"[0.76276, 0.449074, 0.031771, 0.122222]",val,dbscam_euclidean,0,False,True,0.5047221779823303
10760,LGH020002,"[0.903906, 0.406944, 0.075521, 0.041667]",val,dbscam_euclidean,0,False,True,0.2931270897388458
10760,LGH020002,"[0.3875, 0.525, 0.038542, 0.033333]",val,dbscam_euclidean,0,False,True,0.3697207570075989
10760,LGH020002,"[0.727083, 0.173148, 0.028125, 0.037037]",val,dbscam_euclidean,0,False,True,0.22809471189975739
10760,LGH020002,"[0.510938, 0.215741, 0.035417, 0.068519]",val,dbscam_euclidean,0,False,True,0.34982606768608093
10760,LGH020002,"[0.279427, 0.89213, 0.059896, 0.052778]",val,dbscam_euclidean,0,False,True,0.316224604845047
10760,LGH020002,"[0.561458, 0.794444, 0.021875, 0.116667]",val,dbscam_euclidean,0,False,True,0.3820677697658539
10760,LGH020002,"[0.680208, 0.090278, 0.0125, 0.086111]",val,dbscam_euclidean,0,False,True,0.44149377942085266
10760,LGH020002,"[0.335677, 0.244907, 0.021354, 0.019444]",val,dbscam_euclidean,0,False,True,0.4328157603740692
10760,LGH020002,"[0.595313, 0.059259, 0.016667, 0.096296]",val,dbscam_euclidean,0,False,True,0.38190266489982605
10760,LGH020002,"[0.58125, 0.264815, 0.033333, 0.061111]",val,dbscam_euclidean,0,False,True,0.2798846662044525
10760,LGH020002,"[0.698177, 0.613889, 0.044271, 0.066667]",val,dbscam_euclidean,0,False,True,0.2715032696723938
10760,LGH020002,"[0.438542, 0.464815, 0.014583, 0.042593]",val,dbscam_euclidean,0,False,True,0.4297884404659271
10760,LGH020002,"[0.830729, 0.228704, 0.054167, 0.051852]",val,dbscam_euclidean,0,False,True,0.2917603850364685
10760,LGH020002,"[0.578385, 0.421759, 0.025521, 0.043519]",val,dbscam_euclidean,0,False,True,0.27692243456840515
10760,LGH020002,"[0.639583, 0.544444, 0.057292, 0.066667]",val,dbscam_euclidean,0,False,True,0.2967745065689087
10760,LGH020002,"[0.270313, 0.303704, 0.06875, 0.051852]",val,dbscam_euclidean,0,False,True,0.3094554543495178
10760,LGH020002,"[0.972656, 0.943056, 0.018229, 0.039815]",val,dbscam_euclidean,0,False,True,0.3616355061531067
10760,LGH020002,"[0.511719, 0.140741, 0.025521, 0.057407]",val,dbscam_euclidean,0,False,True,0.25061672925949097
10760,LGH020002,"[0.407552, 0.245833, 0.014063, 0.021296]",val,dbscam_euclidean,0,False,True,0.4624477028846741
10760,LGH020002,"[0.647917, 0.143981, 0.007292, 0.049074]",val,dbscam_euclidean,0,False,True,0.49100252985954285
10760,LGH020002,"[0.658333, 0.1875, 0.039583, 0.039815]",val,dbscam_euclidean,0,False,True,0.26837795972824097
10760,LGH020002,"[0.510156, 0.364815, 0.031771, 0.075926]",val,dbscam_euclidean,0,False,True,0.33599117398262024
10760,LGH020002,"[0.534896, 0.441204, 0.0125, 0.025]",val,dbscam_euclidean,0,False,True,0.4700930416584015
10760,LGH020002,"[0.661719, 0.021296, 0.016146, 0.042593]",val,dbscam_euclidean,0,False,True,0.3550751507282257
10760,LGH020002,"[0.858854, 0.4875, 0.05625, 0.028704]",val,dbscam_euclidean,0,False,True,0.31345227360725403
10760,LGH020002,"[0.61224, 0.289815, 0.007812, 0.025926]",val,dbscam_euclidean,0,False,True,0.5003974437713623
10760,LGH020002,"[0.609375, 0.540278, 0.017708, 0.073148]",val,dbscam_euclidean,0,False,True,0.29124248027801514
10760,LGH020002,"[0.613281, 0.458333, 0.014063, 0.014815]",val,dbscam_euclidean,0,False,True,0.4388922154903412
10760,LGH020002,"[0.545052, 0.368519, 0.020313, 0.035185]",val,dbscam_euclidean,0,False,True,0.34354063868522644
10760,LGH020002,"[0.617708, 0.342593, 0.030208, 0.05]",val,dbscam_euclidean,0,False,True,0.23544643819332123
10760,LGH020002,"[0.823698, 0.144444, 0.051562, 0.101852]",val,dbscam_euclidean,0,False,True,0.39089110493659973
10760,LGH020002,"[0.592969, 0.216667, 0.025521, 0.035185]",val,dbscam_euclidean,0,False,True,0.27207666635513306
10760,LGH020002,"[0.856771, 0.055556, 0.044792, 0.092593]",val,dbscam_euclidean,0,False,True,0.3711547255516052
10760,LGH020002,"[0.68099, 0.151389, 0.014063, 0.063889]",val,dbscam_euclidean,0,False,True,0.3515689969062805
10760,LGH020002,"[0.557552, 0.143056, 0.019271, 0.056481]",val,dbscam_euclidean,0,False,True,0.2916702926158905
10760,LGH020002,"[0.702865, 0.259722, 0.032813, 0.069444]",val,dbscam_euclidean,0,False,True,0.3038947582244873
10760,LGH020002,"[0.841146, 0.220833, 0.034375, 0.036111]",val,dbscam_euclidean,0,False,True,0.27274414896965027
10760,LGH020002,"[0.491146, 0.122222, 0.017708, 0.044444]",val,dbscam_euclidean,0,False,True,0.2763214111328125
10760,LGH020002,"[0.767969, 0.767593, 0.014063, 0.025926]",val,dbscam_euclidean,0,False,True,0.44748562574386597
10760,LGH020002,"[0.598437, 0.678241, 0.041667, 0.065741]",val,dbscam_euclidean,0,False,True,0.24936029314994812
10760,LGH020002,"[0.56276, 0.444444, 0.035937, 0.037037]",val,dbscam_euclidean,0,False,True,0.2770494222640991
10760,LGH020002,"[0.569271, 0.484259, 0.044792, 0.02963]",val,dbscam_euclidean,0,False,True,0.2847386598587036
10760,LGH020002,"[0.434635, 0.122222, 0.018229, 0.02037]",val,dbscam_euclidean,0,False,True,0.44028812646865845
10760,LGH020002,"[0.500781, 0.263889, 0.026562, 0.059259]",val,dbscam_euclidean,0,False,True,0.2681043744087219
10760,LGH020002,"[0.641927, 0.341204, 0.029687, 0.060185]",val,dbscam_euclidean,0,False,True,0.23864230513572693
10760,LGH020002,"[0.202083, 0.615278, 0.060417, 0.062037]",val,dbscam_euclidean,0,False,True,0.29347091913223267
10760,LGH020002,"[0.282813, 0.16713, 0.026042, 0.030556]",val,dbscam_euclidean,0,False,True,0.27226290106773376
10760,LGH020002,"[0.784375, 0.441667, 0.034375, 0.037037]",val,dbscam_euclidean,0,False,True,0.2894883155822754
10760,LGH020002,"[0.627604, 0.571296, 0.045833, 0.044444]",val,dbscam_euclidean,0,False,True,0.2747250497341156
10760,LGH020002,"[0.508594, 0.548611, 0.021354, 0.028704]",val,dbscam_euclidean,0,False,True,0.40284231305122375
10760,LGH020002,"[0.689063, 0.456019, 0.032292, 0.015741]",val,dbscam_euclidean,0,False,True,0.3988826870918274
10760,LGH020002,"[0.566406, 0.724537, 0.016146, 0.008333]",val,dbscam_euclidean,0,False,True,0.507455050945282
10760,LGH020002,"[0.177604, 0.547685, 0.033333, 0.073148]",val,dbscam_euclidean,0,False,True,0.2679321765899658
10760,LGH020002,"[0.651563, 0.060648, 0.020833, 0.121296]",val,dbscam_euclidean,0,False,True,0.3803658187389374
10760,LGH020002,"[0.340625, 0.115741, 0.065625, 0.040741]",val,dbscam_euclidean,0,False,True,0.3108442723751068
10760,LGH020002,"[0.5375, 0.127315, 0.03125, 0.043519]",val,dbscam_euclidean,0,False,True,0.24314601719379425
10760,LGH020002,"[0.527083, 0.561111, 0.067708, 0.066667]",val,dbscam_euclidean,0,False,True,0.320869117975235
10760,LGH020002,"[0.745833, 0.131019, 0.0125, 0.032407]",val,dbscam_euclidean,0,False,True,0.42073607444763184
10760,LGH020002,"[0.604948, 0.436111, 0.051562, 0.055556]",val,dbscam_euclidean,0,False,True,0.32135289907455444
10760,LGH020002,"[0.741927, 0.490278, 0.055729, 0.058333]",val,dbscam_euclidean,0,False,True,0.4006257951259613
10760,LGH020002,"[0.638281, 0.074537, 0.017188, 0.05463]",val,dbscam_euclidean,0,False,True,0.2997012734413147
10760,LGH020002,"[0.448698, 0.600463, 0.010937, 0.039815]",val,dbscam_euclidean,0,False,True,0.43475592136383057
10760,LGH020002,"[0.869271, 0.944444, 0.013542, 0.014815]",val,dbscam_euclidean,0,False,True,0.45880526304244995
10760,LGH020002,"[0.808333, 0.027315, 0.04375, 0.05463]",val,dbscam_euclidean,0,False,True,0.2791898548603058
10760,LGH020002,"[0.58125, 0.978241, 0.036458, 0.041667]",val,dbscam_euclidean,0,False,True,0.29027244448661804
10760,LGH020002,"[0.605208, 0.19213, 0.021875, 0.056481]",val,dbscam_euclidean,0,False,True,0.28888601064682007
10760,LGH020002,"[0.738281, 0.457407, 0.033854, 0.031481]",val,dbscam_euclidean,0,False,True,0.2901207208633423
10760,LGH020002,"[0.592187, 0.323611, 0.022917, 0.043519]",val,dbscam_euclidean,0,False,True,0.30878549814224243
10760,LGH020002,"[0.492708, 0.046296, 0.022917, 0.042593]",val,dbscam_euclidean,0,False,True,0.26162949204444885
10760,LGH020002,"[0.644271, 0.437963, 0.061458, 0.035185]",val,dbscam_euclidean,0,False,True,0.2940058708190918
10760,LGH020002,"[0.571615, 0.310648, 0.029687, 0.030556]",val,dbscam_euclidean,0,False,True,0.29969924688339233
10760,LGH020002,"[0.99349, 0.007407, 0.011979, 0.014815]",val,dbscam_euclidean,0,False,True,0.44414904713630676
10760,LGH020002,"[0.604688, 0.053704, 0.035417, 0.107407]",val,dbscam_euclidean,0,False,True,0.37358641624450684
10760,LGH020002,"[0.621875, 0.591204, 0.057292, 0.084259]",val,dbscam_euclidean,0,False,True,0.427542120218277
10760,LGH020002,"[0.91901, 0.766204, 0.021354, 0.063889]",val,dbscam_euclidean,0,False,True,0.30486705899238586
10760,LGH020002,"[0.009115, 0.990741, 0.018229, 0.016667]",val,dbscam_euclidean,0,False,True,0.4142798185348511
10760,LGH020002,"[0.828906, 0.851389, 0.099479, 0.19537]",val,dbscam_euclidean,0,False,False,0.7101972103118896
10760,LGH020002,"[0.971615, 0.403704, 0.055729, 0.087037]",val,dbscam_euclidean,0,False,True,0.3902532756328583
10760,LGH020002,"[0.445052, 0.625463, 0.033854, 0.087963]",val,dbscam_euclidean,0,False,True,0.25189507007598877
10760,LGH020002,"[0.346094, 0.676389, 0.030729, 0.060185]",val,dbscam_euclidean,0,False,True,0.2680636942386627
10760,LGH020002,"[0.479427, 0.183796, 0.025521, 0.049074]",val,dbscam_euclidean,0,False,True,0.2975686192512512
10760,LGH020002,"[0.733594, 0.15463, 0.041146, 0.074074]",val,dbscam_euclidean,0,False,True,0.28587427735328674
10760,LGH020002,"[0.67526, 0.297685, 0.028646, 0.058333]",val,dbscam_euclidean,0,False,True,0.2640823423862457
2220,LGH020002,"[0.309115, 0.038426, 0.041146, 0.076852]",val,dbscam_euclidean,0,False,True,0.41251248121261597
2220,LGH020002,"[0.282552, 0.627315, 0.075521, 0.034259]",val,dbscam_euclidean,0,False,True,0.3256079852581024
2220,LGH020002,"[0.742969, 0.375, 0.040104, 0.027778]",val,dbscam_euclidean,0,False,True,0.24899645149707794
2220,LGH020002,"[0.126042, 0.587963, 0.085417, 0.1]",val,dbscam_euclidean,0,False,True,0.5715861320495605
2220,LGH020002,"[0.743229, 0.789815, 0.042708, 0.018519]",val,dbscam_euclidean,0,False,True,0.3434566557407379
2220,LGH020002,"[0.767708, 0.893056, 0.039583, 0.063889]",val,dbscam_euclidean,0,False,True,0.32442188262939453
2220,LGH020002,"[0.539844, 0.401852, 0.043229, 0.016667]",val,dbscam_euclidean,0,False,True,0.37669843435287476
2220,LGH020002,"[0.546615, 0.350463, 0.025521, 0.073148]",val,dbscam_euclidean,0,False,True,0.3126424551010132
2220,LGH020002,"[0.492969, 0.651852, 0.029687, 0.035185]",val,dbscam_euclidean,0,False,True,0.2622876465320587
2220,LGH020002,"[0.307031, 0.547222, 0.067187, 0.051852]",val,dbscam_euclidean,0,False,True,0.30948564410209656
2220,LGH020002,"[0.738281, 0.251852, 0.070312, 0.05]",val,dbscam_euclidean,0,False,True,0.308219313621521
2220,LGH020002,"[0.706771, 0.8875, 0.058333, 0.125]",val,dbscam_euclidean,0,False,True,0.5494399666786194
2220,LGH020002,"[0.600521, 0.45, 0.020833, 0.038889]",val,dbscam_euclidean,0,False,True,0.24683982133865356
2220,LGH020002,"[0.559635, 0.505093, 0.044271, 0.036111]",val,dbscam_euclidean,0,False,True,0.26656943559646606
2220,LGH020002,"[0.798177, 0.026852, 0.031771, 0.053704]",val,dbscam_euclidean,0,False,True,0.3155367374420166
2220,LGH020002,"[0.114844, 0.065278, 0.021354, 0.032407]",val,dbscam_euclidean,0,False,True,0.28770115971565247
2220,LGH020002,"[0.902865, 0.902315, 0.075521, 0.069444]",val,dbscam_euclidean,0,False,True,0.48071229457855225
2220,LGH020002,"[0.670052, 0.486574, 0.013021, 0.025]",val,dbscam_euclidean,0,False,True,0.37703970074653625
2220,LGH020002,"[0.567708, 0.458796, 0.047917, 0.021296]",val,dbscam_euclidean,0,False,True,0.35817816853523254
2220,LGH020002,"[0.167969, 0.94213, 0.025521, 0.062037]",val,dbscam_euclidean,0,False,True,0.3094632923603058
2220,LGH020002,"[0.971094, 0.898148, 0.056771, 0.066667]",val,dbscam_euclidean,0,False,True,0.419193297624588
2220,LGH020002,"[0.835156, 0.967593, 0.049479, 0.055556]",val,dbscam_euclidean,0,False,True,0.31010082364082336
2220,LGH020002,"[0.50651, 0.610185, 0.006771, 0.033333]",val,dbscam_euclidean,0,False,True,0.4741298258304596
2220,LGH020002,"[0.483594, 0.628704, 0.035937, 0.02963]",val,dbscam_euclidean,0,False,True,0.28787761926651
2220,LGH020002,"[0.724219, 0.623611, 0.042188, 0.023148]",val,dbscam_euclidean,0,False,True,0.33334043622016907
2220,LGH020002,"[0.536979, 0.604167, 0.015625, 0.019444]",val,dbscam_euclidean,0,False,True,0.3938432037830353
2220,LGH020002,"[0.733073, 0.935185, 0.006771, 0.02963]",val,dbscam_euclidean,0,False,True,0.4723975956439972
2220,LGH020002,"[0.532031, 0.537037, 0.056771, 0.031481]",val,dbscam_euclidean,0,False,True,0.2655717134475708
2220,LGH020002,"[0.343229, 0.518056, 0.01875, 0.043519]",val,dbscam_euclidean,0,False,True,0.24264562129974365
2220,LGH020002,"[0.663802, 0.6875, 0.029687, 0.019444]",val,dbscam_euclidean,0,False,True,0.3774392306804657
2220,LGH020002,"[0.681771, 0.751389, 0.019792, 0.058333]",val,dbscam_euclidean,0,False,True,0.2470940798521042
2220,LGH020002,"[0.670052, 0.589352, 0.081771, 0.026852]",val,dbscam_euclidean,0,False,True,0.4355385899543762
2220,LGH020002,"[0.652604, 0.591667, 0.045833, 0.02037]",val,dbscam_euclidean,0,False,True,0.442425400018692
2220,LGH020002,"[0.634115, 0.893981, 0.026562, 0.049074]",val,dbscam_euclidean,0,False,True,0.2754388153553009
2220,LGH020002,"[0.916927, 0.762963, 0.056771, 0.033333]",val,dbscam_euclidean,0,False,True,0.2613895833492279
2220,LGH020002,"[0.317708, 0.096296, 0.057292, 0.192593]",val,dbscam_euclidean,-1,True,False,
2220,LGH020002,"[0.460417, 0.571759, 0.028125, 0.058333]",val,dbscam_euclidean,0,False,True,0.2650459408760071
2220,LGH020002,"[0.326042, 0.396296, 0.038542, 0.033333]",val,dbscam_euclidean,0,False,True,0.26579809188842773
2220,LGH020002,"[0.547917, 0.615278, 0.01875, 0.023148]",val,dbscam_euclidean,0,False,True,0.3877716362476349
2220,LGH020002,"[0.605208, 0.889815, 0.023958, 0.046296]",val,dbscam_euclidean,0,False,True,0.22360263764858246
2220,LGH020002,"[0.695312, 0.728704, 0.045833, 0.101852]",val,dbscam_euclidean,0,False,True,0.46480292081832886
2220,LGH020002,"[0.459367, 0.269093, 0.031638, 0.074993]",val,dbscam_euclidean,0,False,True,0.3470550775527954
2220,LGH020002,"[0.466501, 0.443893, 0.050868, 0.062862]",val,dbscam_euclidean,0,False,True,0.3113585114479065
2220,LGH020002,"[0.402605, 0.360629, 0.03598, 0.039702]",val,dbscam_euclidean,0,False,True,0.28383511304855347
1380,LGH020002,"[0.20026, 0.810185, 0.070312, 0.057407]",val,dbscam_euclidean,0,False,True,0.4197588264942169
1380,LGH020002,"[0.521354, 0.475926, 0.0375, 0.072222]",val,dbscam_euclidean,0,False,True,0.3872098922729492
1380,LGH020002,"[0.021094, 0.534722, 0.042188, 0.026852]",val,dbscam_euclidean,0,False,True,0.29398345947265625
1380,LGH020002,"[0.575781, 0.821296, 0.034896, 0.040741]",val,dbscam_euclidean,0,False,True,0.24476805329322815
1380,LGH020002,"[0.621354, 0.448611, 0.034375, 0.017593]",val,dbscam_euclidean,0,False,True,0.298221617937088
1380,LGH020002,"[0.022917, 0.281481, 0.0375, 0.038889]",val,dbscam_euclidean,0,False,True,0.2195461392402649
1380,LGH020002,"[0.440885, 0.386574, 0.058854, 0.036111]",val,dbscam_euclidean,0,False,True,0.2787552773952484
1380,LGH020002,"[0.186198, 0.554167, 0.065104, 0.076852]",val,dbscam_euclidean,0,False,True,0.4652538597583771
1380,LGH020002,"[0.911458, 0.140741, 0.05, 0.057407]",val,dbscam_euclidean,0,False,True,0.37411531805992126
1380,LGH020002,"[0.982031, 0.774537, 0.034896, 0.049074]",val,dbscam_euclidean,0,False,True,0.3036498427391052
1380,LGH020002,"[0.196615, 0.436574, 0.024479, 0.019444]",val,dbscam_euclidean,0,False,True,0.3580378592014313
1380,LGH020002,"[0.178125, 0.392593, 0.028125, 0.027778]",val,dbscam_euclidean,0,False,True,0.24048388004302979
1380,LGH020002,"[0.563281, 0.488889, 0.028646, 0.018519]",val,dbscam_euclidean,0,False,True,0.2844051122665405
1380,LGH020002,"[0.384115, 0.771759, 0.030729, 0.089815]",val,dbscam_euclidean,0,False,True,0.3673997223377228
1380,LGH020002,"[0.572396, 0.714352, 0.042708, 0.080556]",val,dbscam_euclidean,0,False,True,0.45291927456855774
1380,LGH020002,"[0.796354, 0.237963, 0.05, 0.059259]",val,dbscam_euclidean,0,False,True,0.4063083827495575
1380,LGH020002,"[0.133333, 0.228241, 0.034375, 0.071296]",val,dbscam_euclidean,0,False,True,0.4018951654434204
1380,LGH020002,"[0.63724, 0.672685, 0.040104, 0.021296]",val,dbscam_euclidean,0,False,True,0.2608548104763031
1380,LGH020002,"[0.614323, 0.639815, 0.051562, 0.042593]",val,dbscam_euclidean,0,False,True,0.27710145711898804
1380,LGH020002,"[0.313802, 0.453704, 0.035937, 0.02037]",val,dbscam_euclidean,0,False,True,0.29762089252471924
1380,LGH020002,"[0.115625, 0.942593, 0.142708, 0.112963]",val,dbscam_euclidean,0,False,False,0.6786786913871765
1380,LGH020002,"[0.476302, 0.914815, 0.029687, 0.02963]",val,dbscam_euclidean,0,False,True,0.2273014932870865
1380,LGH020002,"[0.492188, 0.986111, 0.015625, 0.018519]",val,dbscam_euclidean,0,False,True,0.3594735562801361
1380,LGH020002,"[0.083333, 0.438889, 0.058333, 0.02037]",val,dbscam_euclidean,0,False,True,0.3535352051258087
1380,LGH020002,"[0.544531, 0.588426, 0.038021, 0.030556]",val,dbscam_euclidean,0,False,True,0.24029076099395752
1380,LGH020002,"[0.36276, 0.476852, 0.023438, 0.018519]",val,dbscam_euclidean,0,False,True,0.34761619567871094
1380,LGH020002,"[0.37526, 0.732407, 0.022396, 0.031481]",val,dbscam_euclidean,0,False,True,0.22203560173511505
1380,LGH020002,"[0.427344, 0.658796, 0.061979, 0.071296]",val,dbscam_euclidean,0,False,True,0.4302161931991577
1380,LGH020002,"[0.789844, 0.891667, 0.023438, 0.038889]",val,dbscam_euclidean,0,False,True,0.30348965525627136
1380,LGH020002,"[0.69401, 0.775926, 0.028646, 0.022222]",val,dbscam_euclidean,0,False,True,0.28796976804733276
1380,LGH020002,"[0.499479, 0.798148, 0.015625, 0.044444]",val,dbscam_euclidean,0,False,True,0.29856419563293457
1380,LGH020002,"[0.23151, 0.721296, 0.034896, 0.035185]",val,dbscam_euclidean,0,False,True,0.20835836231708527
1380,LGH020002,"[0.3125, 0.952315, 0.015625, 0.021296]",val,dbscam_euclidean,0,False,True,0.4070727825164795
1380,LGH020002,"[0.671615, 0.515741, 0.049479, 0.042593]",val,dbscam_euclidean,0,False,True,0.28434842824935913
1380,LGH020002,"[0.377865, 0.643981, 0.036979, 0.058333]",val,dbscam_euclidean,0,False,True,0.32758408784866333
1380,LGH020002,"[0.816667, 0.406019, 0.028125, 0.030556]",val,dbscam_euclidean,0,False,True,0.22008413076400757
1380,LGH020002,"[0.576823, 0.687037, 0.018229, 0.025926]",val,dbscam_euclidean,0,False,True,0.33272141218185425
1380,LGH020002,"[0.282031, 0.253241, 0.047396, 0.113889]",val,dbscam_euclidean,0,False,False,0.5894739627838135
1380,LGH020002,"[0.429688, 0.573148, 0.036458, 0.027778]",val,dbscam_euclidean,0,False,True,0.21952959895133972
1380,LGH020002,"[0.271875, 0.534259, 0.042708, 0.024074]",val,dbscam_euclidean,0,False,True,0.3122309148311615
1380,LGH020002,"[0.169531, 0.653241, 0.066146, 0.047222]",val,dbscam_euclidean,0,False,True,0.3367686867713928
1380,LGH020002,"[0.336198, 0.746759, 0.011979, 0.013889]",val,dbscam_euclidean,0,False,True,0.37200993299484253
1380,LGH020002,"[0.459896, 0.748148, 0.0125, 0.046296]",val,dbscam_euclidean,0,False,True,0.3375261127948761
1380,LGH020002,"[0.638021, 0.567593, 0.019792, 0.035185]",val,dbscam_euclidean,0,False,True,0.23256264626979828
1380,LGH020002,"[0.647917, 0.549074, 0.0125, 0.02037]",val,dbscam_euclidean,0,False,True,0.39414992928504944
1380,LGH020002,"[0.698698, 0.71713, 0.044271, 0.025]",val,dbscam_euclidean,0,False,True,0.2464393824338913
1380,LGH020002,"[0.501563, 0.960648, 0.013542, 0.026852]",val,dbscam_euclidean,0,False,True,0.3417191803455353
1380,LGH020002,"[0.465365, 0.691204, 0.018229, 0.043519]",val,dbscam_euclidean,0,False,True,0.2250569611787796
1380,LGH020002,"[0.710677, 0.7375, 0.020313, 0.032407]",val,dbscam_euclidean,0,False,True,0.2794063985347748
1380,LGH020002,"[0.385677, 0.985185, 0.041146, 0.027778]",val,dbscam_euclidean,0,False,True,0.26711803674697876
1380,LGH020002,"[0.511198, 0.605093, 0.026562, 0.023148]",val,dbscam_euclidean,0,False,True,0.2880905270576477
1380,LGH020002,"[0.96849, 0.899537, 0.028646, 0.036111]",val,dbscam_euclidean,0,False,True,0.20915323495864868
1380,LGH020002,"[0.691406, 0.507407, 0.009896, 0.012963]",val,dbscam_euclidean,0,False,True,0.40111345052719116
1380,LGH020002,"[0.551042, 0.650463, 0.03125, 0.028704]",val,dbscam_euclidean,0,False,True,0.22937671840190887
1380,LGH020002,"[0.513802, 0.888889, 0.010937, 0.02963]",val,dbscam_euclidean,0,False,True,0.3897050619125366
1380,LGH020002,"[0.49375, 0.873148, 0.063542, 0.048148]",val,dbscam_euclidean,0,False,True,0.31063738465309143
1380,LGH020002,"[0.429688, 0.719907, 0.022917, 0.034259]",val,dbscam_euclidean,0,False,True,0.26326611638069153
1380,LGH020002,"[0.454427, 0.597685, 0.025521, 0.025]",val,dbscam_euclidean,0,False,True,0.21241632103919983
1380,LGH020002,"[0.169531, 0.741204, 0.006771, 0.025]",val,dbscam_euclidean,0,False,True,0.4114112854003906
1380,LGH020002,"[0.917969, 0.740278, 0.055729, 0.09537]",val,dbscam_euclidean,0,False,True,0.5492960214614868
1380,LGH020002,"[0.335417, 0.791667, 0.016667, 0.018519]",val,dbscam_euclidean,0,False,True,0.3574181795120239
1380,LGH020002,"[0.171875, 0.917593, 0.030208, 0.062963]",val,dbscam_euclidean,0,False,True,0.3297680616378784
1380,LGH020002,"[0.977083, 0.910185, 0.044792, 0.055556]",val,dbscam_euclidean,0,False,True,0.3049323856830597
1380,LGH020002,"[0.514062, 0.696759, 0.019792, 0.041667]",val,dbscam_euclidean,0,False,True,0.3126872777938843
1380,LGH020002,"[0.915323, 0.482492, 0.070099, 0.106975]",val,dbscam_euclidean,0,False,True,0.5839637517929077
1380,LGH020002,"[0.302419, 0.029777, 0.030397, 0.057348]",val,dbscam_euclidean,0,False,True,0.36465179920196533
1200,LGH020002,"[0.223177, 0.235648, 0.098437, 0.158333]",val,dbscam_euclidean,-1,True,False,
1200,LGH020002,"[0.669531, 0.594444, 0.069271, 0.038889]",val,dbscam_euclidean,0,False,True,0.321844220161438
1200,LGH020002,"[0.364323, 0.06713, 0.024479, 0.115741]",val,dbscam_euclidean,0,False,True,0.402930349111557
1200,LGH020002,"[0.034896, 0.741204, 0.069792, 0.056481]",val,dbscam_euclidean,0,False,True,0.3784855008125305
1200,LGH020002,"[0.160938, 0.278241, 0.042708, 0.075]",val,dbscam_euclidean,0,False,True,0.44181621074676514
1200,LGH020002,"[0.476042, 0.480556, 0.042708, 0.027778]",val,dbscam_euclidean,0,False,True,0.2529618740081787
1200,LGH020002,"[0.276823, 0.372222, 0.058854, 0.042593]",val,dbscam_euclidean,0,False,True,0.3708016872406006
1200,LGH020002,"[0.448958, 0.827778, 0.032292, 0.112963]",val,dbscam_euclidean,0,False,True,0.45281708240509033
1200,LGH020002,"[0.645833, 0.485185, 0.046875, 0.02963]",val,dbscam_euclidean,0,False,True,0.24554498493671417
1200,LGH020002,"[0.423177, 0.466667, 0.027604, 0.018519]",val,dbscam_euclidean,0,False,True,0.37295788526535034
1200,LGH020002,"[0.510156, 0.505556, 0.049479, 0.022222]",val,dbscam_euclidean,0,False,True,0.3125075101852417
1200,LGH020002,"[0.389062, 0.684259, 0.030208, 0.083333]",val,dbscam_euclidean,0,False,True,0.439785897731781
1200,LGH020002,"[0.605208, 0.530556, 0.048958, 0.038889]",val,dbscam_euclidean,0,False,True,0.25188159942626953
1200,LGH020002,"[0.223698, 0.477778, 0.049479, 0.02037]",val,dbscam_euclidean,0,False,True,0.31045931577682495
1200,LGH020002,"[0.340365, 0.503704, 0.023438, 0.07037]",val,dbscam_euclidean,0,False,True,0.3478863835334778
1200,LGH020002,"[0.296615, 0.435185, 0.056771, 0.040741]",val,dbscam_euclidean,0,False,True,0.29333722591400146
1200,LGH020002,"[0.567708, 0.501852, 0.028125, 0.025926]",val,dbscam_euclidean,0,False,True,0.22467178106307983
1200,LGH020002,"[0.979688, 0.771759, 0.034375, 0.037963]",val,dbscam_euclidean,0,False,True,0.3267742991447449
1200,LGH020002,"[0.396875, 0.553704, 0.059375, 0.035185]",val,dbscam_euclidean,0,False,True,0.2650320529937744
1200,LGH020002,"[0.642448, 0.09537, 0.021354, 0.064815]",val,dbscam_euclidean,0,False,True,0.3463932275772095
1200,LGH020002,"[0.589063, 0.521759, 0.048958, 0.034259]",val,dbscam_euclidean,0,False,True,0.24667111039161682
1200,LGH020002,"[0.454167, 0.309722, 0.015625, 0.052778]",val,dbscam_euclidean,0,False,True,0.2583892047405243
1200,LGH020002,"[0.833594, 0.988889, 0.009896, 0.02037]",val,dbscam_euclidean,0,False,True,0.41255512833595276
1200,LGH020002,"[0.122656, 0.562037, 0.047396, 0.024074]",val,dbscam_euclidean,0,False,True,0.26307815313339233
1200,LGH020002,"[0.3375, 0.309259, 0.03125, 0.053704]",val,dbscam_euclidean,0,False,True,0.30084267258644104
1200,LGH020002,"[0.603385, 0.663426, 0.031771, 0.017593]",val,dbscam_euclidean,0,False,True,0.311367928981781
1200,LGH020002,"[0.33776, 0.69537, 0.050521, 0.02963]",val,dbscam_euclidean,0,False,True,0.22404535114765167
1200,LGH020002,"[0.385156, 0.521296, 0.052604, 0.031481]",val,dbscam_euclidean,0,False,True,0.22848354279994965
1200,LGH020002,"[0.147917, 0.898148, 0.071875, 0.125926]",val,dbscam_euclidean,0,False,True,0.6267279386520386
1200,LGH020002,"[0.430469, 0.613426, 0.027604, 0.060185]",val,dbscam_euclidean,0,False,True,0.3293391764163971
1200,LGH020002,"[0.171354, 0.549074, 0.020833, 0.024074]",val,dbscam_euclidean,0,False,True,0.3002932667732239
1200,LGH020002,"[0.360938, 0.618981, 0.051042, 0.115741]",val,dbscam_euclidean,0,False,True,0.5262481570243835
1200,LGH020002,"[0.028385, 0.340278, 0.036979, 0.030556]",val,dbscam_euclidean,0,False,True,0.276188462972641
1200,LGH020002,"[0.675521, 0.510185, 0.048958, 0.033333]",val,dbscam_euclidean,0,False,True,0.23455199599266052
1200,LGH020002,"[0.555469, 0.478704, 0.014063, 0.016667]",val,dbscam_euclidean,0,False,True,0.37556061148643494
1200,LGH020002,"[0.595052, 0.318056, 0.017188, 0.04537]",val,dbscam_euclidean,0,False,True,0.2813277840614319
1200,LGH020002,"[0.596875, 0.630556, 0.055208, 0.033333]",val,dbscam_euclidean,0,False,True,0.24856990575790405
1200,LGH020002,"[0.038542, 0.538889, 0.077083, 0.114815]",val,dbscam_euclidean,0,False,True,0.6037944555282593
1200,LGH020002,"[0.370052, 0.398611, 0.017188, 0.015741]",val,dbscam_euclidean,0,False,True,0.38643357157707214
1200,LGH020002,"[0.589063, 0.823611, 0.0375, 0.039815]",val,dbscam_euclidean,0,False,True,0.33303093910217285
1200,LGH020002,"[0.6375, 0.678704, 0.048958, 0.02963]",val,dbscam_euclidean,0,False,True,0.27388307452201843
1200,LGH020002,"[0.517708, 0.542593, 0.0375, 0.02037]",val,dbscam_euclidean,0,False,True,0.2608303725719452
1200,LGH020002,"[0.184375, 0.44537, 0.039583, 0.02037]",val,dbscam_euclidean,0,False,True,0.2902393043041229
1200,LGH020002,"[0.520312, 0.5875, 0.053125, 0.032407]",val,dbscam_euclidean,0,False,True,0.326296865940094
1200,LGH020002,"[0.557552, 0.598148, 0.024479, 0.027778]",val,dbscam_euclidean,0,False,True,0.29753512144088745
1200,LGH020002,"[0.466927, 0.601852, 0.043229, 0.027778]",val,dbscam_euclidean,0,False,True,0.2482132762670517
1200,LGH020002,"[0.577344, 0.793056, 0.031771, 0.019444]",val,dbscam_euclidean,0,False,True,0.27701354026794434
1200,LGH020002,"[0.601823, 0.4125, 0.046354, 0.025]",val,dbscam_euclidean,0,False,True,0.2551185190677643
1200,LGH020002,"[0.333594, 0.266667, 0.010937, 0.014815]",val,dbscam_euclidean,0,False,True,0.40303587913513184
1200,LGH020002,"[0.73776, 0.728704, 0.050521, 0.024074]",val,dbscam_euclidean,0,False,True,0.2702193260192871
1200,LGH020002,"[0.19974, 0.774074, 0.024479, 0.025926]",val,dbscam_euclidean,0,False,True,0.24396458268165588
1200,LGH020002,"[0.260156, 0.298611, 0.025521, 0.034259]",val,dbscam_euclidean,0,False,True,0.242918461561203
1200,LGH020002,"[0.641927, 0.598148, 0.014063, 0.031481]",val,dbscam_euclidean,0,False,True,0.322733074426651
1200,LGH020002,"[0.992448, 0.943981, 0.014063, 0.019444]",val,dbscam_euclidean,0,False,True,0.3667699992656708
1200,LGH020002,"[0.271094, 0.756481, 0.054688, 0.033333]",val,dbscam_euclidean,0,False,True,0.23599065840244293
1200,LGH020002,"[0.563281, 0.615741, 0.047396, 0.046296]",val,dbscam_euclidean,0,False,True,0.3312724828720093
1200,LGH020002,"[0.334115, 0.489815, 0.010937, 0.042593]",val,dbscam_euclidean,0,False,True,0.3483700156211853
810,LGH020002,"[0.389583, 0.059259, 0.03125, 0.044444]",val,dbscam_euclidean,0,False,True,0.32846900820732117
810,LGH020002,"[0.969531, 0.843056, 0.059896, 0.037963]",val,dbscam_euclidean,0,False,True,0.3215087354183197
810,LGH020002,"[0.259635, 0.491667, 0.073438, 0.040741]",val,dbscam_euclidean,0,False,True,0.3337881863117218
810,LGH020002,"[0.025521, 0.191204, 0.051042, 0.037963]",val,dbscam_euclidean,0,False,True,0.3052824139595032
810,LGH020002,"[0.776302, 0.19213, 0.030729, 0.034259]",val,dbscam_euclidean,0,False,True,0.2921545207500458
810,LGH020002,"[0.591927, 0.168519, 0.026562, 0.024074]",val,dbscam_euclidean,0,False,True,0.24949176609516144
810,LGH020002,"[0.691406, 0.3875, 0.027604, 0.015741]",val,dbscam_euclidean,0,False,True,0.3467157781124115
810,LGH020002,"[0.834115, 0.955093, 0.080729, 0.087963]",val,dbscam_euclidean,0,False,True,0.5241360664367676
810,LGH020002,"[0.529687, 0.39213, 0.027083, 0.015741]",val,dbscam_euclidean,0,False,True,0.32124629616737366
810,LGH020002,"[0.710417, 0.316204, 0.023958, 0.021296]",val,dbscam_euclidean,0,False,True,0.25425028800964355
810,LGH020002,"[0.898958, 0.275, 0.044792, 0.038889]",val,dbscam_euclidean,0,False,True,0.31467288732528687
810,LGH020002,"[0.113802, 0.29537, 0.025521, 0.02963]",val,dbscam_euclidean,0,False,True,0.2562662363052368
810,LGH020002,"[0.284115, 0.780556, 0.013021, 0.027778]",val,dbscam_euclidean,0,False,True,0.3961111605167389
810,LGH020002,"[0.204687, 0.448611, 0.035417, 0.013889]",val,dbscam_euclidean,0,False,True,0.3172505497932434
810,LGH020002,"[0.159375, 0.774074, 0.107292, 0.061111]",val,dbscam_euclidean,0,False,True,0.489182710647583
810,LGH020002,"[0.12526, 0.645833, 0.083854, 0.069444]",val,dbscam_euclidean,0,False,True,0.45833033323287964
810,LGH020002,"[0.544531, 0.393519, 0.022396, 0.02963]",val,dbscam_euclidean,0,False,True,0.26463600993156433
810,LGH020002,"[0.889583, 0.111574, 0.023958, 0.017593]",val,dbscam_euclidean,0,False,True,0.33941221237182617
810,LGH020002,"[0.526563, 0.485648, 0.0125, 0.019444]",val,dbscam_euclidean,0,False,True,0.3822169005870819
810,LGH020002,"[0.095573, 0.391204, 0.041146, 0.017593]",val,dbscam_euclidean,0,False,True,0.35887548327445984
810,LGH020002,"[0.743229, 0.275463, 0.009375, 0.013889]",val,dbscam_euclidean,0,False,True,0.3590209186077118
810,LGH020002,"[0.289062, 0.495833, 0.014583, 0.032407]",val,dbscam_euclidean,0,False,True,0.33292636275291443
810,LGH020002,"[0.18724, 0.916667, 0.075521, 0.101852]",val,dbscam_euclidean,0,False,True,0.5264306664466858
810,LGH020002,"[0.884635, 0.323611, 0.014063, 0.04537]",val,dbscam_euclidean,0,False,True,0.29459142684936523
810,LGH020002,"[0.601562, 0.794444, 0.036458, 0.033333]",val,dbscam_euclidean,0,False,True,0.329328715801239
810,LGH020002,"[0.848177, 0.337037, 0.025521, 0.024074]",val,dbscam_euclidean,0,False,True,0.26556017994880676
810,LGH020002,"[0.301042, 0.584722, 0.025, 0.023148]",val,dbscam_euclidean,0,False,True,0.3439636826515198
810,LGH020002,"[0.051302, 0.89537, 0.102604, 0.083333]",val,dbscam_euclidean,0,False,True,0.539976179599762
810,LGH020002,"[0.710938, 0.231019, 0.017708, 0.015741]",val,dbscam_euclidean,0,False,True,0.34743404388427734
810,LGH020002,"[0.527344, 0.865741, 0.008854, 0.02037]",val,dbscam_euclidean,0,False,True,0.40572187304496765
810,LGH020002,"[0.0875, 0.818981, 0.016667, 0.021296]",val,dbscam_euclidean,0,False,True,0.3650507628917694
810,LGH020002,"[0.341191, 0.793493, 0.148883, 0.067273]",val,dbscam_euclidean,0,False,False,0.6052396297454834
810,LGH020002,"[0.405087, 0.839813, 0.08933, 0.126827]",val,dbscam_euclidean,0,False,True,0.611985981464386
810,LGH020002,"[0.546216, 0.789082, 0.093672, 0.076096]",val,dbscam_euclidean,0,False,True,0.5294622778892517
810,LGH020002,"[0.667184, 0.803419, 0.062655, 0.054039]",val,dbscam_euclidean,0,False,True,0.34175172448158264
810,LGH020002,"[0.483251, 0.860766, 0.076923, 0.056245]",val,dbscam_euclidean,0,False,True,0.4077785909175873
23149,LGH020002,"[0.340885, 0.080093, 0.082812, 0.100926]",val,dbscam_euclidean,0,False,True,0.4667040705680847
23149,LGH020002,"[0.578906, 0.059722, 0.068229, 0.108333]",val,dbscam_euclidean,0,False,True,0.550778865814209
23149,LGH020002,"[0.083854, 0.035648, 0.055208, 0.071296]",val,dbscam_euclidean,0,False,True,0.3577781617641449
23149,LGH020002,"[0.345313, 0.962037, 0.069792, 0.072222]",val,dbscam_euclidean,0,False,True,0.30207857489585876
23149,LGH020002,"[0.493229, 0.264352, 0.036458, 0.062037]",val,dbscam_euclidean,0,False,True,0.3020031452178955
23149,LGH020002,"[0.771875, 0.874074, 0.04375, 0.083333]",val,dbscam_euclidean,0,False,True,0.3143109083175659
23149,LGH020002,"[0.801823, 0.849074, 0.071354, 0.087037]",val,dbscam_euclidean,0,False,True,0.4188939332962036
23149,LGH020002,"[0.570573, 0.143519, 0.050521, 0.033333]",val,dbscam_euclidean,0,False,True,0.3101842999458313
23149,LGH020002,"[0.352865, 0.886574, 0.034896, 0.100926]",val,dbscam_euclidean,0,False,True,0.30945542454719543
23149,LGH020002,"[0.810937, 0.981019, 0.03125, 0.036111]",val,dbscam_euclidean,0,False,True,0.30107545852661133
23149,LGH020002,"[0.9125, 0.914815, 0.06875, 0.085185]",val,dbscam_euclidean,0,False,True,0.4153100848197937
23149,LGH020002,"[0.48099, 0.583796, 0.025521, 0.065741]",val,dbscam_euclidean,0,False,True,0.2545405328273773
23149,LGH020002,"[0.017708, 0.518519, 0.035417, 0.090741]",val,dbscam_euclidean,0,False,True,0.28944066166877747
23149,LGH020002,"[0.671615, 0.693056, 0.044271, 0.056481]",val,dbscam_euclidean,0,False,True,0.2511180341243744
23149,LGH020002,"[0.154948, 0.5125, 0.103646, 0.108333]",val,dbscam_euclidean,0,False,True,0.5389012098312378
23149,LGH020002,"[0.945573, 0.916667, 0.064062, 0.092593]",val,dbscam_euclidean,0,False,True,0.39667168259620667
23149,LGH020002,"[0.814063, 0.615741, 0.0125, 0.018519]",val,dbscam_euclidean,0,False,True,0.5523707270622253
23149,LGH020002,"[0.620313, 0.420833, 0.025, 0.034259]",val,dbscam_euclidean,0,False,True,0.29176008701324463
23149,LGH020002,"[0.658594, 0.494444, 0.025521, 0.025926]",val,dbscam_euclidean,0,False,True,0.3944041430950165
23149,LGH020002,"[0.38724, 0.431944, 0.049479, 0.034259]",val,dbscam_euclidean,0,False,True,0.2764199376106262
23149,LGH020002,"[0.472396, 0.479167, 0.054167, 0.089815]",val,dbscam_euclidean,0,False,True,0.35691699385643005
23149,LGH020002,"[0.211198, 0.318981, 0.096354, 0.049074]",val,dbscam_euclidean,0,False,True,0.37837308645248413
23149,LGH020002,"[0.363802, 0.148611, 0.102604, 0.082407]",val,dbscam_euclidean,0,False,True,0.4899623990058899
23149,LGH020002,"[0.709896, 0.910185, 0.044792, 0.090741]",val,dbscam_euclidean,0,False,True,0.302665650844574
23149,LGH020002,"[0.478646, 0.169907, 0.017708, 0.063889]",val,dbscam_euclidean,0,False,True,0.3450339734554291
23149,LGH020002,"[0.584115, 0.269444, 0.020313, 0.051852]",val,dbscam_euclidean,0,False,True,0.2888735830783844
23149,LGH020002,"[0.626302, 0.769907, 0.023438, 0.062037]",val,dbscam_euclidean,0,False,True,0.27997252345085144
23149,LGH020002,"[0.448177, 0.778704, 0.051562, 0.103704]",val,dbscam_euclidean,0,False,True,0.3252737522125244
23149,LGH020002,"[0.374219, 0.638889, 0.024479, 0.024074]",val,dbscam_euclidean,0,False,True,0.3928059935569763
23149,LGH020002,"[0.952865, 0.463889, 0.040104, 0.044444]",val,dbscam_euclidean,0,False,True,0.3100176751613617
23149,LGH020002,"[0.323437, 0.553241, 0.084375, 0.112037]",val,dbscam_euclidean,0,False,True,0.49412670731544495
23149,LGH020002,"[0.980469, 0.955093, 0.038021, 0.087963]",val,dbscam_euclidean,0,False,True,0.3279082179069519
23149,LGH020002,"[0.777344, 0.075463, 0.072396, 0.108333]",val,dbscam_euclidean,0,False,True,0.435435026884079
23149,LGH020002,"[0.486719, 0.070833, 0.031771, 0.067593]",val,dbscam_euclidean,0,False,True,0.28403493762016296
23149,LGH020002,"[0.252604, 0.914815, 0.014583, 0.009259]",val,dbscam_euclidean,0,False,True,0.48553773760795593
23149,LGH020002,"[0.270313, 0.464815, 0.090625, 0.087037]",val,dbscam_euclidean,0,False,True,0.39630720019340515
23149,LGH020002,"[0.385156, 0.346759, 0.069271, 0.09537]",val,dbscam_euclidean,0,False,True,0.4515298902988434
23149,LGH020002,"[0.716667, 0.698148, 0.044792, 0.046296]",val,dbscam_euclidean,0,False,True,0.2673723101615906
23149,LGH020002,"[0.588281, 0.814352, 0.047396, 0.073148]",val,dbscam_euclidean,0,False,True,0.2810444235801697
23149,LGH020002,"[0.607812, 0.943056, 0.021875, 0.049074]",val,dbscam_euclidean,0,False,True,0.35846957564353943
23149,LGH020002,"[0.194531, 0.72037, 0.022396, 0.031481]",val,dbscam_euclidean,0,False,True,0.32987043261528015
23149,LGH020002,"[0.966406, 0.1, 0.039062, 0.051852]",val,dbscam_euclidean,0,False,True,0.2771444320678711
23149,LGH020002,"[0.571354, 0.343056, 0.009375, 0.030556]",val,dbscam_euclidean,0,False,True,0.47819197177886963
23149,LGH020002,"[0.590885, 0.468519, 0.011979, 0.05]",val,dbscam_euclidean,0,False,True,0.42594408988952637
23149,LGH020002,"[0.519271, 0.820833, 0.027083, 0.089815]",val,dbscam_euclidean,0,False,True,0.3124254643917084
23149,LGH020002,"[0.313021, 0.516204, 0.011458, 0.025]",val,dbscam_euclidean,0,False,True,0.4716765880584717
23149,LGH020002,"[0.497135, 0.350463, 0.010937, 0.015741]",val,dbscam_euclidean,0,False,True,0.46330884099006653
23149,LGH020002,"[0.326823, 0.606944, 0.011979, 0.056481]",val,dbscam_euclidean,0,False,True,0.41689684987068176
23149,LGH020002,"[0.627604, 0.724537, 0.040625, 0.05463]",val,dbscam_euclidean,0,False,True,0.24741405248641968
23149,LGH020002,"[0.916146, 0.699537, 0.105208, 0.121296]",val,dbscam_euclidean,0,False,True,0.5270228981971741
23149,LGH020002,"[0.554688, 0.852315, 0.041667, 0.084259]",val,dbscam_euclidean,0,False,True,0.2678803503513336
23149,LGH020002,"[0.274219, 0.553241, 0.090104, 0.099074]",val,dbscam_euclidean,0,False,True,0.4572761356830597
23149,LGH020002,"[0.401042, 0.108796, 0.021875, 0.032407]",val,dbscam_euclidean,0,False,True,0.3340602219104767
23149,LGH020002,"[0.032813, 0.865278, 0.065625, 0.091667]",val,dbscam_euclidean,0,False,True,0.40674513578414917
23149,LGH020002,"[0.259896, 0.426852, 0.109375, 0.15]",val,dbscam_euclidean,0,False,False,0.6235032081604004
23149,LGH020002,"[0.160156, 0.932407, 0.035937, 0.05]",val,dbscam_euclidean,0,False,True,0.26113659143447876
23149,LGH020002,"[0.544792, 0.368056, 0.061458, 0.078704]",val,dbscam_euclidean,0,False,True,0.3400261402130127
23149,LGH020002,"[0.252865, 0.373148, 0.096354, 0.042593]",val,dbscam_euclidean,0,False,True,0.3858775794506073
23149,LGH020002,"[0.84349, 0.091204, 0.027604, 0.039815]",val,dbscam_euclidean,0,False,True,0.291231244802475
23149,LGH020002,"[0.619531, 0.735648, 0.056771, 0.128704]",val,dbscam_euclidean,0,False,True,0.47798267006874084
23149,LGH020002,"[0.142448, 0.953241, 0.071354, 0.091667]",val,dbscam_euclidean,0,False,True,0.3975008428096771
23149,LGH020002,"[0.564844, 0.924537, 0.011979, 0.073148]",val,dbscam_euclidean,0,False,True,0.408439576625824
23149,LGH020002,"[0.514583, 0.451389, 0.047917, 0.09537]",val,dbscam_euclidean,0,False,True,0.34496673941612244
23149,LGH020002,"[0.253125, 0.102778, 0.014583, 0.122222]",val,dbscam_euclidean,0,False,True,0.44925960898399353
23149,LGH020002,"[0.269531, 0.969444, 0.047396, 0.059259]",val,dbscam_euclidean,0,False,True,0.28748172521591187
23149,LGH020002,"[0.2625, 0.989352, 0.025, 0.019444]",val,dbscam_euclidean,0,False,True,0.425013929605484
23149,LGH020002,"[0.196354, 0.482407, 0.021875, 0.048148]",val,dbscam_euclidean,0,False,True,0.2855544984340668
23149,LGH020002,"[0.011719, 0.893056, 0.023438, 0.034259]",val,dbscam_euclidean,0,False,True,0.2872334420681
23149,LGH020002,"[0.195573, 0.728704, 0.014063, 0.014815]",val,dbscam_euclidean,0,False,True,0.4667670428752899
23149,LGH020002,"[0.475, 0.539352, 0.013542, 0.04537]",val,dbscam_euclidean,0,False,True,0.424855500459671
23149,LGH020002,"[0.379688, 0.665278, 0.035417, 0.086111]",val,dbscam_euclidean,0,False,True,0.2978159785270691
23149,LGH020002,"[0.975, 0.986574, 0.036458, 0.025]",val,dbscam_euclidean,0,False,True,0.29302626848220825
23149,LGH020002,"[0.407031, 0.314352, 0.007812, 0.032407]",val,dbscam_euclidean,0,False,True,0.4968611001968384
23149,LGH020002,"[0.51875, 0.580093, 0.036458, 0.034259]",val,dbscam_euclidean,0,False,True,0.29254451394081116
23149,LGH020002,"[0.341667, 0.612963, 0.020833, 0.024074]",val,dbscam_euclidean,0,False,True,0.43546822667121887
23149,LGH020002,"[0.389844, 0.381019, 0.021354, 0.026852]",val,dbscam_euclidean,0,False,True,0.44439059495925903
23149,LGH020002,"[0.52474, 0.430093, 0.046354, 0.05463]",val,dbscam_euclidean,0,False,True,0.2518518567085266
23149,LGH020002,"[0.377344, 0.818056, 0.017188, 0.036111]",val,dbscam_euclidean,0,False,True,0.3560507595539093
23149,LGH020002,"[0.12526, 0.979167, 0.033854, 0.039815]",val,dbscam_euclidean,0,False,True,0.2839523255825043
23149,LGH020002,"[0.166146, 0.698611, 0.048958, 0.036111]",val,dbscam_euclidean,0,False,True,0.29149511456489563
23149,LGH020002,"[0.385937, 0.788889, 0.054167, 0.02037]",val,dbscam_euclidean,0,False,True,0.47473716735839844
23149,LGH020002,"[0.684553, 0.264682, 0.041563, 0.052936]",val,dbscam_euclidean,0,False,True,0.27484098076820374
23149,LGH020002,"[0.740074, 0.334712, 0.027295, 0.060656]",val,dbscam_euclidean,0,False,True,0.29480859637260437
23149,LGH020002,"[0.274814, 0.82327, 0.253102, 0.274607]",val,dbscam_euclidean,0,False,False,0.6077395677566528
23149,LGH020002,"[0.501551, 0.639096, 0.066377, 0.076096]",val,dbscam_euclidean,0,False,True,0.3446960151195526
570,LGH020002,"[0.278646, 0.528704, 0.189583, 0.181481]",val,dbscam_euclidean,-1,True,False,
570,LGH020002,"[0.534375, 0.422685, 0.066667, 0.09537]",val,dbscam_euclidean,0,False,True,0.5773943662643433
570,LGH020002,"[0.576823, 0.0875, 0.038021, 0.032407]",val,dbscam_euclidean,0,False,True,0.25475212931632996
570,LGH020002,"[0.560417, 0.219444, 0.033333, 0.02037]",val,dbscam_euclidean,0,False,True,0.2885909676551819
570,LGH020002,"[0.49375, 0.667593, 0.041667, 0.037037]",val,dbscam_euclidean,0,False,True,0.25867417454719543
570,LGH020002,"[0.684896, 0.500926, 0.072917, 0.057407]",val,dbscam_euclidean,0,False,True,0.41707566380500793
570,LGH020002,"[0.502344, 0.545833, 0.049479, 0.026852]",val,dbscam_euclidean,0,False,True,0.23721498250961304
570,LGH020002,"[0.397656, 0.480556, 0.050521, 0.022222]",val,dbscam_euclidean,0,False,True,0.37574049830436707
570,LGH020002,"[0.465104, 0.498148, 0.064583, 0.055556]",val,dbscam_euclidean,0,False,True,0.3899051547050476
570,LGH020002,"[0.123958, 0.460648, 0.036458, 0.069444]",val,dbscam_euclidean,0,False,True,0.3495555818080902
570,LGH020002,"[0.295312, 0.756944, 0.078125, 0.080556]",val,dbscam_euclidean,0,False,True,0.5421422123908997
570,LGH020002,"[0.348438, 0.598611, 0.020833, 0.041667]",val,dbscam_euclidean,0,False,True,0.28841373324394226
570,LGH020002,"[0.523177, 0.081019, 0.020313, 0.019444]",val,dbscam_euclidean,0,False,True,0.32985633611679077
570,LGH020002,"[0.482812, 0.765741, 0.035417, 0.035185]",val,dbscam_euclidean,0,False,True,0.21787986159324646
570,LGH020002,"[0.542969, 0.354167, 0.027604, 0.026852]",val,dbscam_euclidean,0,False,True,0.22701308131217957
570,LGH020002,"[0.421615, 0.562963, 0.061979, 0.040741]",val,dbscam_euclidean,0,False,True,0.3005686104297638
570,LGH020002,"[0.675781, 0.614815, 0.078646, 0.048148]",val,dbscam_euclidean,0,False,True,0.3977365791797638
570,LGH020002,"[0.426563, 0.407407, 0.029167, 0.035185]",val,dbscam_euclidean,0,False,True,0.22820234298706055
570,LGH020002,"[0.388802, 0.200926, 0.049479, 0.059259]",val,dbscam_euclidean,0,False,True,0.3517753779888153
570,LGH020002,"[0.299479, 0.948148, 0.011458, 0.040741]",val,dbscam_euclidean,0,False,True,0.36104223132133484
570,LGH020002,"[0.878646, 0.025463, 0.039583, 0.032407]",val,dbscam_euclidean,0,False,True,0.2719781994819641
570,LGH020002,"[0.628906, 0.496296, 0.028646, 0.027778]",val,dbscam_euclidean,0,False,True,0.34981390833854675
570,LGH020002,"[0.484375, 0.268981, 0.033333, 0.043519]",val,dbscam_euclidean,0,False,True,0.2742904722690582
570,LGH020002,"[0.868229, 0.869907, 0.108333, 0.09537]",val,dbscam_euclidean,0,False,False,0.6235261559486389
570,LGH020002,"[0.223698, 0.79213, 0.081771, 0.100926]",val,dbscam_euclidean,0,False,True,0.5491214394569397
570,LGH020002,"[0.67526, 0.702315, 0.020313, 0.021296]",val,dbscam_euclidean,0,False,True,0.33837318420410156
570,LGH020002,"[0.436719, 0.740278, 0.025521, 0.019444]",val,dbscam_euclidean,0,False,True,0.36011847853660583
570,LGH020002,"[0.690365, 0.745833, 0.017188, 0.041667]",val,dbscam_euclidean,0,False,True,0.25688350200653076
570,LGH020002,"[0.66849, 0.666204, 0.019271, 0.043519]",val,dbscam_euclidean,0,False,True,0.2384490966796875
570,LGH020002,"[0.433854, 0.653241, 0.053125, 0.017593]",val,dbscam_euclidean,0,False,True,0.42239877581596375
570,LGH020002,"[0.515104, 0.21713, 0.021875, 0.052778]",val,dbscam_euclidean,0,False,True,0.33061662316322327
570,LGH020002,"[0.579167, 0.703704, 0.055208, 0.105556]",val,dbscam_euclidean,0,False,True,0.4839117228984833
570,LGH020002,"[0.835156, 0.775463, 0.016146, 0.012037]",val,dbscam_euclidean,0,False,True,0.37111905217170715
570,LGH020002,"[0.567708, 0.716204, 0.03125, 0.078704]",val,dbscam_euclidean,0,False,True,0.3728042244911194
570,LGH020002,"[0.176563, 0.039352, 0.013542, 0.010185]",val,dbscam_euclidean,0,False,True,0.4201372265815735
570,LGH020002,"[0.196875, 0.698611, 0.033333, 0.030556]",val,dbscam_euclidean,0,False,True,0.27953818440437317
570,LGH020002,"[0.354948, 0.572222, 0.038021, 0.02037]",val,dbscam_euclidean,0,False,True,0.366874098777771
570,LGH020002,"[0.432812, 0.413426, 0.016667, 0.023148]",val,dbscam_euclidean,0,False,True,0.36695632338523865
2070,LGH020002,"[0.225, 0.018981, 0.103125, 0.037963]",val,dbscam_euclidean,0,False,True,0.4234025776386261
2070,LGH020002,"[0.728646, 0.6625, 0.041667, 0.026852]",val,dbscam_euclidean,0,False,True,0.3095349073410034
2070,LGH020002,"[0.853906, 0.125463, 0.072396, 0.037963]",val,dbscam_euclidean,0,False,True,0.30981528759002686
2070,LGH020002,"[0.648958, 0.211111, 0.0375, 0.040741]",val,dbscam_euclidean,0,False,True,0.2670930325984955
2070,LGH020002,"[0.065885, 0.068981, 0.131771, 0.137963]",val,dbscam_euclidean,-1,True,False,
2070,LGH020002,"[0.699219, 0.150463, 0.034896, 0.030556]",val,dbscam_euclidean,0,False,True,0.2948465943336487
2070,LGH020002,"[0.627344, 0.510648, 0.052604, 0.091667]",val,dbscam_euclidean,0,False,True,0.4303976595401764
2070,LGH020002,"[0.218229, 0.194907, 0.0625, 0.063889]",val,dbscam_euclidean,0,False,True,0.36018651723861694
2070,LGH020002,"[0.384896, 0.376389, 0.05625, 0.078704]",val,dbscam_euclidean,0,False,True,0.3930107355117798
2070,LGH020002,"[0.652865, 0.271296, 0.009896, 0.014815]",val,dbscam_euclidean,0,False,True,0.44414275884628296
2070,LGH020002,"[0.659635, 0.448148, 0.046354, 0.064815]",val,dbscam_euclidean,0,False,True,0.30277350544929504
2070,LGH020002,"[0.319531, 0.020833, 0.084896, 0.041667]",val,dbscam_euclidean,0,False,True,0.32634496688842773
2070,LGH020002,"[0.346354, 0.325926, 0.017708, 0.114815]",val,dbscam_euclidean,0,False,False,0.45862898230552673
2070,LGH020002,"[0.804427, 0.355093, 0.070312, 0.063889]",val,dbscam_euclidean,0,False,True,0.43698450922966003
2070,LGH020002,"[0.860417, 0.161574, 0.052083, 0.025]",val,dbscam_euclidean,0,False,True,0.3508217930793762
2070,LGH020002,"[0.690104, 0.037963, 0.016667, 0.046296]",val,dbscam_euclidean,0,False,True,0.2643846273422241
2070,LGH020002,"[0.929688, 0.408333, 0.04375, 0.022222]",val,dbscam_euclidean,0,False,True,0.3509286642074585
2070,LGH020002,"[0.255729, 0.464815, 0.032292, 0.027778]",val,dbscam_euclidean,0,False,True,0.3049207031726837
2070,LGH020002,"[0.44349, 0.476389, 0.064062, 0.047222]",val,dbscam_euclidean,0,False,True,0.3924160599708557
2070,LGH020002,"[0.759896, 0.152315, 0.032292, 0.041667]",val,dbscam_euclidean,0,False,True,0.31463125348091125
2070,LGH020002,"[0.8375, 0.334259, 0.032292, 0.02037]",val,dbscam_euclidean,0,False,True,0.3361453711986542
2070,LGH020002,"[0.688542, 0.431019, 0.051042, 0.076852]",val,dbscam_euclidean,0,False,True,0.398112028837204
2070,LGH020002,"[0.791406, 0.281944, 0.042188, 0.028704]",val,dbscam_euclidean,0,False,True,0.2613409161567688
2070,LGH020002,"[0.652604, 0.074074, 0.03125, 0.077778]",val,dbscam_euclidean,0,False,True,0.36594659090042114
2070,LGH020002,"[0.436719, 0.315741, 0.011979, 0.059259]",val,dbscam_euclidean,0,False,True,0.39663639664649963
2070,LGH020002,"[0.408854, 0.20463, 0.060417, 0.051852]",val,dbscam_euclidean,0,False,True,0.3591376543045044
2070,LGH020002,"[0.555729, 0.481019, 0.023958, 0.021296]",val,dbscam_euclidean,0,False,True,0.34628617763519287
2070,LGH020002,"[0.657813, 0.151389, 0.057292, 0.056481]",val,dbscam_euclidean,0,False,True,0.36695295572280884
2070,LGH020002,"[0.859115, 0.031944, 0.067187, 0.063889]",val,dbscam_euclidean,0,False,True,0.3459048271179199
2070,LGH020002,"[0.529687, 0.525, 0.039583, 0.044444]",val,dbscam_euclidean,0,False,True,0.2850169241428375
2070,LGH020002,"[0.711719, 0.382407, 0.072396, 0.055556]",val,dbscam_euclidean,0,False,True,0.36980223655700684
2070,LGH020002,"[0.669271, 0.260185, 0.0125, 0.022222]",val,dbscam_euclidean,0,False,True,0.4255090057849884
2070,LGH020002,"[0.289062, 0.686574, 0.054167, 0.052778]",val,dbscam_euclidean,0,False,True,0.2699618935585022
2070,LGH020002,"[0.346875, 0.051852, 0.015625, 0.027778]",val,dbscam_euclidean,0,False,True,0.34953024983406067
2070,LGH020002,"[0.494531, 0.221759, 0.047396, 0.052778]",val,dbscam_euclidean,0,False,True,0.28928419947624207
2070,LGH020002,"[0.921615, 0.342593, 0.114062, 0.07037]",val,dbscam_euclidean,0,False,True,0.5000643134117126
2070,LGH020002,"[0.411719, 0.175, 0.029687, 0.038889]",val,dbscam_euclidean,0,False,True,0.2530146837234497
2070,LGH020002,"[0.604948, 0.415741, 0.030729, 0.042593]",val,dbscam_euclidean,0,False,True,0.2548312246799469
2070,LGH020002,"[0.850781, 0.723611, 0.007812, 0.034259]",val,dbscam_euclidean,0,False,True,0.4394606947898865
2070,LGH020002,"[0.386198, 0.327778, 0.019271, 0.037037]",val,dbscam_euclidean,0,False,True,0.27289777994155884
2070,LGH020002,"[0.130729, 0.513889, 0.016667, 0.055556]",val,dbscam_euclidean,0,False,True,0.29523882269859314
2070,LGH020002,"[0.511979, 0.124537, 0.01875, 0.037963]",val,dbscam_euclidean,0,False,True,0.27204883098602295
2070,LGH020002,"[0.948177, 0.319444, 0.083854, 0.037037]",val,dbscam_euclidean,0,False,True,0.3403679132461548
2070,LGH020002,"[0.511719, 0.190741, 0.034896, 0.048148]",val,dbscam_euclidean,0,False,True,0.25389838218688965
2070,LGH020002,"[0.383073, 0.106019, 0.023438, 0.030556]",val,dbscam_euclidean,0,False,True,0.2375282198190689
2070,LGH020002,"[0.98099, 0.152778, 0.036979, 0.053704]",val,dbscam_euclidean,0,False,True,0.29807916283607483
2070,LGH020002,"[0.907813, 0.796759, 0.007292, 0.017593]",val,dbscam_euclidean,0,False,True,0.45774346590042114
2070,LGH020002,"[0.758333, 0.298611, 0.027083, 0.036111]",val,dbscam_euclidean,0,False,True,0.22477248311042786
2070,LGH020002,"[0.00625, 0.274074, 0.0125, 0.035185]",val,dbscam_euclidean,0,False,True,0.41484522819519043
2070,LGH020002,"[0.040885, 0.027778, 0.081771, 0.055556]",val,dbscam_euclidean,0,False,True,0.3900218605995178
2070,LGH020002,"[0.549219, 0.453704, 0.014063, 0.016667]",val,dbscam_euclidean,0,False,True,0.4559650123119354
2070,LGH020002,"[0.564583, 0.664815, 0.036458, 0.037037]",val,dbscam_euclidean,0,False,True,0.26092660427093506
2070,LGH020002,"[0.882292, 0.318519, 0.0125, 0.022222]",val,dbscam_euclidean,0,False,True,0.40222588181495667
2070,LGH020002,"[0.834375, 0.396296, 0.009375, 0.014815]",val,dbscam_euclidean,0,False,True,0.4225705862045288
2070,LGH020002,"[0.947396, 0.290278, 0.023958, 0.021296]",val,dbscam_euclidean,0,False,True,0.3512343466281891
2070,LGH020002,"[0.35651, 0.012963, 0.011979, 0.024074]",val,dbscam_euclidean,0,False,True,0.39971885085105896
2070,LGH020002,"[0.339583, 0.251389, 0.022917, 0.050926]",val,dbscam_euclidean,0,False,True,0.241653710603714
2070,LGH020002,"[0.878646, 0.331019, 0.028125, 0.047222]",val,dbscam_euclidean,0,False,True,0.2514924108982086
2070,LGH020002,"[0.985417, 0.989352, 0.028125, 0.019444]",val,dbscam_euclidean,0,False,True,0.33136314153671265
2070,LGH020002,"[0.504948, 0.113889, 0.032813, 0.059259]",val,dbscam_euclidean,0,False,True,0.2728757858276367
2070,LGH020002,"[0.036979, 0.093519, 0.073958, 0.096296]",val,dbscam_euclidean,0,False,True,0.5093206763267517
2070,LGH020002,"[0.101042, 0.051852, 0.060417, 0.103704]",val,dbscam_euclidean,0,False,True,0.47684141993522644
2070,LGH020002,"[0.830645, 0.484698, 0.073201, 0.071685]",val,dbscam_euclidean,0,False,True,0.3875448405742645
2070,LGH020002,"[0.794045, 0.438379, 0.07196, 0.054039]",val,dbscam_euclidean,0,False,True,0.3760402500629425
2070,LGH020002,"[0.968983, 0.42349, 0.059553, 0.052936]",val,dbscam_euclidean,0,False,True,0.259251207113266
2070,LGH020002,"[0.16005, 0.379928, 0.043424, 0.084919]",val,dbscam_euclidean,0,False,True,0.38339921832084656
900,LGH020002,"[0.407292, 0.620833, 0.080208, 0.097222]",val,dbscam_euclidean,0,False,True,0.43577054142951965
900,LGH020002,"[0.129688, 0.342593, 0.117708, 0.092593]",val,dbscam_euclidean,0,False,False,0.5669293999671936
900,LGH020002,"[0.2125, 0.552315, 0.136458, 0.149074]",val,dbscam_euclidean,-1,True,False,
900,LGH020002,"[0.93724, 0.796759, 0.075521, 0.119444]",val,dbscam_euclidean,0,False,True,0.5027756690979004
900,LGH020002,"[0.928906, 0.330093, 0.056771, 0.039815]",val,dbscam_euclidean,0,False,True,0.2965431213378906
900,LGH020002,"[0.860417, 0.699537, 0.078125, 0.108333]",val,dbscam_euclidean,0,False,True,0.49126437306404114
900,LGH020002,"[0.029167, 0.659259, 0.058333, 0.055556]",val,dbscam_euclidean,0,False,True,0.29965171217918396
900,LGH020002,"[0.303906, 0.733796, 0.056771, 0.060185]",val,dbscam_euclidean,0,False,True,0.27813655138015747
900,LGH020002,"[0.598437, 0.550463, 0.042708, 0.10463]",val,dbscam_euclidean,0,False,True,0.3523416519165039
900,LGH020002,"[0.419792, 0.689815, 0.045833, 0.085185]",val,dbscam_euclidean,0,False,True,0.3722098469734192
900,LGH020002,"[0.579948, 0.626389, 0.020313, 0.078704]",val,dbscam_euclidean,0,False,True,0.3214178681373596
900,LGH020002,"[0.923177, 0.961574, 0.041146, 0.065741]",val,dbscam_euclidean,0,False,True,0.2827150523662567
900,LGH020002,"[0.886979, 0.846296, 0.0125, 0.02037]",val,dbscam_euclidean,0,False,True,0.501879870891571
900,LGH020002,"[0.266667, 0.972685, 0.048958, 0.052778]",val,dbscam_euclidean,0,False,True,0.25050854682922363
900,LGH020002,"[0.520833, 0.587963, 0.021875, 0.05]",val,dbscam_euclidean,0,False,True,0.3525905907154083
900,LGH020002,"[0.030729, 0.202778, 0.061458, 0.088889]",val,dbscam_euclidean,0,False,True,0.4011233150959015
900,LGH020002,"[0.559635, 0.686574, 0.019271, 0.05463]",val,dbscam_euclidean,0,False,True,0.37719202041625977
900,LGH020002,"[0.979167, 0.765741, 0.040625, 0.033333]",val,dbscam_euclidean,0,False,True,0.31474387645721436
900,LGH020002,"[0.670052, 0.635648, 0.025521, 0.062037]",val,dbscam_euclidean,0,False,True,0.2755277752876282
900,LGH020002,"[0.486719, 0.676389, 0.058854, 0.058333]",val,dbscam_euclidean,0,False,True,0.35804691910743713
900,LGH020002,"[0.552865, 0.593981, 0.019271, 0.067593]",val,dbscam_euclidean,0,False,True,0.2970830500125885
900,LGH020002,"[0.626563, 0.776852, 0.01875, 0.072222]",val,dbscam_euclidean,0,False,True,0.3800729513168335
900,LGH020002,"[0.175521, 0.431019, 0.034375, 0.049074]",val,dbscam_euclidean,0,False,True,0.2689800262451172
900,LGH020002,"[0.209115, 0.876389, 0.023438, 0.034259]",val,dbscam_euclidean,0,False,True,0.3141043186187744
900,LGH020002,"[0.495833, 0.449074, 0.009375, 0.031481]",val,dbscam_euclidean,0,False,True,0.4633798897266388
900,LGH020002,"[0.726302, 0.848148, 0.023438, 0.033333]",val,dbscam_euclidean,0,False,True,0.3509425222873688
900,LGH020002,"[0.43099, 0.713889, 0.031771, 0.055556]",val,dbscam_euclidean,0,False,True,0.30112171173095703
900,LGH020002,"[0.466667, 0.978704, 0.05625, 0.040741]",val,dbscam_euclidean,0,False,True,0.3280874788761139
900,LGH020002,"[0.472396, 0.734722, 0.077083, 0.100926]",val,dbscam_euclidean,0,False,True,0.41601818799972534
900,LGH020002,"[0.171094, 0.914352, 0.099479, 0.110185]",val,dbscam_euclidean,0,False,True,0.5300315022468567
900,LGH020002,"[0.766406, 0.803241, 0.024479, 0.028704]",val,dbscam_euclidean,0,False,True,0.3876846730709076
900,LGH020002,"[0.401042, 0.83287, 0.034375, 0.080556]",val,dbscam_euclidean,0,False,True,0.2821806073188782
900,LGH020002,"[0.08724, 0.36713, 0.032813, 0.04537]",val,dbscam_euclidean,0,False,True,0.326943963766098
900,LGH020002,"[0.661458, 0.64537, 0.021875, 0.042593]",val,dbscam_euclidean,0,False,True,0.286508172750473
900,LGH020002,"[0.969271, 0.845833, 0.0125, 0.023148]",val,dbscam_euclidean,0,False,True,0.5065889954566956
900,LGH020002,"[0.658073, 0.697222, 0.014063, 0.059259]",val,dbscam_euclidean,0,False,True,0.36468255519866943
900,LGH020002,"[0.44375, 0.764815, 0.020833, 0.042593]",val,dbscam_euclidean,0,False,True,0.40563705563545227
900,LGH020002,"[0.232292, 0.521759, 0.096875, 0.087963]",val,dbscam_euclidean,0,False,True,0.5267247557640076
900,LGH020002,"[0.494531, 0.654167, 0.070312, 0.086111]",val,dbscam_euclidean,0,False,True,0.4583199918270111
900,LGH020002,"[0.66875, 0.741204, 0.007292, 0.026852]",val,dbscam_euclidean,0,False,True,0.49603942036628723
900,LGH020002,"[0.452865, 0.9875, 0.027604, 0.023148]",val,dbscam_euclidean,0,False,True,0.4036383628845215
900,LGH020002,"[0.275781, 0.530556, 0.034896, 0.016667]",val,dbscam_euclidean,0,False,True,0.4061519205570221
900,LGH020002,"[0.588542, 0.536574, 0.023958, 0.076852]",val,dbscam_euclidean,0,False,True,0.2714657187461853
900,LGH020002,"[0.925248, 0.597188, 0.075062, 0.177557]",val,dbscam_euclidean,0,False,True,0.5783334374427795
900,LGH020002,"[0.332506, 0.862972, 0.091811, 0.076096]",val,dbscam_euclidean,0,False,True,0.47745481133461
900,LGH020002,"[0.21464, 0.961125, 0.075682, 0.051833]",val,dbscam_euclidean,0,False,True,0.32764583826065063
1050,LGH020002,"[0.473958, 0.067593, 0.101042, 0.135185]",val,dbscam_euclidean,-1,True,False,
1050,LGH020002,"[0.936719, 0.273611, 0.125521, 0.108333]",val,dbscam_euclidean,-1,True,False,
1050,LGH020002,"[0.929948, 0.415741, 0.124479, 0.057407]",val,dbscam_euclidean,0,False,True,0.4808487296104431
1050,LGH020002,"[0.250781, 0.025926, 0.043229, 0.051852]",val,dbscam_euclidean,0,False,True,0.32064390182495117
1050,LGH020002,"[0.436719, 0.156019, 0.048438, 0.047222]",val,dbscam_euclidean,0,False,True,0.3341507613658905
1050,LGH020002,"[0.442708, 0.243056, 0.04375, 0.065741]",val,dbscam_euclidean,0,False,True,0.356607049703598
1050,LGH020002,"[0.611458, 0.3625, 0.039583, 0.023148]",val,dbscam_euclidean,0,False,True,0.3307739794254303
1050,LGH020002,"[0.488281, 0.289352, 0.092188, 0.093519]",val,dbscam_euclidean,0,False,False,0.5570644736289978
1050,LGH020002,"[0.517708, 0.418056, 0.034375, 0.019444]",val,dbscam_euclidean,0,False,True,0.36771658062934875
1050,LGH020002,"[0.189062, 0.2, 0.051042, 0.064815]",val,dbscam_euclidean,0,False,True,0.3372634947299957
1050,LGH020002,"[0.392708, 0.35787, 0.032292, 0.019444]",val,dbscam_euclidean,0,False,True,0.3278946578502655
1050,LGH020002,"[0.886198, 0.035185, 0.053646, 0.068519]",val,dbscam_euclidean,0,False,True,0.3872564733028412
1050,LGH020002,"[0.880208, 0.15463, 0.091667, 0.087037]",val,dbscam_euclidean,0,False,True,0.5299714207649231
1050,LGH020002,"[0.517448, 0.477778, 0.030729, 0.022222]",val,dbscam_euclidean,0,False,True,0.40307876467704773
1050,LGH020002,"[0.147135, 0.294444, 0.130729, 0.068519]",val,dbscam_euclidean,0,False,True,0.5158833861351013
1050,LGH020002,"[0.391406, 0.40463, 0.052604, 0.048148]",val,dbscam_euclidean,0,False,True,0.2810613512992859
1050,LGH020002,"[0.336719, 0.281944, 0.050521, 0.025]",val,dbscam_euclidean,0,False,True,0.33229711651802063
1050,LGH020002,"[0.054688, 0.415278, 0.109375, 0.063889]",val,dbscam_euclidean,0,False,True,0.5559141635894775
1050,LGH020002,"[0.389323, 0.303241, 0.028646, 0.025]",val,dbscam_euclidean,0,False,True,0.2593938112258911
1050,LGH020002,"[0.338021, 0.05, 0.05625, 0.1]",val,dbscam_euclidean,0,False,True,0.47539496421813965
1050,LGH020002,"[0.248438, 0.432407, 0.047917, 0.027778]",val,dbscam_euclidean,0,False,True,0.3215123116970062
1050,LGH020002,"[0.579948, 0.425, 0.036979, 0.022222]",val,dbscam_euclidean,0,False,True,0.28117838501930237
1050,LGH020002,"[0.704167, 0.341667, 0.053125, 0.074074]",val,dbscam_euclidean,0,False,True,0.36906757950782776
1050,LGH020002,"[0.601562, 0.288889, 0.035417, 0.024074]",val,dbscam_euclidean,0,False,True,0.3029019832611084
1050,LGH020002,"[0.509896, 0.437963, 0.019792, 0.025926]",val,dbscam_euclidean,0,False,True,0.33639705181121826
1050,LGH020002,"[0.786198, 0.331481, 0.023438, 0.07037]",val,dbscam_euclidean,0,False,True,0.3555949926376343
1050,LGH020002,"[0.241927, 0.201389, 0.065104, 0.067593]",val,dbscam_euclidean,0,False,True,0.39566510915756226
1050,LGH020002,"[0.614323, 0.438889, 0.028646, 0.02037]",val,dbscam_euclidean,0,False,True,0.3597300946712494
1050,LGH020002,"[0.660937, 0.505093, 0.0375, 0.026852]",val,dbscam_euclidean,0,False,True,0.3031315803527832
1050,LGH020002,"[0.554427, 0.473148, 0.057813, 0.038889]",val,dbscam_euclidean,0,False,True,0.2908254861831665
1050,LGH020002,"[0.521615, 0.984259, 0.019271, 0.027778]",val,dbscam_euclidean,0,False,True,0.3354248106479645
1050,LGH020002,"[0.876042, 0.815278, 0.019792, 0.025]",val,dbscam_euclidean,0,False,True,0.34550198912620544
1050,LGH020002,"[0.525, 0.334722, 0.051042, 0.052778]",val,dbscam_euclidean,0,False,True,0.3133403956890106
1050,LGH020002,"[0.505469, 0.320833, 0.011979, 0.026852]",val,dbscam_euclidean,0,False,True,0.3930695652961731
1050,LGH020002,"[0.58125, 0.386574, 0.019792, 0.026852]",val,dbscam_euclidean,0,False,True,0.4035365879535675
1050,LGH020002,"[0.174479, 0.018519, 0.015625, 0.037037]",val,dbscam_euclidean,0,False,True,0.28847184777259827
1050,LGH020002,"[0.916146, 0.156944, 0.019792, 0.036111]",val,dbscam_euclidean,0,False,True,0.27601051330566406
1050,LGH020002,"[0.886979, 0.306019, 0.027083, 0.043519]",val,dbscam_euclidean,0,False,True,0.311493456363678
1050,LGH020002,"[0.370833, 0.53287, 0.0125, 0.036111]",val,dbscam_euclidean,0,False,True,0.3715195953845978
1050,LGH020002,"[0.452344, 0.456944, 0.023438, 0.015741]",val,dbscam_euclidean,0,False,True,0.3753763437271118
1050,LGH020002,"[0.852865, 0.177778, 0.032813, 0.037037]",val,dbscam_euclidean,0,False,True,0.27061042189598083
1050,LGH020002,"[0.429427, 0.458796, 0.027604, 0.025]",val,dbscam_euclidean,0,False,True,0.2887282371520996
1050,LGH020002,"[0.748958, 0.777315, 0.009375, 0.017593]",val,dbscam_euclidean,0,False,True,0.42160800099372864
1050,LGH020002,"[0.508854, 0.312963, 0.01875, 0.042593]",val,dbscam_euclidean,0,False,True,0.31089553236961365
1050,LGH020002,"[0.436979, 0.10463, 0.027083, 0.061111]",val,dbscam_euclidean,0,False,True,0.3356022536754608
1050,LGH020002,"[0.327083, 0.025463, 0.033333, 0.050926]",val,dbscam_euclidean,0,False,True,0.31606626510620117
1050,LGH020002,"[0.951923, 0.548663, 0.094913, 0.062862]",val,dbscam_euclidean,0,False,True,0.4550679326057434
1050,LGH020002,"[0.933313, 0.678798, 0.097395, 0.08933]",val,dbscam_euclidean,0,False,True,0.5606817603111267
1440,LGH020002,"[0.151823, 0.076389, 0.145313, 0.152778]",val,dbscam_euclidean,-1,True,False,
1440,LGH020002,"[0.969792, 0.289815, 0.059375, 0.053704]",val,dbscam_euclidean,0,False,True,0.36666369438171387
1440,LGH020002,"[0.807552, 0.298611, 0.066146, 0.056481]",val,dbscam_euclidean,0,False,True,0.3840555250644684
1440,LGH020002,"[0.853385, 0.348148, 0.082812, 0.02963]",val,dbscam_euclidean,0,False,True,0.3564383387565613
1440,LGH020002,"[0.933333, 0.131944, 0.115625, 0.076852]",val,dbscam_euclidean,0,False,False,0.6249533891677856
1440,LGH020002,"[0.906771, 0.255556, 0.092708, 0.061111]",val,dbscam_euclidean,0,False,True,0.4598689079284668
1440,LGH020002,"[0.711719, 0.382407, 0.041146, 0.022222]",val,dbscam_euclidean,0,False,True,0.3670353889465332
1440,LGH020002,"[0.46276, 0.247222, 0.071354, 0.072222]",val,dbscam_euclidean,0,False,True,0.45911404490470886
1440,LGH020002,"[0.341927, 0.444444, 0.043229, 0.040741]",val,dbscam_euclidean,0,False,True,0.23586833477020264
1440,LGH020002,"[0.66224, 0.298611, 0.042188, 0.063889]",val,dbscam_euclidean,0,False,True,0.3513295650482178
1440,LGH020002,"[0.508594, 0.359259, 0.031771, 0.059259]",val,dbscam_euclidean,0,False,True,0.3413635194301605
1440,LGH020002,"[0.341406, 0.325926, 0.057813, 0.109259]",val,dbscam_euclidean,0,False,True,0.4874052107334137
1440,LGH020002,"[0.495833, 0.424537, 0.039583, 0.023148]",val,dbscam_euclidean,0,False,True,0.32657814025878906
1440,LGH020002,"[0.701302, 0.302778, 0.043229, 0.081481]",val,dbscam_euclidean,0,False,True,0.4030713737010956
1440,LGH020002,"[0.430729, 0.087963, 0.034375, 0.125926]",val,dbscam_euclidean,0,False,True,0.44975972175598145
1440,LGH020002,"[0.230208, 0.278704, 0.083333, 0.098148]",val,dbscam_euclidean,0,False,True,0.5334652066230774
1440,LGH020002,"[0.465104, 0.480556, 0.053125, 0.037037]",val,dbscam_euclidean,0,False,True,0.2918839156627655
1440,LGH020002,"[0.198177, 0.524074, 0.050521, 0.053704]",val,dbscam_euclidean,0,False,True,0.33473148941993713
1440,LGH020002,"[0.652604, 0.670833, 0.040625, 0.036111]",val,dbscam_euclidean,0,False,True,0.22646090388298035
1440,LGH020002,"[0.416406, 0.352778, 0.028646, 0.031481]",val,dbscam_euclidean,0,False,True,0.30242449045181274
1440,LGH020002,"[0.378125, 0.057407, 0.034375, 0.114815]",val,dbscam_euclidean,0,False,True,0.4168379604816437
1440,LGH020002,"[0.979427, 0.248611, 0.040104, 0.062037]",val,dbscam_euclidean,0,False,True,0.33628737926483154
1440,LGH020002,"[0.753646, 0.39213, 0.058333, 0.028704]",val,dbscam_euclidean,0,False,True,0.31073999404907227
1440,LGH020002,"[0.461198, 0.385648, 0.071354, 0.058333]",val,dbscam_euclidean,0,False,True,0.38072627782821655
1440,LGH020002,"[0.63151, 0.406481, 0.043229, 0.122222]",val,dbscam_euclidean,0,False,True,0.4574914276599884
1440,LGH020002,"[0.694531, 0.575463, 0.038021, 0.04537]",val,dbscam_euclidean,0,False,True,0.25892868638038635
1440,LGH020002,"[0.460677, 0.526852, 0.020313, 0.025926]",val,dbscam_euclidean,0,False,True,0.369509756565094
1440,LGH020002,"[0.501563, 0.305556, 0.034375, 0.033333]",val,dbscam_euclidean,0,False,True,0.3117164373397827
1440,LGH020002,"[0.579688, 0.309722, 0.038542, 0.030556]",val,dbscam_euclidean,0,False,True,0.2742694020271301
1440,LGH020002,"[0.52526, 0.708333, 0.046354, 0.022222]",val,dbscam_euclidean,0,False,True,0.368547260761261
1440,LGH020002,"[0.31224, 0.395833, 0.023438, 0.036111]",val,dbscam_euclidean,0,False,True,0.2436603307723999
1440,LGH020002,"[0.957031, 0.723148, 0.080729, 0.051852]",val,dbscam_euclidean,0,False,True,0.3870861232280731
1440,LGH020002,"[0.675, 0.397685, 0.028125, 0.04537]",val,dbscam_euclidean,0,False,True,0.2787139117717743
1440,LGH020002,"[0.196354, 0.576389, 0.044792, 0.039815]",val,dbscam_euclidean,0,False,True,0.26892098784446716
1440,LGH020002,"[0.238802, 0.534259, 0.046354, 0.062963]",val,dbscam_euclidean,0,False,True,0.37040281295776367
1440,LGH020002,"[0.585938, 0.387037, 0.048958, 0.044444]",val,dbscam_euclidean,0,False,True,0.32224735617637634
1440,LGH020002,"[0.535937, 0.312963, 0.014583, 0.025926]",val,dbscam_euclidean,0,False,True,0.4203543961048126
1440,LGH020002,"[0.495052, 0.337037, 0.021354, 0.035185]",val,dbscam_euclidean,0,False,True,0.2399238497018814
1440,LGH020002,"[0.645052, 0.474537, 0.026562, 0.030556]",val,dbscam_euclidean,0,False,True,0.25474071502685547
1440,LGH020002,"[0.315365, 0.459722, 0.059896, 0.108333]",val,dbscam_euclidean,0,False,True,0.5349363684654236
1440,LGH020002,"[0.559375, 0.200463, 0.025, 0.039815]",val,dbscam_euclidean,0,False,True,0.26379066705703735
1440,LGH020002,"[0.634115, 0.505556, 0.027604, 0.027778]",val,dbscam_euclidean,0,False,True,0.27922284603118896
1440,LGH020002,"[0.75026, 0.338889, 0.060937, 0.033333]",val,dbscam_euclidean,0,False,True,0.24896174669265747
1440,LGH020002,"[0.401302, 0.399074, 0.035937, 0.022222]",val,dbscam_euclidean,0,False,True,0.31429943442344666
1440,LGH020002,"[0.520052, 0.609259, 0.040104, 0.031481]",val,dbscam_euclidean,0,False,True,0.24757020175457
1440,LGH020002,"[0.328125, 0.950463, 0.014583, 0.050926]",val,dbscam_euclidean,0,False,True,0.3267691135406494
1440,LGH020002,"[0.710417, 0.420833, 0.051042, 0.032407]",val,dbscam_euclidean,0,False,True,0.27327287197113037
1440,LGH020002,"[0.570052, 0.505093, 0.039062, 0.050926]",val,dbscam_euclidean,0,False,True,0.2584086060523987
1440,LGH020002,"[0.39974, 0.358796, 0.016146, 0.080556]",val,dbscam_euclidean,0,False,True,0.3866550624370575
1440,LGH020002,"[0.241667, 0.585648, 0.135417, 0.063889]",val,dbscam_euclidean,0,False,True,0.48733821511268616
1440,LGH020002,"[0.339323, 0.681481, 0.025521, 0.133333]",val,dbscam_euclidean,0,False,True,0.47752007842063904
1440,LGH020002,"[0.355469, 0.992593, 0.020313, 0.012963]",val,dbscam_euclidean,0,False,True,0.4326140582561493
1440,LGH020002,"[0.535677, 0.038426, 0.034896, 0.076852]",val,dbscam_euclidean,0,False,True,0.35594454407691956
1440,LGH020002,"[0.03125, 0.501389, 0.0625, 0.082407]",val,dbscam_euclidean,0,False,True,0.5244150161743164
1440,LGH020002,"[0.43099, 0.316204, 0.011979, 0.017593]",val,dbscam_euclidean,0,False,True,0.46323978900909424
1440,LGH020002,"[0.036458, 0.10787, 0.039583, 0.032407]",val,dbscam_euclidean,0,False,True,0.27599504590034485
1440,LGH020002,"[0.715885, 0.694444, 0.068229, 0.061111]",val,dbscam_euclidean,0,False,True,0.3211291432380676
1440,LGH020002,"[0.180729, 0.734722, 0.0375, 0.036111]",val,dbscam_euclidean,0,False,True,0.24072964489459991
1440,LGH020002,"[0.348177, 0.416667, 0.052604, 0.024074]",val,dbscam_euclidean,0,False,True,0.3752416968345642
1440,LGH020002,"[0.53724, 0.572685, 0.020313, 0.041667]",val,dbscam_euclidean,0,False,True,0.2930414378643036
1440,LGH020002,"[0.708854, 0.774537, 0.047917, 0.052778]",val,dbscam_euclidean,0,False,True,0.26298996806144714
1440,LGH020002,"[0.188542, 0.980093, 0.03125, 0.034259]",val,dbscam_euclidean,0,False,True,0.3394167125225067
1440,LGH020002,"[0.707552, 0.452778, 0.052604, 0.033333]",val,dbscam_euclidean,0,False,True,0.3040432333946228
1440,LGH020002,"[0.311979, 0.668056, 0.046875, 0.04537]",val,dbscam_euclidean,0,False,True,0.2855245769023895
1440,LGH020002,"[0.969271, 0.898611, 0.060417, 0.034259]",val,dbscam_euclidean,0,False,True,0.3225722014904022
1440,LGH020002,"[0.741406, 0.7375, 0.055729, 0.025]",val,dbscam_euclidean,0,False,True,0.3196834921836853
1440,LGH020002,"[0.65026, 0.38287, 0.011979, 0.025]",val,dbscam_euclidean,0,False,True,0.393787145614624
1440,LGH020002,"[0.648438, 0.410648, 0.023958, 0.017593]",val,dbscam_euclidean,0,False,True,0.3808933198451996
1440,LGH020002,"[0.733854, 0.357407, 0.05625, 0.025926]",val,dbscam_euclidean,0,False,True,0.3223370909690857
1440,LGH020002,"[0.360417, 0.200463, 0.030208, 0.113889]",val,dbscam_euclidean,0,False,True,0.37929239869117737
1440,LGH020002,"[0.721875, 0.477315, 0.027083, 0.021296]",val,dbscam_euclidean,0,False,True,0.4102383255958557
1440,LGH020002,"[0.641406, 0.438426, 0.048438, 0.028704]",val,dbscam_euclidean,0,False,True,0.23938359320163727
1440,LGH020002,"[0.527083, 0.385185, 0.027083, 0.040741]",val,dbscam_euclidean,0,False,True,0.2877190411090851
1440,LGH020002,"[0.701562, 0.493056, 0.061458, 0.026852]",val,dbscam_euclidean,0,False,True,0.30473238229751587
1440,LGH020002,"[0.88776, 0.388426, 0.006771, 0.017593]",val,dbscam_euclidean,0,False,True,0.46604111790657043
1440,LGH020002,"[0.960156, 0.841667, 0.026562, 0.02963]",val,dbscam_euclidean,0,False,True,0.3388778269290924
1440,LGH020002,"[0.657552, 0.94213, 0.048438, 0.069444]",val,dbscam_euclidean,0,False,True,0.4214738607406616
1440,LGH020002,"[0.79375, 0.826852, 0.053125, 0.066667]",val,dbscam_euclidean,0,False,True,0.4015716314315796
1440,LGH020002,"[0.357031, 0.791667, 0.014063, 0.05]",val,dbscam_euclidean,0,False,True,0.3588741719722748
1440,LGH020002,"[0.140365, 0.383333, 0.074479, 0.085185]",val,dbscam_euclidean,0,False,True,0.49014347791671753
1440,LGH020002,"[0.627604, 0.339815, 0.048958, 0.051852]",val,dbscam_euclidean,0,False,True,0.35178133845329285
1440,LGH020002,"[0.176563, 0.927315, 0.019792, 0.056481]",val,dbscam_euclidean,0,False,True,0.26865485310554504
1440,LGH020002,"[0.655729, 0.541204, 0.066667, 0.032407]",val,dbscam_euclidean,0,False,True,0.3235255479812622
1440,LGH020002,"[0.29349, 0.510185, 0.036979, 0.038889]",val,dbscam_euclidean,0,False,True,0.24233630299568176
1440,LGH020002,"[0.644792, 0.918981, 0.027083, 0.021296]",val,dbscam_euclidean,0,False,True,0.30751875042915344
1440,LGH020002,"[0.314844, 0.4875, 0.040104, 0.032407]",val,dbscam_euclidean,0,False,True,0.2398221343755722
1440,LGH020002,"[0.267969, 0.491204, 0.041146, 0.019444]",val,dbscam_euclidean,0,False,True,0.32108739018440247
1440,LGH020002,"[0.378385, 0.625926, 0.017188, 0.048148]",val,dbscam_euclidean,0,False,True,0.2964390516281128
1440,LGH020002,"[0.598698, 0.795833, 0.038021, 0.021296]",val,dbscam_euclidean,0,False,True,0.32265254855155945
1440,LGH020002,"[0.046094, 0.515278, 0.034896, 0.015741]",val,dbscam_euclidean,0,False,True,0.35151752829551697
1440,LGH020002,"[0.076042, 0.33287, 0.152083, 0.152778]",val,dbscam_euclidean,-1,True,False,
1440,LGH020002,"[0.264062, 0.291667, 0.015625, 0.018519]",val,dbscam_euclidean,0,False,True,0.4214317798614502
1440,LGH020002,"[0.138802, 0.894907, 0.010937, 0.015741]",val,dbscam_euclidean,0,False,True,0.4417628347873688
1440,LGH020002,"[0.429167, 0.984722, 0.013542, 0.028704]",val,dbscam_euclidean,0,False,True,0.38094374537467957
1440,LGH020002,"[0.807292, 0.868056, 0.035417, 0.065741]",val,dbscam_euclidean,0,False,True,0.3958772122859955
1440,LGH020002,"[0.701042, 0.674537, 0.038542, 0.023148]",val,dbscam_euclidean,0,False,True,0.2913297414779663
1440,LGH020002,"[0.351737, 0.084367, 0.026055, 0.100358]",val,dbscam_euclidean,0,False,True,0.3827252686023712
1770,LGH020002,"[0.258854, 0.029167, 0.057292, 0.047222]",val,dbscam_euclidean,0,False,True,0.3117452561855316
1770,LGH020002,"[0.179427, 0.097222, 0.049479, 0.038889]",val,dbscam_euclidean,0,False,True,0.3160373866558075
1770,LGH020002,"[0.215365, 0.119907, 0.040104, 0.089815]",val,dbscam_euclidean,0,False,True,0.40928977727890015
1770,LGH020002,"[0.76849, 0.126852, 0.020313, 0.02037]",val,dbscam_euclidean,0,False,True,0.3770790994167328
1770,LGH020002,"[0.586979, 0.214352, 0.023958, 0.078704]",val,dbscam_euclidean,0,False,True,0.328709214925766
1770,LGH020002,"[0.309375, 0.646759, 0.047917, 0.089815]",val,dbscam_euclidean,0,False,True,0.41048622131347656
1770,LGH020002,"[0.972135, 0.949074, 0.054688, 0.046296]",val,dbscam_euclidean,0,False,True,0.2734282910823822
1770,LGH020002,"[0.64974, 0.158333, 0.022396, 0.038889]",val,dbscam_euclidean,0,False,True,0.26378804445266724
1770,LGH020002,"[0.370833, 0.742593, 0.015625, 0.046296]",val,dbscam_euclidean,0,False,True,0.2322729378938675
1770,LGH020002,"[0.985938, 0.359722, 0.027083, 0.060185]",val,dbscam_euclidean,0,False,True,0.26706811785697937
1770,LGH020002,"[0.140104, 0.841204, 0.111458, 0.067593]",val,dbscam_euclidean,0,False,True,0.5208436250686646
1770,LGH020002,"[0.811719, 0.213889, 0.046354, 0.018519]",val,dbscam_euclidean,0,False,True,0.3889787197113037
1770,LGH020002,"[0.18724, 0.656944, 0.063021, 0.028704]",val,dbscam_euclidean,0,False,True,0.3365195095539093
1770,LGH020002,"[0.597917, 0.57963, 0.019792, 0.022222]",val,dbscam_euclidean,0,False,True,0.34656375646591187
1770,LGH020002,"[0.322917, 0.188889, 0.03125, 0.024074]",val,dbscam_euclidean,0,False,True,0.2575082778930664
1770,LGH020002,"[0.13151, 0.010185, 0.029687, 0.02037]",val,dbscam_euclidean,0,False,True,0.3333291709423065
1770,LGH020002,"[0.574479, 0.644444, 0.033333, 0.040741]",val,dbscam_euclidean,0,False,True,0.2325933277606964
1770,LGH020002,"[0.622396, 0.681019, 0.013542, 0.017593]",val,dbscam_euclidean,0,False,True,0.42208462953567505
1770,LGH020002,"[0.817708, 0.807407, 0.0375, 0.053704]",val,dbscam_euclidean,0,False,True,0.2683352530002594
1770,LGH020002,"[0.143229, 0.752315, 0.016667, 0.065741]",val,dbscam_euclidean,0,False,True,0.2775261104106903
1770,LGH020002,"[0.933594, 0.306944, 0.065104, 0.086111]",val,dbscam_euclidean,0,False,True,0.4588262438774109
1770,LGH020002,"[0.629427, 0.778241, 0.018229, 0.013889]",val,dbscam_euclidean,0,False,True,0.390829861164093
1770,LGH020002,"[0.017969, 0.9375, 0.035937, 0.049074]",val,dbscam_euclidean,0,False,True,0.2633661925792694
1770,LGH020002,"[0.790365, 0.918519, 0.008854, 0.018519]",val,dbscam_euclidean,0,False,True,0.4270455837249756
1770,LGH020002,"[0.83151, 0.981481, 0.033854, 0.035185]",val,dbscam_euclidean,0,False,True,0.2542990446090698
1770,LGH020002,"[0.51224, 0.827778, 0.045312, 0.048148]",val,dbscam_euclidean,0,False,True,0.27444329857826233
1770,LGH020002,"[0.575, 0.800463, 0.04375, 0.036111]",val,dbscam_euclidean,0,False,True,0.2510145604610443
1770,LGH020002,"[0.545052, 0.344907, 0.018229, 0.04537]",val,dbscam_euclidean,0,False,True,0.24987176060676575
1770,LGH020002,"[0.277604, 0.587037, 0.023958, 0.051852]",val,dbscam_euclidean,0,False,True,0.21198856830596924
1770,LGH020002,"[0.622917, 0.447222, 0.01875, 0.075926]",val,dbscam_euclidean,0,False,True,0.38182589411735535
1770,LGH020002,"[0.360156, 0.685648, 0.028646, 0.047222]",val,dbscam_euclidean,0,False,True,0.2366119921207428
1770,LGH020002,"[0.235677, 0.013426, 0.011979, 0.015741]",val,dbscam_euclidean,0,False,True,0.4083196520805359
1770,LGH020002,"[0.301302, 0.631944, 0.031771, 0.060185]",val,dbscam_euclidean,0,False,True,0.3123379647731781
1770,LGH020002,"[0.972135, 0.975, 0.054688, 0.048148]",val,dbscam_euclidean,0,False,True,0.28414186835289
1770,LGH020002,"[0.652865, 0.828704, 0.034896, 0.018519]",val,dbscam_euclidean,0,False,True,0.33194032311439514
1770,LGH020002,"[0.272396, 0.593519, 0.013542, 0.038889]",val,dbscam_euclidean,0,False,True,0.3580709397792816
1770,LGH020002,"[0.836198, 0.988426, 0.023438, 0.021296]",val,dbscam_euclidean,0,False,True,0.31870725750923157
1770,LGH020002,"[0.326823, 0.6625, 0.016146, 0.017593]",val,dbscam_euclidean,0,False,True,0.39185693860054016
1770,LGH020002,"[0.281328, 0.914806, 0.081266, 0.08933]",val,dbscam_euclidean,0,False,True,0.5244244337081909
1770,LGH020002,"[0.48294, 0.676041, 0.026675, 0.068376]",val,dbscam_euclidean,0,False,True,0.26404261589050293
1770,LGH020002,"[0.511787, 0.914254, 0.073201, 0.083816]",val,dbscam_euclidean,0,False,True,0.4852936565876007
1770,LGH020002,"[0.525434, 0.866832, 0.075682, 0.08161]",val,dbscam_euclidean,0,False,True,0.5058321952819824
23614,LGH020002,"[0.972396, 0.083333, 0.054167, 0.131481]",val,dbscam_euclidean,0,False,True,0.5143734216690063
23614,LGH020002,"[0.447396, 0.9875, 0.046875, 0.023148]",val,dbscam_euclidean,0,False,True,0.3683640658855438
23614,LGH020002,"[0.636979, 0.505556, 0.052083, 0.07037]",val,dbscam_euclidean,0,False,True,0.36964884400367737
23614,LGH020002,"[0.596354, 0.288889, 0.021875, 0.042593]",val,dbscam_euclidean,0,False,True,0.28805774450302124
23614,LGH020002,"[0.516146, 0.07963, 0.035417, 0.025926]",val,dbscam_euclidean,0,False,True,0.32791826128959656
23614,LGH020002,"[0.338021, 0.478704, 0.055208, 0.02963]",val,dbscam_euclidean,0,False,True,0.25282037258148193
23614,LGH020002,"[0.571094, 0.056019, 0.034896, 0.050926]",val,dbscam_euclidean,0,False,True,0.25091883540153503
23614,LGH020002,"[0.442448, 0.530556, 0.027604, 0.02963]",val,dbscam_euclidean,0,False,True,0.37496745586395264
23614,LGH020002,"[0.339583, 0.791204, 0.076042, 0.075]",val,dbscam_euclidean,0,False,True,0.4019668698310852
23614,LGH020002,"[0.426823, 0.327315, 0.073438, 0.060185]",val,dbscam_euclidean,0,False,True,0.32297736406326294
23614,LGH020002,"[0.3125, 0.862963, 0.040625, 0.061111]",val,dbscam_euclidean,0,False,True,0.2811688184738159
23614,LGH020002,"[0.586458, 0.484722, 0.026042, 0.071296]",val,dbscam_euclidean,0,False,True,0.2646414041519165
23614,LGH020002,"[0.64349, 0.338426, 0.038021, 0.050926]",val,dbscam_euclidean,0,False,True,0.21610967814922333
23614,LGH020002,"[0.775781, 0.431944, 0.027604, 0.025]",val,dbscam_euclidean,0,False,True,0.33449387550354004
23614,LGH020002,"[0.629167, 0.122222, 0.022917, 0.077778]",val,dbscam_euclidean,0,False,True,0.3175528645515442
23614,LGH020002,"[0.153646, 0.160185, 0.03125, 0.037037]",val,dbscam_euclidean,0,False,True,0.2019807994365692
23614,LGH020002,"[0.974479, 0.224537, 0.05, 0.037963]",val,dbscam_euclidean,0,False,True,0.2222508192062378
23614,LGH020002,"[0.972135, 0.50463, 0.054688, 0.077778]",val,dbscam_euclidean,0,False,True,0.3466271162033081
23614,LGH020002,"[0.780208, 0.723611, 0.048958, 0.05463]",val,dbscam_euclidean,0,False,True,0.24093328416347504
23614,LGH020002,"[0.429427, 0.768056, 0.038021, 0.023148]",val,dbscam_euclidean,0,False,True,0.39664286375045776
23614,LGH020002,"[0.16276, 0.749537, 0.090104, 0.10463]",val,dbscam_euclidean,0,False,True,0.5486330389976501
23614,LGH020002,"[0.672917, 0.058333, 0.028125, 0.042593]",val,dbscam_euclidean,0,False,True,0.25258466601371765
23614,LGH020002,"[0.211198, 0.66713, 0.067187, 0.039815]",val,dbscam_euclidean,0,False,True,0.2557224631309509
23614,LGH020002,"[0.485417, 0.359259, 0.036458, 0.044444]",val,dbscam_euclidean,0,False,True,0.2081163227558136
23614,LGH020002,"[0.658073, 0.575463, 0.024479, 0.013889]",val,dbscam_euclidean,0,False,True,0.4283902049064636
23614,LGH020002,"[0.294792, 0.343056, 0.041667, 0.032407]",val,dbscam_euclidean,0,False,True,0.2714328169822693
23614,LGH020002,"[0.322656, 0.515741, 0.053646, 0.040741]",val,dbscam_euclidean,0,False,True,0.23906084895133972
23614,LGH020002,"[0.640104, 0.598148, 0.051042, 0.031481]",val,dbscam_euclidean,0,False,True,0.24050776660442352
23614,LGH020002,"[0.426823, 0.720833, 0.041146, 0.056481]",val,dbscam_euclidean,0,False,True,0.24925018846988678
23614,LGH020002,"[0.346354, 0.273611, 0.021875, 0.026852]",val,dbscam_euclidean,0,False,True,0.3760867714881897
23614,LGH020002,"[0.879948, 0.689815, 0.083854, 0.044444]",val,dbscam_euclidean,0,False,True,0.33785519003868103
23614,LGH020002,"[0.955208, 0.647222, 0.088542, 0.02963]",val,dbscam_euclidean,0,False,True,0.3475891947746277
23614,LGH020002,"[0.527344, 0.359259, 0.053646, 0.053704]",val,dbscam_euclidean,0,False,True,0.3302672207355499
23614,LGH020002,"[0.966927, 0.702315, 0.065104, 0.087963]",val,dbscam_euclidean,0,False,True,0.43591734766960144
23614,LGH020002,"[0.8, 0.487963, 0.064583, 0.038889]",val,dbscam_euclidean,0,False,True,0.27589473128318787
23614,LGH020002,"[0.877344, 0.825926, 0.027604, 0.077778]",val,dbscam_euclidean,0,False,True,0.30646127462387085
23614,LGH020002,"[0.433333, 0.431481, 0.0125, 0.016667]",val,dbscam_euclidean,0,False,True,0.45086637139320374
23614,LGH020002,"[0.295833, 0.384259, 0.045833, 0.048148]",val,dbscam_euclidean,0,False,True,0.21941635012626648
23614,LGH020002,"[0.448958, 0.591204, 0.065625, 0.089815]",val,dbscam_euclidean,0,False,True,0.41424569487571716
23614,LGH020002,"[0.488542, 0.467593, 0.038542, 0.085185]",val,dbscam_euclidean,0,False,True,0.3144047260284424
23614,LGH020002,"[0.617448, 0.745833, 0.026562, 0.026852]",val,dbscam_euclidean,0,False,True,0.332883358001709
23614,LGH020002,"[0.94401, 0.965278, 0.110937, 0.050926]",val,dbscam_euclidean,0,False,True,0.5195530652999878
23614,LGH020002,"[0.429948, 0.512963, 0.070312, 0.059259]",val,dbscam_euclidean,0,False,True,0.33207306265830994
23614,LGH020002,"[0.520833, 0.86713, 0.033333, 0.043519]",val,dbscam_euclidean,0,False,True,0.25255826115608215
23614,LGH020002,"[0.689063, 0.578241, 0.05625, 0.075]",val,dbscam_euclidean,0,False,True,0.38950392603874207
23614,LGH020002,"[0.38125, 0.822222, 0.046875, 0.057407]",val,dbscam_euclidean,0,False,True,0.25398826599121094
23614,LGH020002,"[0.867969, 0.475463, 0.075521, 0.039815]",val,dbscam_euclidean,0,False,True,0.2753217816352844
23614,LGH020002,"[0.740365, 0.6875, 0.030729, 0.028704]",val,dbscam_euclidean,0,False,True,0.30361485481262207
23614,LGH020002,"[0.521094, 0.648148, 0.027604, 0.033333]",val,dbscam_euclidean,0,False,True,0.261424720287323
23614,LGH020002,"[0.899479, 0.751389, 0.042708, 0.069444]",val,dbscam_euclidean,0,False,True,0.28297507762908936
23614,LGH020002,"[0.561979, 0.675, 0.023958, 0.02963]",val,dbscam_euclidean,0,False,True,0.37407729029655457
23614,LGH020002,"[0.64349, 0.047685, 0.051562, 0.09537]",val,dbscam_euclidean,0,False,True,0.4449803829193115
23614,LGH020002,"[0.741406, 0.265741, 0.048438, 0.055556]",val,dbscam_euclidean,0,False,True,0.25902438163757324
23614,LGH020002,"[0.166667, 0.175463, 0.057292, 0.069444]",val,dbscam_euclidean,0,False,True,0.28258103132247925
23614,LGH020002,"[0.622135, 0.550926, 0.035937, 0.024074]",val,dbscam_euclidean,0,False,True,0.33358654379844666
23614,LGH020002,"[0.61901, 0.672222, 0.042188, 0.044444]",val,dbscam_euclidean,0,False,True,0.21501153707504272
23614,LGH020002,"[0.497135, 0.736574, 0.048438, 0.078704]",val,dbscam_euclidean,0,False,True,0.3032512366771698
23614,LGH020002,"[0.73776, 0.74213, 0.021354, 0.025]",val,dbscam_euclidean,0,False,True,0.3277339041233063
23614,LGH020002,"[0.338802, 0.499074, 0.020313, 0.018519]",val,dbscam_euclidean,0,False,True,0.3802907168865204
23614,LGH020002,"[0.496615, 0.704167, 0.038021, 0.04537]",val,dbscam_euclidean,0,False,True,0.22277657687664032
23614,LGH020002,"[0.726823, 0.733333, 0.044271, 0.083333]",val,dbscam_euclidean,0,False,True,0.388162225484848
23614,LGH020002,"[0.866146, 0.741204, 0.033333, 0.025]",val,dbscam_euclidean,0,False,True,0.3649449944496155
23614,LGH020002,"[0.784375, 0.200926, 0.059375, 0.118519]",val,dbscam_euclidean,0,False,True,0.49841824173927307
23614,LGH020002,"[0.514062, 0.535648, 0.013542, 0.032407]",val,dbscam_euclidean,0,False,True,0.435602605342865
23614,LGH020002,"[0.713021, 0.884259, 0.013542, 0.062963]",val,dbscam_euclidean,0,False,True,0.43677738308906555
23614,LGH020002,"[0.552344, 0.651852, 0.013021, 0.02963]",val,dbscam_euclidean,0,False,True,0.4294390082359314
23614,LGH020002,"[0.533854, 0.555093, 0.016667, 0.067593]",val,dbscam_euclidean,0,False,True,0.35596275329589844
23614,LGH020002,"[0.585156, 0.744444, 0.040104, 0.046296]",val,dbscam_euclidean,0,False,True,0.2025548219680786
23614,LGH020002,"[0.979948, 0.87963, 0.039062, 0.068519]",val,dbscam_euclidean,0,False,True,0.25520655512809753
23614,LGH020002,"[0.533333, 0.379167, 0.039583, 0.008333]",val,dbscam_euclidean,0,False,True,0.5305195450782776
23614,LGH020002,"[0.322917, 0.456944, 0.026042, 0.039815]",val,dbscam_euclidean,0,False,True,0.2315891534090042
23614,LGH020002,"[0.722135, 0.736574, 0.029687, 0.04537]",val,dbscam_euclidean,0,False,True,0.2726097106933594
23614,LGH020002,"[0.435156, 0.499537, 0.059896, 0.030556]",val,dbscam_euclidean,0,False,True,0.31785741448402405
23614,LGH020002,"[0.751042, 0.653241, 0.036458, 0.034259]",val,dbscam_euclidean,0,False,True,0.21268954873085022
23614,LGH020002,"[0.503125, 0.693519, 0.023958, 0.02963]",val,dbscam_euclidean,0,False,True,0.27802416682243347
23614,LGH020002,"[0.175521, 0.728241, 0.065625, 0.062037]",val,dbscam_euclidean,0,False,True,0.36029908061027527
23614,LGH020002,"[0.33151, 0.443519, 0.043229, 0.066667]",val,dbscam_euclidean,0,False,True,0.27090343832969666
23614,LGH020002,"[0.36901, 0.01713, 0.014063, 0.034259]",val,dbscam_euclidean,0,False,True,0.4241527318954468
23614,LGH020002,"[0.652344, 0.024537, 0.033854, 0.049074]",val,dbscam_euclidean,0,False,True,0.2564351558685303
23614,LGH020002,"[0.459635, 0.577315, 0.042188, 0.062037]",val,dbscam_euclidean,0,False,True,0.23957403004169464
23614,LGH020002,"[0.465625, 0.845833, 0.038542, 0.032407]",val,dbscam_euclidean,0,False,True,0.25983765721321106
23614,LGH020002,"[0.565104, 0.067593, 0.022917, 0.027778]",val,dbscam_euclidean,0,False,True,0.2790987491607666
23614,LGH020002,"[0.906328, 0.554177, 0.094293, 0.080507]",val,dbscam_euclidean,0,False,True,0.5453713536262512
23614,LGH020002,"[0.725496, 0.184174, 0.040323, 0.048525]",val,dbscam_euclidean,0,False,True,0.23849327862262726
23614,LGH020002,"[0.5366, 0.211194, 0.026055, 0.078302]",val,dbscam_euclidean,0,False,True,0.32029107213020325
23614,LGH020002,"[0.067618, 0.422939, 0.022333, 0.056245]",val,dbscam_euclidean,0,False,True,0.24647262692451477
23614,LGH020002,"[0.362593, 0.301075, 0.030397, 0.013234]",val,dbscam_euclidean,0,False,True,0.4056970179080963
23614,LGH020002,"[0.046216, 0.248139, 0.08995, 0.074993]",val,dbscam_euclidean,0,False,True,0.44336873292922974
23614,LGH020002,"[0.505893, 0.588916, 0.041563, 0.046319]",val,dbscam_euclidean,0,False,True,0.2899959683418274
1080,LGH020002,"[0.95599, 0.304167, 0.086979, 0.026852]",val,dbscam_euclidean,0,False,True,0.3188300132751465
1080,LGH020002,"[0.182292, 0.547685, 0.121875, 0.062037]",val,dbscam_euclidean,0,False,False,0.5230108499526978
1080,LGH020002,"[0.136979, 0.112037, 0.078125, 0.103704]",val,dbscam_euclidean,-1,True,False,
1080,LGH020002,"[0.323698, 0.06713, 0.075521, 0.134259]",val,dbscam_euclidean,-1,True,False,
1080,LGH020002,"[0.451042, 0.216204, 0.039583, 0.032407]",val,dbscam_euclidean,0,False,True,0.2850075364112854
1080,LGH020002,"[0.16849, 0.669444, 0.118229, 0.05]",val,dbscam_euclidean,0,False,False,0.5759313106536865
1080,LGH020002,"[0.301563, 0.174537, 0.046875, 0.025]",val,dbscam_euclidean,0,False,True,0.23953646421432495
1080,LGH020002,"[0.473177, 0.361574, 0.051562, 0.056481]",val,dbscam_euclidean,0,False,True,0.3765697181224823
1080,LGH020002,"[0.299479, 0.294444, 0.089583, 0.061111]",val,dbscam_euclidean,0,False,True,0.4066910147666931
1080,LGH020002,"[0.422917, 0.232407, 0.061458, 0.059259]",val,dbscam_euclidean,0,False,True,0.41587182879447937
1080,LGH020002,"[0.388802, 0.321296, 0.082812, 0.066667]",val,dbscam_euclidean,0,False,True,0.5319934487342834
1080,LGH020002,"[0.929688, 0.212037, 0.0625, 0.044444]",val,dbscam_euclidean,0,False,True,0.34033650159835815
1080,LGH020002,"[0.421875, 0.368056, 0.030208, 0.023148]",val,dbscam_euclidean,0,False,True,0.32237327098846436
1080,LGH020002,"[0.678125, 0.275463, 0.017708, 0.015741]",val,dbscam_euclidean,0,False,True,0.32341817021369934
1080,LGH020002,"[0.701042, 0.431019, 0.041667, 0.026852]",val,dbscam_euclidean,0,False,True,0.27977925539016724
1080,LGH020002,"[0.602083, 0.097685, 0.027083, 0.073148]",val,dbscam_euclidean,0,False,True,0.4054136574268341
1080,LGH020002,"[0.939063, 0.259722, 0.0875, 0.037963]",val,dbscam_euclidean,0,False,True,0.37251195311546326
1080,LGH020002,"[0.783854, 0.252315, 0.060417, 0.026852]",val,dbscam_euclidean,0,False,True,0.2575835883617401
1080,LGH020002,"[0.613281, 0.267593, 0.016146, 0.02037]",val,dbscam_euclidean,0,False,True,0.36847856640815735
1080,LGH020002,"[0.511979, 0.343056, 0.027083, 0.023148]",val,dbscam_euclidean,0,False,True,0.30217787623405457
1080,LGH020002,"[0.46875, 0.456944, 0.029167, 0.019444]",val,dbscam_euclidean,0,False,True,0.30680733919143677
1080,LGH020002,"[0.391927, 0.288889, 0.048438, 0.040741]",val,dbscam_euclidean,0,False,True,0.26362377405166626
1080,LGH020002,"[0.869531, 0.133796, 0.070312, 0.049074]",val,dbscam_euclidean,0,False,True,0.3474137783050537
1080,LGH020002,"[0.315365, 0.40463, 0.034896, 0.022222]",val,dbscam_euclidean,0,False,True,0.28819411993026733
1080,LGH020002,"[0.439323, 0.428704, 0.036979, 0.083333]",val,dbscam_euclidean,0,False,True,0.4642505943775177
1080,LGH020002,"[0.498698, 0.478704, 0.054688, 0.05]",val,dbscam_euclidean,0,False,True,0.3607269823551178
1080,LGH020002,"[0.75026, 0.468519, 0.061979, 0.066667]",val,dbscam_euclidean,0,False,True,0.4351223409175873
1080,LGH020002,"[0.555469, 0.450926, 0.024479, 0.018519]",val,dbscam_euclidean,0,False,True,0.3556729555130005
1080,LGH020002,"[0.015104, 0.306944, 0.021875, 0.034259]",val,dbscam_euclidean,0,False,True,0.28882476687431335
1080,LGH020002,"[0.133594, 0.555093, 0.025521, 0.047222]",val,dbscam_euclidean,0,False,True,0.35368719696998596
1080,LGH020002,"[0.457292, 0.481019, 0.014583, 0.017593]",val,dbscam_euclidean,0,False,True,0.38408422470092773
1080,LGH020002,"[0.710677, 0.489352, 0.014063, 0.019444]",val,dbscam_euclidean,0,False,True,0.334529310464859
1080,LGH020002,"[0.433594, 0.431944, 0.010937, 0.015741]",val,dbscam_euclidean,0,False,True,0.3633121848106384
1080,LGH020002,"[0.308594, 0.27037, 0.011979, 0.014815]",val,dbscam_euclidean,0,False,True,0.3607075810432434
1080,LGH020002,"[0.456771, 0.981019, 0.011458, 0.017593]",val,dbscam_euclidean,0,False,True,0.3632984161376953
1080,LGH020002,"[0.415365, 0.45787, 0.022396, 0.023148]",val,dbscam_euclidean,0,False,True,0.3583919107913971
1080,LGH020002,"[0.495833, 0.415278, 0.027083, 0.036111]",val,dbscam_euclidean,0,False,True,0.2822038531303406
1080,LGH020002,"[0.451823, 0.458333, 0.008854, 0.025926]",val,dbscam_euclidean,0,False,True,0.4338618516921997
420,LGH020002,"[0.409375, 0.475926, 0.055208, 0.024074]",val,dbscam_euclidean,0,False,True,0.39406707882881165
420,LGH020002,"[0.527865, 0.410648, 0.043229, 0.060185]",val,dbscam_euclidean,0,False,True,0.3353727459907532
420,LGH020002,"[0.489323, 0.416204, 0.032813, 0.028704]",val,dbscam_euclidean,0,False,True,0.25844234228134155
420,LGH020002,"[0.582812, 0.596296, 0.053125, 0.044444]",val,dbscam_euclidean,0,False,True,0.33352699875831604
420,LGH020002,"[0.523958, 0.674074, 0.044792, 0.064815]",val,dbscam_euclidean,0,False,True,0.3380618691444397
420,LGH020002,"[0.95625, 0.744444, 0.067708, 0.068519]",val,dbscam_euclidean,0,False,True,0.46821916103363037
420,LGH020002,"[0.284635, 0.2875, 0.070312, 0.078704]",val,dbscam_euclidean,0,False,True,0.5111455917358398
420,LGH020002,"[0.405208, 0.811574, 0.009375, 0.023148]",val,dbscam_euclidean,0,False,True,0.35414353013038635
420,LGH020002,"[0.544271, 0.485648, 0.0625, 0.062037]",val,dbscam_euclidean,0,False,True,0.3653460741043091
420,LGH020002,"[0.717448, 0.139815, 0.020313, 0.022222]",val,dbscam_euclidean,0,False,True,0.2856731712818146
420,LGH020002,"[0.682552, 0.289815, 0.046354, 0.033333]",val,dbscam_euclidean,0,False,True,0.29983580112457275
420,LGH020002,"[0.360938, 0.418519, 0.067708, 0.025926]",val,dbscam_euclidean,0,False,True,0.4250330328941345
420,LGH020002,"[0.857812, 0.096296, 0.063542, 0.114815]",val,dbscam_euclidean,0,False,True,0.5295446515083313
420,LGH020002,"[0.457552, 0.366667, 0.057813, 0.035185]",val,dbscam_euclidean,0,False,True,0.3031322956085205
420,LGH020002,"[0.148698, 0.130556, 0.014063, 0.022222]",val,dbscam_euclidean,0,False,True,0.3617495000362396
420,LGH020002,"[0.416406, 0.367593, 0.017188, 0.014815]",val,dbscam_euclidean,0,False,True,0.3838444948196411
420,LGH020002,"[0.677865, 0.585185, 0.022396, 0.02963]",val,dbscam_euclidean,0,False,True,0.27521973848342896
420,LGH020002,"[0.763281, 0.05463, 0.023438, 0.042593]",val,dbscam_euclidean,0,False,True,0.2762119770050049
420,LGH020002,"[0.471354, 0.428704, 0.014583, 0.014815]",val,dbscam_euclidean,0,False,True,0.3961141109466553
420,LGH020002,"[0.394792, 0.349074, 0.019792, 0.027778]",val,dbscam_euclidean,0,False,True,0.30330023169517517
420,LGH020002,"[0.632031, 0.556019, 0.016146, 0.021296]",val,dbscam_euclidean,0,False,True,0.3459441065788269
420,LGH020002,"[0.422135, 0.499537, 0.022396, 0.021296]",val,dbscam_euclidean,0,False,True,0.28887322545051575
420,LGH020002,"[0.654687, 0.794444, 0.032292, 0.055556]",val,dbscam_euclidean,0,False,True,0.2948033809661865
420,LGH020002,"[0.18099, 0.193519, 0.031771, 0.035185]",val,dbscam_euclidean,0,False,True,0.27597856521606445
420,LGH020002,"[0.661719, 0.614815, 0.030729, 0.022222]",val,dbscam_euclidean,0,False,True,0.3849092423915863
420,LGH020002,"[0.649479, 0.82963, 0.029167, 0.033333]",val,dbscam_euclidean,0,False,True,0.25296878814697266
420,LGH020002,"[0.051823, 0.78287, 0.103646, 0.056481]",val,dbscam_euclidean,0,False,True,0.511501133441925
420,LGH020002,"[0.689063, 0.869444, 0.011458, 0.037037]",val,dbscam_euclidean,0,False,True,0.3298466205596924
420,LGH020002,"[0.314323, 0.314352, 0.011979, 0.026852]",val,dbscam_euclidean,0,False,True,0.3716520071029663
420,LGH020002,"[0.441687, 0.704715, 0.042184, 0.061759]",val,dbscam_euclidean,0,False,True,0.3423047363758087
420,LGH020002,"[0.458437, 0.72622, 0.045906, 0.049628]",val,dbscam_euclidean,0,False,True,0.2948223054409027
1590,LGH020002,"[0.028125, 0.051389, 0.05625, 0.102778]",val,dbscam_euclidean,0,False,True,0.4290061593055725
1590,LGH020002,"[0.758854, 0.020833, 0.035417, 0.023148]",val,dbscam_euclidean,0,False,True,0.29663458466529846
1590,LGH020002,"[0.70651, 0.126389, 0.060937, 0.065741]",val,dbscam_euclidean,0,False,True,0.35397785902023315
1590,LGH020002,"[0.698438, 0.34213, 0.070833, 0.047222]",val,dbscam_euclidean,0,False,True,0.2996704578399658
1590,LGH020002,"[0.882812, 0.39213, 0.071875, 0.034259]",val,dbscam_euclidean,0,False,True,0.3201504051685333
1590,LGH020002,"[0.866667, 0.052315, 0.054167, 0.063889]",val,dbscam_euclidean,0,False,True,0.35178929567337036
1590,LGH020002,"[0.823177, 0.207407, 0.051562, 0.031481]",val,dbscam_euclidean,0,False,True,0.3077707290649414
1590,LGH020002,"[0.958333, 0.170833, 0.078125, 0.084259]",val,dbscam_euclidean,0,False,True,0.4808598458766937
1590,LGH020002,"[0.207813, 0.175, 0.023958, 0.018519]",val,dbscam_euclidean,0,False,True,0.3879987597465515
1590,LGH020002,"[0.46224, 0.255093, 0.036979, 0.05463]",val,dbscam_euclidean,0,False,True,0.31017979979515076
1590,LGH020002,"[0.682031, 0.225, 0.029687, 0.051852]",val,dbscam_euclidean,0,False,True,0.3277130722999573
1590,LGH020002,"[0.694792, 0.486574, 0.023958, 0.019444]",val,dbscam_euclidean,0,False,True,0.4436400830745697
1590,LGH020002,"[0.889844, 0.182407, 0.079687, 0.072222]",val,dbscam_euclidean,0,False,True,0.44752344489097595
1590,LGH020002,"[0.269271, 0.056481, 0.076042, 0.112963]",val,dbscam_euclidean,0,False,False,0.5878799557685852
1590,LGH020002,"[0.06276, 0.031019, 0.039062, 0.060185]",val,dbscam_euclidean,0,False,True,0.28961917757987976
1590,LGH020002,"[0.498177, 0.542593, 0.026562, 0.033333]",val,dbscam_euclidean,0,False,True,0.2684014141559601
1590,LGH020002,"[0.245833, 0.44537, 0.078125, 0.025926]",val,dbscam_euclidean,0,False,True,0.38614538311958313
1590,LGH020002,"[0.354687, 0.572685, 0.051042, 0.05463]",val,dbscam_euclidean,0,False,True,0.28137409687042236
1590,LGH020002,"[0.754687, 0.399537, 0.059375, 0.041667]",val,dbscam_euclidean,0,False,True,0.2843617796897888
1590,LGH020002,"[0.558073, 0.585185, 0.032813, 0.022222]",val,dbscam_euclidean,0,False,True,0.3667463958263397
1590,LGH020002,"[0.741667, 0.163426, 0.058333, 0.132407]",val,dbscam_euclidean,0,False,False,0.5181854367256165
1590,LGH020002,"[0.53125, 0.630556, 0.028125, 0.02037]",val,dbscam_euclidean,0,False,True,0.39414817094802856
1590,LGH020002,"[0.545573, 0.35463, 0.041146, 0.038889]",val,dbscam_euclidean,0,False,True,0.27091801166534424
1590,LGH020002,"[0.405208, 0.307407, 0.069792, 0.061111]",val,dbscam_euclidean,0,False,True,0.3792196810245514
1590,LGH020002,"[0.434635, 0.824074, 0.014063, 0.033333]",val,dbscam_euclidean,0,False,True,0.4094766676425934
1590,LGH020002,"[0.398958, 0.461111, 0.034375, 0.027778]",val,dbscam_euclidean,0,False,True,0.2712479829788208
1590,LGH020002,"[0.495052, 0.490278, 0.041146, 0.025]",val,dbscam_euclidean,0,False,True,0.29330572485923767
1590,LGH020002,"[0.626042, 0.088889, 0.030208, 0.027778]",val,dbscam_euclidean,0,False,True,0.28683263063430786
1590,LGH020002,"[0.447917, 0.440278, 0.013542, 0.017593]",val,dbscam_euclidean,0,False,True,0.41428205370903015
1590,LGH020002,"[0.459896, 0.881019, 0.015625, 0.032407]",val,dbscam_euclidean,0,False,True,0.3819439709186554
1590,LGH020002,"[0.880469, 0.878241, 0.063021, 0.108333]",val,dbscam_euclidean,0,False,True,0.5173593163490295
1590,LGH020002,"[0.956771, 0.284259, 0.039583, 0.057407]",val,dbscam_euclidean,0,False,True,0.29293206334114075
1590,LGH020002,"[0.960417, 0.700463, 0.029167, 0.049074]",val,dbscam_euclidean,0,False,True,0.3101328909397125
1590,LGH020002,"[0.530729, 0.565278, 0.01875, 0.032407]",val,dbscam_euclidean,0,False,True,0.32299402356147766
1590,LGH020002,"[0.886979, 0.123148, 0.057292, 0.055556]",val,dbscam_euclidean,0,False,True,0.3084338307380676
1590,LGH020002,"[0.558333, 0.483796, 0.035417, 0.032407]",val,dbscam_euclidean,0,False,True,0.2807614505290985
1590,LGH020002,"[0.713802, 0.088426, 0.030729, 0.056481]",val,dbscam_euclidean,0,False,True,0.3012852966785431
1590,LGH020002,"[0.500781, 0.165278, 0.018229, 0.021296]",val,dbscam_euclidean,0,False,True,0.38192686438560486
1590,LGH020002,"[0.638802, 0.640741, 0.020313, 0.055556]",val,dbscam_euclidean,0,False,True,0.3459551930427551
1590,LGH020002,"[0.729948, 0.107407, 0.014063, 0.027778]",val,dbscam_euclidean,0,False,True,0.3585521876811981
1590,LGH020002,"[0.708333, 0.792593, 0.010417, 0.033333]",val,dbscam_euclidean,0,False,True,0.494702011346817
1590,LGH020002,"[0.695052, 0.551852, 0.020313, 0.044444]",val,dbscam_euclidean,0,False,True,0.2766264081001282
1590,LGH020002,"[0.542969, 0.429167, 0.076563, 0.05463]",val,dbscam_euclidean,0,False,True,0.3657861053943634
1590,LGH020002,"[0.665885, 0.599074, 0.030729, 0.059259]",val,dbscam_euclidean,0,False,True,0.2873782217502594
1590,LGH020002,"[0.558854, 0.882407, 0.033333, 0.059259]",val,dbscam_euclidean,0,False,True,0.3707897663116455
1590,LGH020002,"[0.432292, 0.318056, 0.015625, 0.041667]",val,dbscam_euclidean,0,False,True,0.2824214696884155
1590,LGH020002,"[0.565885, 0.510185, 0.025521, 0.024074]",val,dbscam_euclidean,0,False,True,0.3871714174747467
1590,LGH020002,"[0.278646, 0.074074, 0.05, 0.075926]",val,dbscam_euclidean,0,False,True,0.42723986506462097
1590,LGH020002,"[0.056452, 0.628619, 0.110422, 0.154398]",val,dbscam_euclidean,0,False,False,0.7138364911079407
